n_voxels,volume_ml,elongation,wall_contact_fraction,centroid_wall_distance_mm,compactness,filename,fold,component_id,label
131,0.30608177185058594,14.290146249661722,0.4732824427480916,1.3671875,0.07581018518518519,20251028003-1.nii.gz,holdout,8,0
44521,104.02340888977051,12.458780472525326,0.08555513128635925,6.971315741240136,0.015578243574993631,20251028003-1.nii.gz,holdout,11,0
11,0.025701522827148438,10.170059589955732,0.9090909090909091,0.68359375,0.13095238095238096,20251028003-1.nii.gz,holdout,18,0
268,0.6261825561523438,10.044202160357704,0.3843283582089552,1.5285620939939968,0.09544159544159544,20251028003-1.nii.gz,holdout,26,0
5,0.011682510375976562,50.0,1.0,0.966747552403483,0.20833333333333334,20251028003-1.nii.gz,holdout,29,0
184,0.4299163818359375,9.04350707739659,0.3423913043478261,1.933495104806966,0.07744107744107744,20251028003-1.nii.gz,holdout,32,0
1071,2.5023937225341797,3.9660426994237064,0.5490196078431373,1.933495104806966,0.07781168265039233,20251028003-1.nii.gz,holdout,34,0
17,0.03972053527832031,5.655967935396843,0.8235294117647058,0.966747552403483,0.20238095238095238,20251028003-1.nii.gz,holdout,42,0
7,0.016355514526367188,8.476177151678337,1.0,0.68359375,0.4375,20251028003-1.nii.gz,holdout,44,0
5,0.011682510375976562,50.0,0.0,19.96515098936946,0.4166666666666667,20251028003-1.nii.gz,holdout,47,0
12,0.02803802490234375,50.0,0.0,34.32633718176768,0.75,20251028003-1.nii.gz,holdout,48,0
10050,23.48184585571289,8.636634614577913,0.0445771144278607,8.88671875,0.04720570414001071,20251028003-1.nii.gz,holdout,51,1
123908,289.5112991333008,4.8022059733776485,0.0,38.96484375,0.10457033145557736,20251028003-1.nii.gz,holdout,52,0
40,0.0934600830078125,4.008617115789841,0.0,21.383472213631087,0.4166666666666667,20251028003-1.nii.gz,holdout,53,0
2807,6.558561325073242,3.338738849081306,0.39472746704666906,3.0571241879879936,0.06433351668500184,20251028003-1.nii.gz,holdout,54,0
7,0.016355514526367188,50.0,0.0,31.489863142174666,0.7777777777777778,20251028003-1.nii.gz,holdout,56,0
41,0.09579658508300781,50.0,0.0,29.789279939951893,0.7321428571428571,20251028003-1.nii.gz,holdout,57,0
7,0.016355514526367188,11.26604230373276,1.0,0.68359375,0.35,20251028003-1.nii.gz,holdout,58,0
11,0.025701522827148438,6.040846824083702,0.8181818181818182,0.966747552403483,0.4583333333333333,20251028003-1.nii.gz,holdout,61,0
20,0.04673004150390625,3.9967210226756897,0.8,0.966747552403483,0.3333333333333333,20251028003-1.nii.gz,holdout,62,0
21,0.04906654357910156,50.0,0.0,22.31910039476593,0.75,20251028003-1.nii.gz,holdout,64,0
83,0.19392967224121094,50.0,1.0,2.4647323172117113,0.3688888888888889,20251028003-1.nii.gz,holdout,66,0
121,0.2827167510986328,1.998565955567248,0.0,20.790692242230243,0.4033333333333333,20251028003-1.nii.gz,holdout,70,0
14,0.032711029052734375,50.0,1.0,1.3671875,0.7,20251028003-1.nii.gz,holdout,71,0
6,0.014019012451171875,36.51562372846955,1.0,0.0,0.1,20251028003-1.nii.gz,holdout,72,0
21,0.04906654357910156,50.0,1.0,1.5285620939939968,0.6,20251028003-1.nii.gz,holdout,76,0
43,0.10046958923339844,12.244585455349766,0.6976744186046512,0.0,0.07026143790849673,20251028003-1.nii.gz,holdout,79,0
10,0.023365020751953125,12.261113790538365,1.0,0.966747552403483,0.16666666666666666,20251028003-1.nii.gz,holdout,82,1
8,0.0186920166015625,5.465459502393419,0.875,0.966747552403483,0.5,20251028003-1.nii.gz,holdout,85,0
17,0.03972053527832031,13.015011977065726,0.9411764705882353,0.0,0.0787037037037037,20251028003-1.nii.gz,holdout,86,0
69,0.16121864318847656,17.098890445731914,0.7101449275362319,0.68359375,0.034074074074074076,20251028003-1.nii.gz,holdout,87,1
29,0.06775856018066406,14.047064699917376,1.0,0.68359375,0.06712962962962964,20251028003-1.nii.gz,holdout,91,1
8,0.0186920166015625,50.0,0.75,0.966747552403483,0.6666666666666666,20251028003-1.nii.gz,holdout,94,0
9,0.021028518676757812,50.0,0.0,40.317538634058366,0.75,20251028003-1.nii.gz,holdout,100,0
106,0.24766921997070312,10.663857064688429,0.5377358490566038,2.05078125,0.060227272727272727,20251028003-1.nii.gz,holdout,102,0
6,0.014019012451171875,15.178787396406994,1.0,0.68359375,0.15,20251028003-1.nii.gz,holdout,103,0
29,0.06775856018066406,50.0,0.0,36.101258392803224,0.8285714285714286,20251028003-1.nii.gz,holdout,104,0
33,0.07710456848144531,50.0,0.0,33.89795157846297,0.6875,20251028003-1.nii.gz,holdout,110,0
21,0.04906654357910156,50.0,0.0,16.709620755159285,0.75,20251028003-1.nii.gz,holdout,112,0
10,0.023365020751953125,50.0,0.0,24.485590531509708,1.0,20251028003-1.nii.gz,holdout,114,0
5,0.011682510375976562,50.0,0.0,27.159402293396855,0.8333333333333334,20251028003-1.nii.gz,holdout,120,0
5,0.011682510375976562,50.0,1.0,0.68359375,0.2777777777777778,20251028003-1.nii.gz,holdout,122,0
6,0.014019012451171875,50.0,1.0,0.966747552403483,0.6666666666666666,20251028003-1.nii.gz,holdout,123,0
13,0.030374526977539062,50.0,0.0,42.92238709679267,0.8125,20251028003-1.nii.gz,holdout,125,0
5,0.011682510375976562,11.658718437003152,1.0,0.68359375,0.4166666666666667,20251028003-1.nii.gz,holdout,128,0
9,0.021028518676757812,50.0,0.0,39.20693998600766,0.9,20251028003-1.nii.gz,holdout,130,0
10,0.023365020751953125,17.570297954307378,1.0,0.68359375,0.11904761904761904,20251028003-1.nii.gz,holdout,132,0
9,0.021028518676757812,7.907343757962213,0.8888888888888888,0.0,0.3,20251028003-1.nii.gz,holdout,135,0
14,0.032711029052734375,11.377518194525912,0.8571428571428571,0.966747552403483,0.3888888888888889,20251028003-1.nii.gz,holdout,138,1
178,0.4158973693847656,3.488696439846926,0.0,35.35243114436945,0.2528409090909091,20251028003-1.nii.gz,holdout,140,0
11,0.025701522827148438,50.0,0.0,41.7524086263132,0.9166666666666666,20251028003-1.nii.gz,holdout,145,0
154,0.3598213195800781,3.423154652036895,0.0,30.36403404685604,0.3355119825708061,20251028003-1.nii.gz,holdout,146,0
22,0.051403045654296875,50.0,0.0,31.258964778577045,0.6285714285714286,20251028003-1.nii.gz,holdout,147,0
10,0.023365020751953125,8.05030896060981,0.8,0.966747552403483,0.3125,20251028003-1.nii.gz,holdout,149,0
36,0.08411407470703125,5.497204917844265,0.6666666666666666,1.3671875,0.4,20251028003-1.nii.gz,holdout,151,0
11,0.025701522827148438,7.661380669873658,0.9090909090909091,0.68359375,0.2619047619047619,20251028003-1.nii.gz,holdout,152,0
31158,72.80073165893555,3.8234165047741655,0.27559535271840296,11.6411820860825,0.0396412213740458,20251028003-1.nii.gz,holdout,153,1
110,0.2570152282714844,3.176968510477584,0.0,41.77478698639634,0.2631578947368421,20251028003-1.nii.gz,holdout,154,0
97,0.2266407012939453,9.912765671541399,0.5876288659793815,0.966747552403483,0.20726495726495728,20251028003-1.nii.gz,holdout,155,1
5,0.011682510375976562,50.0,1.0,0.68359375,0.8333333333333334,20251028003-1.nii.gz,holdout,156,0
79,0.1845836639404297,9.498456700502834,0.7341772151898734,0.0,0.0664983164983165,20251028003-1.nii.gz,holdout,158,0
18,0.042057037353515625,50.0,0.1111111111111111,2.05078125,0.32142857142857145,20251028003-1.nii.gz,holdout,160,0
6,0.014019012451171875,50.0,0.0,37.23544067958024,0.5,20251028003-1.nii.gz,holdout,161,0
14,0.032711029052734375,50.0,0.5714285714285714,0.68359375,0.875,20251028003-1.nii.gz,holdout,164,0
25,0.05841255187988281,50.0,1.0,0.0,0.17857142857142858,20251028003-1.nii.gz,holdout,167,0
63,0.1471996307373047,6.063857546012652,0.9523809523809523,0.966747552403483,0.175,20251028003-1.nii.gz,holdout,168,0
1673,3.908967971801758,2.726743771651057,0.0,83.99022508694836,0.3574786324786325,20251028003-1.nii.gz,holdout,170,0
6,0.014019012451171875,50.0,1.0,1.3671875,0.6,20251028003-1.nii.gz,holdout,171,0
266,0.6215095520019531,3.9277368666882957,0.0,25.623369862878747,0.36944444444444446,20251028003-1.nii.gz,holdout,172,0
102,0.23832321166992188,1.9773895047149515,0.8235294117647058,1.5285620939939968,0.2833333333333333,20251028003-1.nii.gz,holdout,176,0
18,0.042057037353515625,13.227085067943063,0.7222222222222222,0.68359375,0.3333333333333333,20251028003-1.nii.gz,holdout,180,1
38,0.08878707885742188,4.146598374387862,0.0,25.541170282399577,0.13194444444444445,20251028003-1.nii.gz,holdout,182,0
35,0.08177757263183594,50.0,0.0,13.131407127547835,0.7291666666666666,20251028003-1.nii.gz,holdout,183,0
60,0.14019012451171875,5.8806071168016345,0.7333333333333333,2.4647323172117113,0.21428571428571427,20251028003-1.nii.gz,holdout,185,0
6,0.014019012451171875,50.0,0.0,7.642810469969985,0.6666666666666666,20251028003-1.nii.gz,holdout,187,0
49,0.11448860168457031,9.237740643646546,0.673469387755102,0.68359375,0.3402777777777778,20251028003-1.nii.gz,holdout,189,1
503,1.1752605438232422,3.9852583633358214,0.1988071570576541,3.41796875,0.22811791383219954,20251028003-1.nii.gz,holdout,190,1
3066,7.163715362548828,5.425667421140135,0.001304631441617743,13.39556159915069,0.31285714285714283,20251028003-1.nii.gz,holdout,191,0
24,0.0560760498046875,7.1005428619879165,0.0,23.818069087125064,0.16666666666666666,20251028003-1.nii.gz,holdout,192,0
5382,12.575054168701172,1.5386965617829271,0.0,54.25210679705393,0.4654903995848469,20251028003-1.nii.gz,holdout,193,0
117,0.27337074279785156,6.194440529686779,0.15384615384615385,2.4647323172117113,0.3482142857142857,20251028003-1.nii.gz,holdout,194,1
11,0.025701522827148438,50.0,0.0,29.27105633163127,0.7333333333333333,20251028003-1.nii.gz,holdout,195,0
143,0.3341197967529297,12.085210887212583,0.6223776223776224,0.68359375,0.12159863945578231,20251028003-1.nii.gz,holdout,198,1
417,0.9743213653564453,3.050577665826021,0.4316546762589928,4.377135709182611,0.139,20251028003-1.nii.gz,holdout,199,0
17,0.03972053527832031,3.556518012523979,0.8235294117647058,0.966747552403483,0.3541666666666667,20251028003-1.nii.gz,holdout,201,0
123,0.28738975524902344,4.384146379103832,0.6260162601626016,0.68359375,0.1921875,20251028003-1.nii.gz,holdout,204,0
9,0.021028518676757812,50.0,0.0,32.99357126212478,0.6,20251028003-1.nii.gz,holdout,205,0
5,0.011682510375976562,50.0,0.0,46.161538143347926,0.625,20251028003-1.nii.gz,holdout,206,0
56,0.1308441162109375,6.404956640918563,0.8928571428571429,2.4647323172117113,0.24561403508771928,20251028003-1.nii.gz,holdout,208,0
55,0.1285076141357422,15.25902120330516,0.7454545454545455,0.0,0.10073260073260074,20251028003-1.nii.gz,holdout,209,1
96,0.22430419921875,3.8803950323210787,0.9375,1.3671875,0.14545454545454545,20251028003-1.nii.gz,holdout,210,0
23,0.05373954772949219,50.0,0.0,2.05078125,0.8214285714285714,20251028003-1.nii.gz,holdout,211,0
15,0.03504753112792969,2.98676012940274,0.0,22.605141708041227,0.25,20251028003-1.nii.gz,holdout,213,0
8,0.0186920166015625,50.0,0.0,1.3671875,0.5,20251028003-1.nii.gz,holdout,214,0
33,0.07710456848144531,50.0,0.0,65.74412550990773,0.6875,20251028003-1.nii.gz,holdout,216,0
82,0.19159317016601562,14.66951903870136,0.5365853658536586,1.5285620939939968,0.03037037037037037,20251028003-1.nii.gz,holdout,217,0
958,2.2383689880371094,5.028261522574916,0.0,34.49944736203948,0.1236288553361724,20251028003-1.nii.gz,holdout,219,0
23,0.05373954772949219,11.349193746421896,0.0,18.876334237947137,0.19166666666666668,20251028003-1.nii.gz,holdout,222,0
342,0.7990837097167969,4.891972642881795,0.0,8.231558794096296,0.36538461538461536,20251028003-1.nii.gz,holdout,223,0
46,0.10747909545898438,2.9577208267286568,0.3695652173913043,2.05078125,0.27380952380952384,20251028003-1.nii.gz,holdout,225,0
12,0.02803802490234375,50.0,0.0,15.9805852400423,0.75,20251028003-1.nii.gz,holdout,227,0
79,0.1845836639404297,8.156295476426696,0.6455696202531646,0.68359375,0.13277310924369748,20251028003-1.nii.gz,holdout,229,0
11,0.025701522827148438,18.67817190437792,1.0,0.68359375,0.12222222222222222,20251028003-1.nii.gz,holdout,231,1
6,0.014019012451171875,50.0,0.0,10.6122287962715,1.0,20251028003-1.nii.gz,holdout,232,0
31,0.07243156433105469,50.0,1.0,1.933495104806966,0.6458333333333334,20251028003-1.nii.gz,holdout,233,0
28,0.06542205810546875,50.0,0.0,8.386187468617015,0.7,20251028003-1.nii.gz,holdout,236,0
115,0.26869773864746094,3.015888491888969,0.8608695652173913,0.68359375,0.12609649122807018,20251028003-1.nii.gz,holdout,241,0
36,0.08411407470703125,11.267001424241926,0.75,0.68359375,0.11538461538461539,20251028003-1.nii.gz,holdout,242,1
7,0.016355514526367188,9.86535500614462,0.8571428571428571,0.966747552403483,0.19444444444444445,20251028003-1.nii.gz,holdout,243,0
28,0.06542205810546875,4.425392050103568,0.0,53.85008963149748,0.4,20251028003-1.nii.gz,holdout,244,0
18,0.042057037353515625,50.0,1.0,2.4647323172117113,0.6,20251028003-1.nii.gz,holdout,245,0
98,0.22897720336914062,2.7459248818218818,0.826530612244898,2.05078125,0.24019607843137256,20251028003-1.nii.gz,holdout,253,0
3469,8.105325698852539,50.0,0.05448255981550879,3.41796875,0.00943319265576053,20251028003-1.nii.gz,holdout,256,0
29,0.06775856018066406,50.0,1.0,0.68359375,0.3717948717948718,20251028003-1.nii.gz,holdout,259,0
12,0.02803802490234375,50.0,0.0,14.092646181310363,0.75,20251028003-1.nii.gz,holdout,261,0
14,0.032711029052734375,5.282496822908777,0.0,8.001259704593494,0.4666666666666667,20251028003-1.nii.gz,holdout,262,0
91,0.21262168884277344,7.912552873774021,0.5934065934065934,1.3671875,0.14942528735632185,20251028003-1.nii.gz,holdout,267,0
9,0.021028518676757812,50.0,1.0,1.3671875,0.9,20251028003-1.nii.gz,holdout,269,0
3033,7.086610794067383,2.2876053544303714,0.0,28.62928173575226,0.32700808625336925,20251028003-1.nii.gz,holdout,271,0
307,0.7173061370849609,9.150633451142971,0.7361563517915309,1.933495104806966,0.0374755859375,20251028003-1.nii.gz,holdout,276,0
6,0.014019012451171875,50.0,0.0,2.161713244255728,0.5,20251028003-1.nii.gz,holdout,277,0
20,0.04673004150390625,16.05812427617161,1.0,0.68359375,0.17857142857142858,20251028003-1.nii.gz,holdout,280,0
73,0.1705646514892578,2.1328619452729756,0.0,9.66747552403483,0.365,20251028003-1.nii.gz,holdout,281,0
6,0.014019012451171875,50.0,0.8333333333333334,0.68359375,0.6,20251028003-1.nii.gz,holdout,282,0
5,0.011682510375976562,50.0,1.0,0.68359375,0.2,20251028003-1.nii.gz,holdout,285,0
142,0.3317832946777344,3.235898203558997,0.0,10.367102133220499,0.17794486215538846,20251028003-1.nii.gz,holdout,290,0
82,0.19159317016601562,9.606578783716055,0.6951219512195121,0.966747552403483,0.22777777777777777,20251028003-1.nii.gz,holdout,296,0
5,0.011682510375976562,50.0,1.0,0.68359375,0.3125,20251028003-1.nii.gz,holdout,297,0
6,0.014019012451171875,50.0,1.0,0.68359375,0.12,20251028003-1.nii.gz,holdout,299,0
14,0.032711029052734375,34.90599045901854,0.9285714285714286,0.68359375,0.1,20251028003-1.nii.gz,holdout,300,0
5,0.011682510375976562,50.0,1.0,0.68359375,0.3125,20251028003-1.nii.gz,holdout,302,0
24,0.0560760498046875,50.0,0.08333333333333333,3.41796875,0.48,20251028003-1.nii.gz,holdout,306,0
18,0.042057037353515625,50.0,0.0,19.262308520554217,0.75,20251028003-1.nii.gz,holdout,308,0
61,0.14252662658691406,4.575242228320259,0.0,18.727209863784477,0.18154761904761904,20251028003-1.nii.gz,holdout,309,0
9,0.021028518676757812,50.0,0.0,28.346472292951695,0.5625,20251028003-1.nii.gz,holdout,310,0
23,0.05373954772949219,11.246115251103499,0.7391304347826086,0.0,0.13690476190476192,20251028003-1.nii.gz,holdout,314,0
6,0.014019012451171875,50.0,1.0,0.68359375,0.3333333333333333,20251028003-1.nii.gz,holdout,320,0
25,0.05841255187988281,10.189159888078557,0.88,0.0,0.06944444444444445,20251028003-1.nii.gz,holdout,321,0
22,0.051403045654296875,7.219532365610044,0.6818181818181818,0.966747552403483,0.3055555555555556,20251028003-1.nii.gz,holdout,324,0
23,0.05373954772949219,50.0,0.0,6.114248375975987,0.7666666666666667,20251028003-1.nii.gz,holdout,326,0
17,0.03972053527832031,50.0,1.0,0.966747552403483,0.85,20251028003-1.nii.gz,holdout,329,0
5,0.011682510375976562,50.0,0.0,18.469686055223452,0.5555555555555556,20251028003-1.nii.gz,holdout,333,0
20,0.04673004150390625,50.0,0.0,42.76423274245408,0.7142857142857143,20251028003-1.nii.gz,holdout,339,0
21,0.04906654357910156,50.0,0.0,18.727209863784477,0.65625,20251028003-1.nii.gz,holdout,346,0
6,0.014019012451171875,50.0,1.0,0.68359375,0.25,20251028003-1.nii.gz,holdout,350,0
5,0.011682510375976562,50.0,0.0,1.5285620939939968,0.5,20251028003-1.nii.gz,holdout,363,0
6,0.014019012451171875,50.0,0.0,1.933495104806966,0.3333333333333333,20251028003-1.nii.gz,holdout,368,0
55,0.1285076141357422,18.251104241947672,0.8,1.3671875,0.09821428571428571,20251028003-1.nii.gz,holdout,369,0
81,0.299102783203125,18.202668294215137,0.8024691358024691,1.71875,0.026470588235294117,20251028006-1.nii.gz,train,2,0
7,0.025848388671875,7.917065558911265,0.8571428571428571,1.2153397801643786,0.19444444444444445,20251028006-1.nii.gz,train,4,0
15,0.055389404296875,11.990515733436249,1.0,0.859375,0.1111111111111111,20251028006-1.nii.gz,train,6,0
32225,118.99490356445312,12.081133192537738,0.08859581070597362,6.544805012851796,0.025165714964014395,20251028006-1.nii.gz,train,8,0
172,0.6351318359375,8.127007260384481,0.32558139534883723,0.859375,0.11944444444444445,20251028006-1.nii.gz,train,11,1
12221,45.127593994140625,6.1710892837482785,0.12928565583831111,3.646019340493136,0.04405551550108147,20251028006-1.nii.gz,train,12,1
46,0.16986083984375,9.763289817994917,0.15217391304347827,3.4375,0.1393939393939394,20251028006-1.nii.gz,train,18,0
22,0.08123779296875,18.577560311147042,0.9545454545454546,0.859375,0.08058608058608059,20251028006-1.nii.gz,train,19,0
97,0.358184814453125,4.897077744025394,0.38144329896907214,1.71875,0.17572463768115942,20251028006-1.nii.gz,train,20,0
315,1.163177490234375,8.15159621681631,0.9238095238095239,0.0,0.09528130671506352,20251028006-1.nii.gz,train,21,0
31,0.114471435546875,50.0,0.0,15.03292285389804,0.7045454545454546,20251028006-1.nii.gz,train,23,0
10,0.03692626953125,5.604473930428325,0.8,0.859375,0.23809523809523808,20251028006-1.nii.gz,train,24,0
111,0.409881591796875,4.528927225425434,0.46846846846846846,0.0,0.10511363636363637,20251028006-1.nii.gz,train,25,0
66,0.24371337890625,4.327954478832654,0.0,11.204879133942052,0.275,20251028006-1.nii.gz,train,26,0
731,2.699310302734375,2.4030997737151045,0.0,24.591511373655443,0.4210829493087558,20251028006-1.nii.gz,train,28,0
80,0.29541015625,1.9610496712436754,0.375,1.2153397801643786,0.20202020202020202,20251028006-1.nii.gz,train,29,0
14,0.05169677734375,50.0,1.0,1.2153397801643786,0.3333333333333333,20251028006-1.nii.gz,train,30,0
2068,7.6363525390625,2.560111525557219,0.3921663442940039,4.3819698944938,0.07204570791527314,20251028006-1.nii.gz,train,31,0
14,0.05169677734375,9.701717498808826,0.8571428571428571,0.859375,0.07291666666666667,20251028006-1.nii.gz,train,32,0
224,0.8271484375,12.09150785271833,0.48660714285714285,0.0,0.1111111111111111,20251028006-1.nii.gz,train,33,0
2259,8.341644287109375,15.721643079707546,0.31341301460823373,0.859375,0.026185839476978716,20251028006-1.nii.gz,train,34,1
8,0.029541015625,4.369098448960563,1.0,1.2153397801643786,0.3333333333333333,20251028006-1.nii.gz,train,35,0
5,0.018463134765625,50.0,1.0,0.859375,0.18518518518518517,20251028006-1.nii.gz,train,37,0
57,0.210479736328125,5.072339590635193,0.3684210526315789,1.2153397801643786,0.30158730158730157,20251028006-1.nii.gz,train,39,0
846,3.12396240234375,1.987108874287,0.0,11.199975585910892,0.47,20251028006-1.nii.gz,train,40,0
8,0.029541015625,50.0,0.375,5.073315029704443,0.6666666666666666,20251028006-1.nii.gz,train,41,0
16,0.05908203125,5.649696363682726,0.0,15.738649183618014,0.32,20251028006-1.nii.gz,train,42,0
38,0.14031982421875,9.864024878539816,0.7105263157894737,0.859375,0.15833333333333333,20251028006-1.nii.gz,train,44,0
77,0.284332275390625,11.664722160416824,0.5714285714285714,0.859375,0.06416666666666666,20251028006-1.nii.gz,train,45,0
5,0.018463134765625,50.0,1.0,3.0985206273518657,0.625,20251028006-1.nii.gz,train,46,0
6,0.02215576171875,7.529175834317823,0.8333333333333334,1.2153397801643786,0.375,20251028006-1.nii.gz,train,47,0
10,0.03692626953125,19.2961395371852,1.0,0.859375,0.16666666666666666,20251028006-1.nii.gz,train,48,0
185,0.683135986328125,8.337075207672125,1.0,3.0985206273518657,0.14208909370199693,20251028006-1.nii.gz,train,50,0
35,0.129241943359375,2.3019195798251495,0.0,25.15782700802327,0.3888888888888889,20251028006-1.nii.gz,train,51,0
325,1.200103759765625,3.8827035596089328,0.36923076923076925,6.592657640559306,0.1846590909090909,20251028006-1.nii.gz,train,54,0
8,0.029541015625,50.0,0.0,16.927724346837056,1.0,20251028006-1.nii.gz,train,55,0
5,0.018463134765625,50.0,1.0,3.0985206273518657,0.5555555555555556,20251028006-1.nii.gz,train,59,0
215,0.793914794921875,2.82861960912253,0.29767441860465116,0.859375,0.17063492063492064,20251028006-1.nii.gz,train,65,0
88,0.324951171875,9.478216922917488,0.7159090909090909,0.0,0.06470588235294118,20251028006-1.nii.gz,train,67,0
273,1.008087158203125,5.5612242855267935,0.45787545787545786,0.859375,0.065625,20251028006-1.nii.gz,train,68,0
99,0.365570068359375,5.153472568405038,0.5252525252525253,1.2153397801643786,0.08088235294117647,20251028006-1.nii.gz,train,70,0
21,0.077545166015625,9.927177801943778,0.8095238095238095,0.859375,0.15555555555555556,20251028006-1.nii.gz,train,72,0
68,0.2510986328125,7.10423511528024,0.7205882352941176,0.859375,0.09444444444444444,20251028006-1.nii.gz,train,74,0
365,1.347808837890625,2.9706812916827117,0.4684931506849315,0.0,0.09217171717171717,20251028006-1.nii.gz,train,76,0
37,0.136627197265625,11.937511500873102,0.8918918918918919,0.859375,0.12585034013605442,20251028006-1.nii.gz,train,82,0
460,1.6986083984375,4.033144868247465,0.2717391304347826,0.859375,0.1419753086419753,20251028006-1.nii.gz,train,83,0
72,0.265869140625,5.0391668420663365,0.4861111111111111,1.2153397801643786,0.16666666666666666,20251028006-1.nii.gz,train,84,0
122,0.45050048828125,12.066319015708414,0.4672131147540984,1.2153397801643786,0.058095238095238096,20251028006-1.nii.gz,train,85,0
122,0.45050048828125,5.996745030613467,0.6967213114754098,5.0,0.3177083333333333,20251028006-1.nii.gz,train,87,0
22,0.08123779296875,4.282779652713946,0.6363636363636364,0.859375,0.13333333333333333,20251028006-1.nii.gz,train,88,0
6,0.02215576171875,50.0,1.0,3.646019340493136,1.0,20251028006-1.nii.gz,train,90,0
43,0.158782958984375,3.8465030499232555,0.5348837209302325,0.859375,0.2986111111111111,20251028006-1.nii.gz,train,91,0
5,0.018463134765625,50.0,1.0,0.859375,1.0,20251028006-1.nii.gz,train,93,0
9,0.033233642578125,11.034036997436452,1.0,0.859375,0.15,20251028006-1.nii.gz,train,96,0
59,0.217864990234375,3.9875647992349355,0.8305084745762712,1.71875,0.28095238095238095,20251028006-1.nii.gz,train,98,0
216,0.797607421875,8.518843783335475,0.28703703703703703,4.296875,0.15428571428571428,20251028006-1.nii.gz,train,100,1
7,0.025848388671875,7.447258022284762,0.42857142857142855,1.9216209181638817,0.4375,20251028006-1.nii.gz,train,101,0
267,0.985931396484375,5.545145481436568,0.3895131086142322,0.859375,0.09590517241379311,20251028006-1.nii.gz,train,102,0
5,0.018463134765625,50.0,0.4,2.717582364207201,0.5555555555555556,20251028006-1.nii.gz,train,103,0
64,0.236328125,5.6026812913379676,0.859375,1.9216209181638817,0.14814814814814814,20251028006-1.nii.gz,train,104,1
300,1.1077880859375,13.307250832864414,1.0,0.0,0.13392857142857142,20251028006-1.nii.gz,train,105,0
9,0.033233642578125,11.529004196524468,0.8888888888888888,0.859375,0.32142857142857145,20251028006-1.nii.gz,train,109,0
15,0.055389404296875,10.554557469064134,1.0,0.859375,0.2,20251028006-1.nii.gz,train,110,1
30,0.11077880859375,7.647922185127343,1.0,0.0,0.13333333333333333,20251028006-1.nii.gz,train,117,0
228,0.8419189453125,5.18520252108707,0.4956140350877193,0.0,0.07335907335907337,20251028006-1.nii.gz,train,118,0
45,0.166168212890625,5.4945344447950415,0.4,1.71875,0.19230769230769232,20251028006-1.nii.gz,train,119,0
807,2.979949951171875,2.5550344687240933,0.3952912019826518,10.0,0.168125,20251028006-1.nii.gz,train,121,0
11,0.040618896484375,50.0,1.0,3.646019340493136,0.36666666666666664,20251028006-1.nii.gz,train,126,0
7,0.025848388671875,11.217616525971446,1.0,0.859375,0.21875,20251028006-1.nii.gz,train,130,0
11,0.040618896484375,6.486718771333169,0.9090909090909091,1.71875,0.13095238095238096,20251028006-1.nii.gz,train,132,1
1081,3.991729736328125,4.4870277044996545,0.0,25.67223637907545,0.20909090909090908,20251028006-1.nii.gz,train,134,0
43,0.158782958984375,2.9117207988923512,0.3953488372093023,10.0,0.26875,20251028006-1.nii.gz,train,135,0
270,0.99700927734375,2.6260294315271766,0.6333333333333333,0.0,0.25961538461538464,20251028006-1.nii.gz,train,138,0
46,0.16986083984375,3.6976041217712656,0.4782608695652174,1.2153397801643786,0.19166666666666668,20251028006-1.nii.gz,train,139,0
14,0.05169677734375,9.118596428604791,0.8571428571428571,1.71875,0.3888888888888889,20251028006-1.nii.gz,train,140,0
323,1.192718505859375,7.693787272160778,0.24458204334365324,1.71875,0.04047619047619048,20251028006-1.nii.gz,train,142,0
90,0.33233642578125,2.565902555190263,0.16666666666666666,10.0,0.19230769230769232,20251028006-1.nii.gz,train,145,0
34,0.12554931640625,7.886188435846765,0.5882352941176471,0.859375,0.10493827160493827,20251028006-1.nii.gz,train,146,0
9,0.033233642578125,15.73108961526319,0.8888888888888888,0.859375,0.3333333333333333,20251028006-1.nii.gz,train,147,0
6,0.02215576171875,50.0,0.0,10.0,0.75,20251028006-1.nii.gz,train,148,0
13,0.048004150390625,9.326732929260134,1.0,0.0,0.07222222222222222,20251028006-1.nii.gz,train,149,0
5,0.018463134765625,50.0,1.0,0.859375,0.4166666666666667,20251028006-1.nii.gz,train,151,1
16,0.05908203125,6.61399941326811,0.0,15.0,0.25396825396825395,20251028006-1.nii.gz,train,152,0
6,0.02215576171875,50.0,1.0,0.859375,1.0,20251028006-1.nii.gz,train,154,1
26976,99.6123046875,5.205857436941298,0.18935349940688018,1.71875,0.04156164299140295,20251028006-1.nii.gz,train,156,0
21,0.077545166015625,8.067018807055524,0.6190476190476191,1.2153397801643786,0.2916666666666667,20251028006-1.nii.gz,train,157,0
6,0.02215576171875,4.2505174812241195,0.8333333333333334,1.2153397801643786,0.3333333333333333,20251028006-1.nii.gz,train,159,0
347,1.281341552734375,14.139050957749284,0.43804034582132567,0.0,0.07510822510822511,20251028006-1.nii.gz,train,161,0
85,0.313873291015625,7.339469249678895,0.6705882352941176,0.859375,0.10493827160493827,20251028006-1.nii.gz,train,164,1
33,0.121856689453125,10.140393582070411,0.9393939393939394,0.0,0.075,20251028006-1.nii.gz,train,168,0
22,0.08123779296875,4.49538559881684,0.9545454545454546,1.9216209181638817,0.34375,20251028006-1.nii.gz,train,178,0
5,0.018463134765625,50.0,0.8,0.859375,0.4166666666666667,20251028006-1.nii.gz,train,179,0
5,0.018463134765625,8.475297195655946,0.8,0.859375,0.4166666666666667,20251028006-1.nii.gz,train,183,0
15,0.055389404296875,12.580484731047603,0.9333333333333333,0.859375,0.1388888888888889,20251028006-1.nii.gz,train,185,0
18,0.06646728515625,50.0,0.0,9.295561882055598,0.6,20251028006-1.nii.gz,train,188,0
5,0.018463134765625,18.187933286545114,1.0,0.859375,0.2777777777777778,20251028006-1.nii.gz,train,192,1
112,0.41357421875,5.6724625518304945,0.5625,1.9216209181638817,0.175,20251028006-1.nii.gz,train,194,0
65,0.240020751953125,6.35887653459149,0.4307692307692308,1.2153397801643786,0.1111111111111111,20251028006-1.nii.gz,train,196,1
27,0.099700927734375,6.945568018567066,0.6666666666666666,0.859375,0.20454545454545456,20251028006-1.nii.gz,train,198,0
18,0.06646728515625,12.511030470231116,1.0,0.0,0.2857142857142857,20251028006-1.nii.gz,train,201,0
11,0.040618896484375,2.2139560099304267,0.9090909090909091,1.2153397801643786,0.275,20251028006-1.nii.gz,train,204,1
59,0.217864990234375,3.3993350704864795,0.4745762711864407,1.2153397801643786,0.2554112554112554,20251028006-1.nii.gz,train,207,1
119,0.439422607421875,8.612035442592532,0.680672268907563,1.2153397801643786,0.17708333333333334,20251028006-1.nii.gz,train,210,0
350,1.29241943359375,3.45757865268762,0.07714285714285714,6.076698900821893,0.23148148148148148,20251028006-1.nii.gz,train,211,0
12,0.0443115234375,50.0,1.0,1.71875,0.75,20251028006-1.nii.gz,train,213,0
32,0.1181640625,6.260230827666762,0.625,1.2153397801643786,0.1693121693121693,20251028006-1.nii.gz,train,215,0
75,0.276947021484375,7.577554470953221,0.6133333333333333,0.859375,0.06510416666666667,20251028006-1.nii.gz,train,216,1
5,0.018463134765625,50.0,0.0,3.4375,0.8333333333333334,20251028006-1.nii.gz,train,222,0
8,0.029541015625,19.545207915285843,1.0,0.859375,0.1111111111111111,20251028006-1.nii.gz,train,223,0
17,0.062774658203125,8.12774970281568,0.8823529411764706,0.859375,0.08854166666666667,20251028006-1.nii.gz,train,225,0
380,1.4031982421875,6.907047306238441,0.39210526315789473,1.2153397801643786,0.1111111111111111,20251028006-1.nii.gz,train,227,0
5,0.018463134765625,50.0,0.0,41.96359855297952,0.8333333333333334,20251028006-1.nii.gz,train,228,0
275,1.015472412109375,2.6999494353073454,0.5490909090909091,1.9216209181638817,0.0946969696969697,20251028006-1.nii.gz,train,229,1
96,0.3544921875,6.118091810852398,0.71875,0.0,0.08,20251028006-1.nii.gz,train,230,0
31,0.114471435546875,7.65837858543631,0.6129032258064516,0.859375,0.17222222222222222,20251028006-1.nii.gz,train,233,0
9,0.033233642578125,7.309536851994746,1.0,0.0,0.16071428571428573,20251028006-1.nii.gz,train,238,0
25,0.092315673828125,11.188393567006337,0.88,0.859375,0.3125,20251028006-1.nii.gz,train,239,0
238,0.87884521484375,3.677464319435182,0.0,26.908250687811815,0.2404040404040404,20251028006-1.nii.gz,train,241,0
26,0.09600830078125,50.0,0.0,7.182403084100752,0.8666666666666667,20251028006-1.nii.gz,train,244,0
106,0.39141845703125,6.570930494409776,0.5754716981132075,1.2153397801643786,0.16825396825396827,20251028006-1.nii.gz,train,245,0
10,0.03692626953125,5.954386329425159,0.7,0.859375,0.2777777777777778,20251028006-1.nii.gz,train,246,0
5,0.018463134765625,17.50259919340828,1.0,0.859375,0.2777777777777778,20251028006-1.nii.gz,train,247,0
360,1.329345703125,27.67431865267412,0.6333333333333333,1.9216209181638817,0.030612244897959183,20251028006-1.nii.gz,train,249,0
7,0.025848388671875,10.713455380229817,1.0,0.859375,0.2916666666666667,20251028006-1.nii.gz,train,253,0
8,0.029541015625,3.6073178891215996,0.875,1.2153397801643786,0.3333333333333333,20251028006-1.nii.gz,train,255,0
97,0.358184814453125,7.255075302716676,0.5979381443298969,0.0,0.13857142857142857,20251028006-1.nii.gz,train,256,0
14,0.05169677734375,6.786073787890936,1.0,0.859375,0.15555555555555556,20251028006-1.nii.gz,train,260,0
2140,7.9022216796875,2.9844984963600125,0.3789719626168224,1.2153397801643786,0.05323383084577114,20251028006-1.nii.gz,train,261,0
22,0.08123779296875,5.584655615467785,0.5454545454545454,1.2153397801643786,0.24444444444444444,20251028006-1.nii.gz,train,262,0
6,0.02215576171875,50.0,0.0,4.861359120657514,0.6666666666666666,20251028006-1.nii.gz,train,263,0
40,0.147705078125,6.237731073062636,0.6,0.859375,0.1111111111111111,20251028006-1.nii.gz,train,265,0
2629,9.707916259765625,2.5499517364272486,0.304678585013313,10.0,0.20053394355453852,20251028006-1.nii.gz,train,267,0
5,0.018463134765625,12.341506721507079,0.0,3.4375,0.4166666666666667,20251028006-1.nii.gz,train,268,0
5,0.018463134765625,50.0,1.0,0.0,0.5555555555555556,20251028006-1.nii.gz,train,269,0
13,0.048004150390625,6.520678740709061,0.8461538461538461,1.2153397801643786,0.40625,20251028006-1.nii.gz,train,270,0
72,0.265869140625,5.580539323752798,0.5555555555555556,1.2153397801643786,0.1469387755102041,20251028006-1.nii.gz,train,272,0
27,0.099700927734375,6.482376449670569,0.6666666666666666,1.71875,0.20454545454545456,20251028006-1.nii.gz,train,274,0
5,0.018463134765625,50.0,0.0,1.71875,1.0,20251028006-1.nii.gz,train,275,0
15,0.055389404296875,3.462263003896768,0.0,30.0,0.35714285714285715,20251028006-1.nii.gz,train,278,0
25,0.092315673828125,11.013783996442687,0.68,0.0,0.17857142857142858,20251028006-1.nii.gz,train,279,0
21,0.077545166015625,5.76549632391017,0.7619047619047619,1.2153397801643786,0.1875,20251028006-1.nii.gz,train,281,0
12,0.0443115234375,50.0,1.0,0.859375,0.2727272727272727,20251028006-1.nii.gz,train,284,0
75,0.276947021484375,2.8018127872600704,0.7066666666666667,0.859375,0.08741258741258741,20251028006-1.nii.gz,train,285,0
5,0.018463134765625,50.0,0.6,0.859375,0.8333333333333334,20251028006-1.nii.gz,train,289,0
663,2.448211669921875,4.494213187224839,0.2383107088989442,1.2153397801643786,0.05627705627705628,20251028006-1.nii.gz,train,292,0
141,0.520660400390625,6.7970567476980355,0.5106382978723404,0.0,0.08034188034188035,20251028006-1.nii.gz,train,293,0
6,0.02215576171875,3.77804448999218,0.0,2.578125,0.3333333333333333,20251028006-1.nii.gz,train,298,0
1001,3.696319580078125,7.461795840572957,0.014985014985014986,7.078832056296434,0.17378472222222222,20251028006-1.nii.gz,train,299,0
13,0.048004150390625,7.304757074887901,0.9230769230769231,0.859375,0.18571428571428572,20251028006-1.nii.gz,train,305,0
21,0.077545166015625,15.621723328923041,0.8571428571428571,0.859375,0.21,20251028006-1.nii.gz,train,310,0
5,0.018463134765625,50.0,1.0,0.859375,1.0,20251028006-1.nii.gz,train,317,0
7,0.025848388671875,50.0,1.0,0.859375,0.5,20251028006-1.nii.gz,train,319,0
14,0.05169677734375,11.916608056821858,1.0,0.859375,0.3333333333333333,20251028006-1.nii.gz,train,320,0
22,0.08123779296875,1.8797460047854517,0.5454545454545454,1.71875,0.3142857142857143,20251028006-1.nii.gz,train,326,0
18149,67.01748657226562,4.387830644058509,0.0,48.06668798805078,0.14577510040160643,20251028006-1.nii.gz,train,329,0
91,0.336029052734375,50.0,0.0,23.831198572262895,0.6363636363636364,20251028006-1.nii.gz,train,332,0
7,0.025848388671875,6.864883603577329,0.7142857142857143,1.2153397801643786,0.5833333333333334,20251028006-1.nii.gz,train,336,0
23,0.084930419921875,50.0,0.0,7.923046017986075,0.7666666666666667,20251028006-1.nii.gz,train,337,0
13,0.048004150390625,13.125264072745479,0.7692307692307693,0.859375,0.2708333333333333,20251028006-1.nii.gz,train,340,0
323,1.192718505859375,1.4641342136744082,0.6191950464396285,0.0,0.11535714285714285,20251028006-1.nii.gz,train,342,0
7,0.025848388671875,50.0,0.0,8.152747092621603,0.7777777777777778,20251028006-1.nii.gz,train,343,0
10,0.03692626953125,50.0,0.0,23.744345543992154,0.625,20251028006-1.nii.gz,train,345,0
769,2.839630126953125,12.251635160900197,0.4928478543563069,5.356549911381859,0.006245938921377518,20251028006-1.nii.gz,train,347,0
966,3.56707763671875,1.9963903817381703,0.3022774327122153,4.627876006131214,0.345,20251028006-1.nii.gz,train,348,0
63,0.232635498046875,5.417067525489265,0.0,31.28172218050223,0.125,20251028006-1.nii.gz,train,350,0
7,0.025848388671875,50.0,0.0,29.478706562958287,0.7777777777777778,20251028006-1.nii.gz,train,351,0
63,0.232635498046875,2.2295049278830845,0.0,31.444802985002546,0.375,20251028006-1.nii.gz,train,352,0
401,1.480743408203125,2.8940549550403514,0.0,14.390489277318718,0.50125,20251028006-1.nii.gz,train,356,0
22,0.08123779296875,3.376981976024239,0.0,58.31354877473266,0.44,20251028006-1.nii.gz,train,357,0
14,0.05169677734375,10.566189025600965,0.7857142857142857,0.859375,0.07291666666666667,20251028006-1.nii.gz,train,360,0
2930,10.81939697265625,2.7860875563658865,0.0,15.300736872063547,0.28641251221896386,20251028006-1.nii.gz,train,361,0
6,0.02215576171875,50.0,1.0,0.859375,0.5,20251028006-1.nii.gz,train,362,0
272,1.00439453125,11.20335461995703,0.8382352941176471,1.9216209181638817,0.05396825396825397,20251028006-1.nii.gz,train,366,0
7,0.025848388671875,50.0,0.8571428571428571,1.2153397801643786,0.5833333333333334,20251028006-1.nii.gz,train,368,0
8,0.029541015625,6.2945687042674185,0.625,1.2153397801643786,0.2962962962962963,20251028006-1.nii.gz,train,369,0
10,0.03692626953125,50.0,0.0,11.688763718444521,0.8333333333333334,20251028006-1.nii.gz,train,374,0
793,2.928253173828125,2.9470570090923833,0.0,36.2672541103283,0.35401785714285716,20251028006-1.nii.gz,train,375,0
7,0.025848388671875,50.0,0.0,60.48681496951422,0.875,20251028006-1.nii.gz,train,376,0
94,0.34710693359375,3.3635144696542625,0.0,41.427323646734045,0.41964285714285715,20251028006-1.nii.gz,train,378,0
6,0.02215576171875,7.713189627647913,1.0,0.859375,0.25,20251028006-1.nii.gz,train,381,0
8,0.029541015625,8.281474957389108,1.0,0.859375,0.16666666666666666,20251028006-1.nii.gz,train,382,0
5,0.018463134765625,50.0,1.0,0.859375,0.5555555555555556,20251028006-1.nii.gz,train,390,0
9,0.033233642578125,50.0,1.0,0.859375,0.18,20251028006-1.nii.gz,train,391,0
7,0.025848388671875,50.0,1.0,1.2153397801643786,0.4375,20251028006-1.nii.gz,train,393,0
5,0.018463134765625,50.0,1.0,1.2153397801643786,0.5555555555555556,20251028006-1.nii.gz,train,394,0
30,0.11077880859375,3.8850364162886932,0.8666666666666667,1.2153397801643786,0.23809523809523808,20251028006-1.nii.gz,train,397,0
5,0.018463134765625,10.127445376038937,1.0,0.859375,0.3125,20251028006-1.nii.gz,train,401,0
101,0.372955322265625,13.4166838404771,0.8514851485148515,1.2153397801643786,0.1335978835978836,20251028006-1.nii.gz,train,402,0
133,0.4079157447814941,11.926269647331567,0.6917293233082706,1.1076164814679905,0.025333333333333333,20251028010-1.nii.gz,train,1,0
32128,98.53772216796875,11.010890498821007,0.13956673306772907,7.220776030028218,0.017057632690681217,20251028010-1.nii.gz,train,5,0
1116,3.422811813354492,3.825434208568284,0.0,31.958142621110817,0.13285714285714287,20251028010-1.nii.gz,train,20,0
4654,14.273984031677246,4.049173493505232,0.19789428448646326,5.297833111286994,0.01351147342995169,20251028010-1.nii.gz,train,21,0
160,0.4907257080078125,19.7274444755421,0.5875,2.215232962935981,0.022792022792022793,20251028010-1.nii.gz,train,22,0
9,0.027603321075439453,50.0,0.0,35.200602448249754,0.75,20251028010-1.nii.gz,train,23,0
22,0.06747478485107422,6.905160006677984,0.0,28.042609491317307,0.22448979591836735,20251028010-1.nii.gz,train,30,0
26,0.07974292755126954,9.760745034736242,0.8076923076923077,0.0,0.17333333333333334,20251028010-1.nii.gz,train,31,0
11542,35.39972576141358,2.699319904647381,0.36154912493501995,0.0,0.05137907088548993,20251028010-1.nii.gz,train,32,0
85,0.2606980323791504,3.0427869351427925,0.5764705882352941,0.783203125,0.16098484848484848,20251028010-1.nii.gz,train,33,0
22,0.06747478485107422,2.5923043919152082,0.0,50.4421727924215,0.36666666666666664,20251028010-1.nii.gz,train,34,0
35,0.10734624862670898,3.9708911762470707,0.7428571428571429,1.1076164814679905,0.25,20251028010-1.nii.gz,train,36,0
872,2.674455108642578,2.041911977403469,0.0,38.53645902075906,0.23864258347016967,20251028010-1.nii.gz,train,39,0
10,0.030670356750488282,50.0,0.0,52.097762714754005,0.8333333333333334,20251028010-1.nii.gz,train,43,0
117,0.3588431739807129,1.5151333280584651,0.4358974358974359,1.751295427690265,0.1625,20251028010-1.nii.gz,train,44,0
10,0.030670356750488282,50.0,0.0,55.76164243783088,0.8333333333333334,20251028010-1.nii.gz,train,45,0
17,0.052139606475830075,50.0,0.0,31.571927315114436,0.85,20251028010-1.nii.gz,train,47,0
28,0.08587699890136719,2.082419684206519,0.0,62.05124161897406,0.25925925925925924,20251028010-1.nii.gz,train,48,0
7,0.021469249725341796,50.0,0.0,29.779809010279443,0.7777777777777778,20251028010-1.nii.gz,train,49,0
3480,10.673284149169922,5.251506204516508,0.0,31.413729286656057,0.08724865867723011,20251028010-1.nii.gz,train,50,1
5,0.015335178375244141,10.003215611564848,0.8,1.1076164814679905,0.625,20251028010-1.nii.gz,train,51,0
37,0.11348031997680665,50.0,0.0,52.14039146729991,0.5285714285714286,20251028010-1.nii.gz,train,53,0
7,0.021469249725341796,7.317632109368747,0.0,55.39189913081919,0.3888888888888889,20251028010-1.nii.gz,train,54,0
19,0.05827367782592773,3.637550826140318,0.0,58.6984486792441,0.3958333333333333,20251028010-1.nii.gz,train,55,0
8,0.024536285400390625,50.0,0.0,38.9640513312281,0.8888888888888888,20251028010-1.nii.gz,train,57,0
17,0.052139606475830075,6.89755233393127,0.8235294117647058,1.56640625,0.18888888888888888,20251028010-1.nii.gz,train,59,0
11,0.03373739242553711,50.0,0.0,65.49938551053972,0.44,20251028010-1.nii.gz,train,64,0
32,0.0981451416015625,5.090328987090359,0.53125,1.1076164814679905,0.4266666666666667,20251028010-1.nii.gz,train,66,0
16,0.04907257080078125,50.0,1.0,1.1076164814679905,0.4444444444444444,20251028010-1.nii.gz,train,69,0
15,0.046005535125732425,50.0,0.0,43.0122140348862,0.35714285714285715,20251028010-1.nii.gz,train,74,0
159,0.48765867233276367,2.3375232432767667,0.0,32.583094668347634,0.29120879120879123,20251028010-1.nii.gz,train,75,0
177,0.5428653144836426,3.341927830682089,0.0,42.51542231165509,0.38562091503267976,20251028010-1.nii.gz,train,76,0
30,0.09201107025146485,6.131232672812306,0.7666666666666667,1.1076164814679905,0.18518518518518517,20251028010-1.nii.gz,train,77,0
68,0.2085584259033203,4.2169696947362,0.0,70.3401873113,0.18888888888888888,20251028010-1.nii.gz,train,79,0
71,0.2177595329284668,7.697143113986085,0.5774647887323944,0.783203125,0.18112244897959184,20251028010-1.nii.gz,train,80,0
8,0.024536285400390625,6.291931319480736,1.0,0.783203125,0.26666666666666666,20251028010-1.nii.gz,train,81,0
13,0.03987146377563477,4.538791547471588,0.7692307692307693,1.56640625,0.5416666666666666,20251028010-1.nii.gz,train,85,0
241,0.7391555976867675,5.690992372070285,0.9336099585062241,1.56640625,0.16283783783783784,20251028010-1.nii.gz,train,87,0
12,0.036804428100585936,50.0,0.0,26.545340562720614,0.48,20251028010-1.nii.gz,train,90,0
495,1.5181826591491698,2.6694778343484074,0.0,36.50116346412288,0.3235294117647059,20251028010-1.nii.gz,train,91,0
24,0.07360885620117187,10.92296414062795,0.8333333333333334,1.1076164814679905,0.2857142857142857,20251028010-1.nii.gz,train,94,0
50,0.1533517837524414,11.922809433087073,0.82,0.0,0.07936507936507936,20251028010-1.nii.gz,train,95,0
140,0.4293849945068359,2.789246567566944,0.0,60.051937385198656,0.27613412228796846,20251028010-1.nii.gz,train,96,0
5,0.015335178375244141,10.936506880277962,0.8,0.783203125,0.2777777777777778,20251028010-1.nii.gz,train,97,0
6,0.018402214050292968,50.0,1.0,0.783203125,0.75,20251028010-1.nii.gz,train,98,0
129999,398.7115707206726,4.781425262769087,0.0,46.9921875,0.10827276952214696,20251028010-1.nii.gz,train,99,1
8,0.024536285400390625,21.136121402659494,0.75,1.1076164814679905,0.3333333333333333,20251028010-1.nii.gz,train,101,0
40,0.12268142700195313,3.8898701750755924,1.0,0.783203125,0.18518518518518517,20251028010-1.nii.gz,train,102,0
6,0.018402214050292968,4.120880035864923,0.8333333333333334,1.1076164814679905,0.3333333333333333,20251028010-1.nii.gz,train,103,0
19,0.05827367782592773,4.1332982293673055,0.7894736842105263,1.56640625,0.475,20251028010-1.nii.gz,train,104,0
150,0.4600553512573242,3.703565129285338,0.58,0.0,0.10204081632653061,20251028010-1.nii.gz,train,106,0
8,0.024536285400390625,50.0,1.0,0.783203125,0.5333333333333333,20251028010-1.nii.gz,train,107,0
9,0.027603321075439453,11.382297157096701,1.0,0.783203125,0.1875,20251028010-1.nii.gz,train,108,0
31,0.09507810592651367,3.4144675606607398,0.6774193548387096,1.751295427690265,0.4305555555555556,20251028010-1.nii.gz,train,110,0
9,0.027603321075439453,4.5183051228443984,0.0,91.61769133141634,0.45,20251028010-1.nii.gz,train,113,0
41,0.12574846267700196,5.896718894689702,0.8048780487804879,0.783203125,0.1626984126984127,20251028010-1.nii.gz,train,116,0
1172,3.5945658111572265,5.264418150712863,0.6476109215017065,4.430465925871962,0.123109243697479,20251028010-1.nii.gz,train,117,0
9,0.027603321075439453,50.0,1.0,0.783203125,0.375,20251028010-1.nii.gz,train,121,0
5,0.015335178375244141,8.365200959949172,0.8,0.783203125,0.2777777777777778,20251028010-1.nii.gz,train,123,0
64,0.196290283203125,11.330031069967276,0.890625,0.0,0.05925925925925926,20251028010-1.nii.gz,train,126,0
579,1.7758136558532716,5.1359625422344495,0.0,40.6664514431704,0.14938080495356038,20251028010-1.nii.gz,train,130,0
81,0.24842988967895507,9.2910534637597,0.5555555555555556,1.56640625,0.375,20251028010-1.nii.gz,train,131,0
77,0.23616174697875977,13.46858520572877,0.4025974025974026,1.1076164814679905,0.16923076923076924,20251028010-1.nii.gz,train,135,0
2200,6.747478485107422,4.733018031629233,0.0,40.247466392623906,0.2756892230576441,20251028010-1.nii.gz,train,138,1
9,0.027603321075439453,9.012065303986695,0.5555555555555556,1.56640625,0.1875,20251028010-1.nii.gz,train,139,0
33,0.10121217727661133,4.834464208830188,0.7272727272727273,1.1076164814679905,0.2619047619047619,20251028010-1.nii.gz,train,142,0
9,0.027603321075439453,5.38295020658795,0.7777777777777778,1.1076164814679905,0.375,20251028010-1.nii.gz,train,143,0
33,0.10121217727661133,25.770960410620383,1.0,0.783203125,0.1746031746031746,20251028010-1.nii.gz,train,144,0
13,0.03987146377563477,2.2631976739617348,0.8461538461538461,1.1076164814679905,0.325,20251028010-1.nii.gz,train,146,0
30,0.09201107025146485,6.791960474112767,0.7666666666666667,0.0,0.15873015873015872,20251028010-1.nii.gz,train,151,0
17,0.052139606475830075,4.120537432177022,0.0,50.563777308604145,0.425,20251028010-1.nii.gz,train,152,0
8,0.024536285400390625,50.0,0.0,64.77783971441472,0.6666666666666666,20251028010-1.nii.gz,train,154,0
16,0.04907257080078125,11.273999899438744,1.0,0.783203125,0.2962962962962963,20251028010-1.nii.gz,train,155,0
6,0.018402214050292968,50.0,1.0,0.783203125,0.6666666666666666,20251028010-1.nii.gz,train,156,0
35,0.10734624862670898,3.9473893222049474,0.6571428571428571,1.751295427690265,0.2777777777777778,20251028010-1.nii.gz,train,160,0
10,0.030670356750488282,50.0,1.0,1.751295427690265,0.625,20251028010-1.nii.gz,train,161,0
51,0.15641881942749022,3.44174938835937,0.0,57.962449184294265,0.2698412698412698,20251028010-1.nii.gz,train,163,0
104,0.31897171020507814,10.243661009781594,0.4326923076923077,1.751295427690265,0.06303030303030303,20251028010-1.nii.gz,train,164,0
25,0.0766758918762207,4.90193824822816,0.8,1.1076164814679905,0.22321428571428573,20251028010-1.nii.gz,train,165,0
119,0.36497724533081055,2.9819461558320937,0.0,48.911169108205684,0.4722222222222222,20251028010-1.nii.gz,train,169,1
21,0.06440774917602539,3.5107611646412407,0.7142857142857143,0.783203125,0.175,20251028010-1.nii.gz,train,172,0
8,0.024536285400390625,13.572080428004313,0.875,0.783203125,0.17777777777777778,20251028010-1.nii.gz,train,174,0
8,0.024536285400390625,50.0,0.0,19.840808656424997,0.4,20251028010-1.nii.gz,train,175,0
15,0.046005535125732425,6.458314123342703,1.0,0.783203125,0.17857142857142858,20251028010-1.nii.gz,train,180,0
23,0.07054182052612305,3.6416665219647197,0.0,28.80607854486293,0.32857142857142857,20251028010-1.nii.gz,train,183,1
34,0.10427921295166015,11.035345219965867,0.7058823529411765,0.783203125,0.2222222222222222,20251028010-1.nii.gz,train,188,0
10,0.030670356750488282,50.0,0.6,0.783203125,0.2777777777777778,20251028010-1.nii.gz,train,189,0
5,0.015335178375244141,50.0,1.0,0.783203125,1.0,20251028010-1.nii.gz,train,190,0
239,0.73302152633667,3.757896987463223,0.41422594142259417,0.783203125,0.16258503401360544,20251028010-1.nii.gz,train,194,0
5,0.015335178375244141,14.931102702169758,1.0,1.1076164814679905,0.4166666666666667,20251028010-1.nii.gz,train,198,0
13,0.03987146377563477,50.0,0.0,67.7857833901001,0.65,20251028010-1.nii.gz,train,200,0
11,0.03373739242553711,50.0,0.0,10.0,0.7333333333333333,20251028010-1.nii.gz,train,201,0
40788,125.0982511138916,3.8650744541614825,0.0,53.18176267275696,0.30877543604651164,20251028010-1.nii.gz,train,204,0
3698,11.341897926330567,1.450475361039337,0.09599783666846945,15.0,0.4295005807200929,20251028010-1.nii.gz,train,205,0
48,0.14721771240234374,5.490718020078714,0.5,1.1076164814679905,0.09696969696969697,20251028010-1.nii.gz,train,206,0
6,0.018402214050292968,8.759731272239321,0.8333333333333334,1.56640625,0.25,20251028010-1.nii.gz,train,208,0
2330,7.146193122863769,2.830530641684752,0.0,72.76215787937227,0.2820823244552058,20251028010-1.nii.gz,train,209,0
308,0.9446469879150391,2.2019407411474767,0.2662337662337662,3.1328125,0.1776239907727797,20251028010-1.nii.gz,train,211,0
8,0.024536285400390625,50.0,0.5,1.1076164814679905,0.3333333333333333,20251028010-1.nii.gz,train,214,0
9,0.027603321075439453,5.396242792538548,1.0,1.1076164814679905,0.225,20251028010-1.nii.gz,train,215,0
33,0.10121217727661133,8.834934314589901,0.5454545454545454,1.56640625,0.55,20251028010-1.nii.gz,train,218,0
8,0.024536285400390625,50.0,1.0,0.783203125,0.4,20251028010-1.nii.gz,train,219,0
33,0.10121217727661133,50.0,0.0,19.450514383060028,0.825,20251028010-1.nii.gz,train,220,1
5,0.015335178375244141,50.0,0.0,28.645925610942754,0.8333333333333334,20251028010-1.nii.gz,train,222,1
5,0.015335178375244141,50.0,1.0,0.783203125,1.0,20251028010-1.nii.gz,train,223,0
83,0.2545639610290527,8.28582695490709,0.0,28.80607854486293,0.10375,20251028010-1.nii.gz,train,226,1
21,0.06440774917602539,11.578252732910736,0.5238095238095238,1.56640625,0.15,20251028010-1.nii.gz,train,228,0
8,0.024536285400390625,50.0,1.0,0.783203125,1.0,20251028010-1.nii.gz,train,229,0
5,0.015335178375244141,14.692008707705025,1.0,0.783203125,0.3125,20251028010-1.nii.gz,train,231,0
5,0.015335178375244141,50.0,1.0,0.783203125,1.0,20251028010-1.nii.gz,train,232,0
31,0.09507810592651367,50.0,0.0,10.0,0.49206349206349204,20251028010-1.nii.gz,train,233,0
121,0.3711113166809082,4.406209137963609,0.0,26.417941386597725,0.3601190476190476,20251028010-1.nii.gz,train,234,0
13,0.03987146377563477,50.0,1.0,0.783203125,0.24074074074074073,20251028010-1.nii.gz,train,236,0
25,0.0766758918762207,3.895997414205601,0.0,78.82006153494372,0.2976190476190476,20251028010-1.nii.gz,train,238,0
10,0.030670356750488282,50.0,0.0,27.809291697414984,0.6666666666666666,20251028010-1.nii.gz,train,239,0
43,0.1318825340270996,10.20404571317128,0.6046511627906976,5.0,0.28104575163398693,20251028010-1.nii.gz,train,242,0
8,0.024536285400390625,8.901717344638564,0.75,1.1076164814679905,0.2222222222222222,20251028010-1.nii.gz,train,243,0
529,1.6224618721008301,2.1478877133582372,0.0,30.0,0.3358730158730159,20251028010-1.nii.gz,train,244,0
33,0.10121217727661133,17.8622005975808,0.6666666666666666,1.56640625,0.22916666666666666,20251028010-1.nii.gz,train,251,0
20,0.061340713500976564,3.993026183652317,0.0,77.6823641613119,0.23809523809523808,20251028010-1.nii.gz,train,252,0
2749,8.431281070709229,6.391798394710906,0.25754819934521644,0.0,0.013281733147804576,20251028010-1.nii.gz,train,254,0
10,0.030670356750488282,50.0,0.0,27.252272344915127,0.6666666666666666,20251028010-1.nii.gz,train,256,0
3735,11.455378246307372,3.1468150201816605,0.3635876840696118,1.751295427690265,0.06712796549245148,20251028010-1.nii.gz,train,260,0
5,0.015335178375244141,50.0,0.0,29.666303210943106,0.25,20251028010-1.nii.gz,train,266,0
28,0.08587699890136719,7.014419475116193,0.8571428571428571,0.0,0.10606060606060606,20251028010-1.nii.gz,train,267,0
5,0.015335178375244141,50.0,1.0,3.1328125,1.0,20251028010-1.nii.gz,train,268,0
23,0.07054182052612305,13.233164271989917,0.4782608695652174,2.349609375,0.09019607843137255,20251028010-1.nii.gz,train,269,0
5039,15.454792766571044,2.630628310029568,0.32982734669577296,1.1076164814679905,0.04131005082800459,20251028010-1.nii.gz,train,271,0
27,0.08280996322631835,5.6839549938380065,0.9259259259259259,0.783203125,0.45,20251028010-1.nii.gz,train,276,0
21,0.06440774917602539,5.6100487573964495,0.6190476190476191,1.1076164814679905,0.35,20251028010-1.nii.gz,train,280,0
73,0.22389360427856445,11.746698624273215,0.5753424657534246,2.215232962935981,0.09656084656084656,20251028010-1.nii.gz,train,281,0
32,0.0981451416015625,2.989647558597733,0.0,35.0,0.5714285714285714,20251028010-1.nii.gz,train,282,0
214,0.6563456344604492,2.6660987590416836,0.0,25.0,0.5404040404040404,20251028010-1.nii.gz,train,283,0
6,0.018402214050292968,10.140084115758686,0.6666666666666666,1.1076164814679905,0.5,20251028010-1.nii.gz,train,287,0
23,0.07054182052612305,17.509754956652635,0.6956521739130435,0.783203125,0.25555555555555554,20251028010-1.nii.gz,train,288,0
36,0.11041328430175781,2.928088900475463,0.0,60.0,0.3,20251028010-1.nii.gz,train,290,0
21352,65.48734573364258,3.5135873268251583,0.0,37.64067997973945,0.2534301856335755,20251028010-1.nii.gz,train,293,1
5,0.015335178375244141,50.0,0.0,30.37398505379391,0.8333333333333334,20251028010-1.nii.gz,train,303,0
8,0.024536285400390625,50.0,1.0,1.1076164814679905,0.6666666666666666,20251028010-1.nii.gz,train,306,0
13,0.03987146377563477,3.9222453553222834,0.8461538461538461,1.1076164814679905,0.3611111111111111,20251028010-1.nii.gz,train,307,0
16,0.04907257080078125,5.1762988564604715,0.0,28.257855496256514,0.4,20251028010-1.nii.gz,train,311,0
19,0.05827367782592773,7.234664881792403,1.0,0.0,0.17592592592592593,20251028010-1.nii.gz,train,313,0
58,0.17788806915283203,6.590761451591236,0.8793103448275862,0.783203125,0.08529411764705883,20251028010-1.nii.gz,train,320,0
21,0.06440774917602539,4.627369693929419,0.6190476190476191,1.56640625,0.3888888888888889,20251028010-1.nii.gz,train,322,0
670,2.0549139022827148,5.107057291720188,0.48059701492537316,2.4767057455615626,0.06599684791174153,20251028010-1.nii.gz,train,323,0
22,0.06747478485107422,11.83485548943842,0.8181818181818182,1.1076164814679905,0.24444444444444444,20251028010-1.nii.gz,train,325,0
3393,10.406452045440673,2.029452130771545,0.3336280577659888,6.68049611333713,0.06626953125,20251028010-1.nii.gz,train,326,0
12,0.036804428100585936,15.370228213705092,0.9166666666666666,0.783203125,0.25,20251028010-1.nii.gz,train,333,0
232,0.7115522766113281,7.668910294053709,0.0,28.51715568719203,0.12275132275132275,20251028010-1.nii.gz,train,335,1
7,0.021469249725341796,50.0,0.0,82.09830836552428,0.7777777777777778,20251028010-1.nii.gz,train,339,0
8,0.024536285400390625,50.0,1.0,2.4767057455615626,0.6666666666666666,20251028010-1.nii.gz,train,341,0
12,0.036804428100585936,50.0,0.0,78.6671144289539,0.6666666666666666,20251028010-1.nii.gz,train,344,0
5,0.015335178375244141,50.0,1.0,1.1076164814679905,0.8333333333333334,20251028010-1.nii.gz,train,345,0
15,0.046005535125732425,5.668647258961903,0.8,1.1076164814679905,0.3125,20251028010-1.nii.gz,train,346,0
7,0.021469249725341796,50.0,0.8571428571428571,0.783203125,0.2916666666666667,20251028010-1.nii.gz,train,349,0
463,1.4200375175476074,6.857414140783005,0.017278617710583154,17.08395088134078,0.1382915173237754,20251028010-1.nii.gz,train,355,0
11,0.03373739242553711,3.348884028234396,1.0,0.783203125,0.12222222222222222,20251028010-1.nii.gz,train,356,0
63,0.19322324752807618,27.345427178720218,0.0,1.56640625,0.03461538461538462,20251028010-1.nii.gz,train,364,0
10,0.030670356750488282,50.0,0.0,24.022206840937596,0.625,20251028010-1.nii.gz,train,375,0
6,0.018402214050292968,50.0,1.0,0.0,0.4,20251028010-1.nii.gz,train,379,0
1564,4.796843795776367,1.5873956299387952,0.0,40.424208188485466,0.3469387755102041,20251028010-1.nii.gz,train,380,0
5,0.015335178375244141,26.854747180264525,0.6,1.1076164814679905,0.3125,20251028010-1.nii.gz,train,381,0
22,0.06747478485107422,5.377147401729071,0.6818181818181818,1.1076164814679905,0.29333333333333333,20251028010-1.nii.gz,train,382,0
21,0.06440774917602539,5.14176432963917,0.8571428571428571,0.783203125,0.16666666666666666,20251028010-1.nii.gz,train,387,0
7,0.021469249725341796,6.46519391070043,0.8571428571428571,1.1076164814679905,0.19444444444444445,20251028010-1.nii.gz,train,388,0
151,0.46312238693237306,3.743626926525203,0.0,20.854391832943097,0.33555555555555555,20251028010-1.nii.gz,train,393,0
114,0.34964206695556643,8.383932578580218,0.5701754385964912,1.56640625,0.06168831168831169,20251028010-1.nii.gz,train,394,0
9,0.027603321075439453,4.793539085550964,0.7777777777777778,1.1076164814679905,0.375,20251028010-1.nii.gz,train,397,0
9,0.027603321075439453,50.0,0.0,20.677155827187807,0.75,20251028010-1.nii.gz,train,406,0
5,0.015335178375244141,14.931102702169552,1.0,1.1076164814679905,0.4166666666666667,20251028010-1.nii.gz,train,409,0
21,0.06440774917602539,4.958881358225152,0.0,38.21482298693599,0.525,20251028010-1.nii.gz,train,414,0
38,0.11654735565185546,22.23420223997947,0.8157894736842105,1.1076164814679905,0.03166666666666667,20251028010-1.nii.gz,train,416,0
186,0.570468635559082,9.691107181529224,0.3978494623655914,2.349609375,0.11425061425061425,20251028010-1.nii.gz,train,418,0
124,0.38031242370605467,3.4161011395923038,0.0,24.89058469300919,0.4305555555555556,20251028010-1.nii.gz,train,423,0
6,0.018402214050292968,50.0,1.0,0.783203125,0.25,20251028010-1.nii.gz,train,424,0
55,0.16868696212768555,2.2854125650070554,0.0,29.14736492358315,0.49107142857142855,20251028010-1.nii.gz,train,429,0
7,0.021469249725341796,21.862522654681467,1.0,0.783203125,0.19444444444444445,20251028010-1.nii.gz,train,432,0
7,0.021469249725341796,50.0,0.0,17.859779119716965,0.875,20251028010-1.nii.gz,train,436,0
12,0.036804428100585936,13.849371590316581,0.9166666666666666,0.783203125,0.14285714285714285,20251028010-1.nii.gz,train,442,0
7,0.021469249725341796,15.505831495240665,1.0,0.783203125,0.175,20251028010-1.nii.gz,train,443,0
19,0.05827367782592773,12.713340025061862,0.9473684210526315,1.1076164814679905,0.11515151515151516,20251028010-1.nii.gz,train,445,0
23,0.07054182052612305,12.93153826649695,0.9565217391304348,0.783203125,0.11794871794871795,20251028010-1.nii.gz,train,446,0
38923,163.92611409299062,3.7584414377960274,0.21858541222413483,19.51171875,0.007041910794261611,20251028013-1.nii.gz,holdout,3,0
6,0.025269292823213618,28.06115231733809,1.0,0.0,0.2,20251028013-1.nii.gz,holdout,5,0
10,0.042115488038689364,22.78735253408659,1.0,0.72265625,0.17857142857142858,20251028013-1.nii.gz,holdout,6,0
28,0.11792336650833021,50.0,1.0,0.72265625,0.2222222222222222,20251028013-1.nii.gz,holdout,7,0
11,0.0463270368425583,27.78319901232216,1.0,0.0,0.11458333333333333,20251028013-1.nii.gz,holdout,12,0
57,0.24005828182052938,13.48835568802033,0.5964912280701754,1.021990269683682,0.11176470588235295,20251028013-1.nii.gz,holdout,14,0
6,0.025269292823213618,26.8438620471845,1.0,0.0,0.3333333333333333,20251028013-1.nii.gz,holdout,20,0
10,0.042115488038689364,25.293400337424792,1.0,1.021990269683682,0.16666666666666666,20251028013-1.nii.gz,holdout,26,0
9,0.037903939234820425,24.934041664682532,0.8888888888888888,0.0,0.18,20251028013-1.nii.gz,holdout,32,0
168,0.7075401990499813,50.0,1.0,3.2318169987301646,0.2007168458781362,20251028013-1.nii.gz,holdout,33,0
7,0.029480841627082553,19.50320623782091,1.0,0.72265625,0.15555555555555556,20251028013-1.nii.gz,holdout,36,0
75,0.31586616029017023,50.0,1.0,1.021990269683682,0.234375,20251028013-1.nii.gz,holdout,48,0
6,0.025269292823213618,18.293238108100425,1.0,0.72265625,0.5,20251028013-1.nii.gz,holdout,49,0
309,1.3013685803955013,50.0,1.0,0.0,0.24759615384615385,20251028013-1.nii.gz,holdout,52,0
74,0.3116546114863013,50.0,1.0,0.0,0.3523809523809524,20251028013-1.nii.gz,holdout,55,0
46872,197.40371553494478,4.7140950269867625,0.0,27.664952666660252,0.15183673469387754,20251028013-1.nii.gz,holdout,56,1
127,0.5348666980913549,15.048205588084347,0.5826771653543307,2.16796875,0.06635318704284221,20251028013-1.nii.gz,holdout,59,0
33,0.1389811105276749,23.160655981943346,0.8181818181818182,0.72265625,0.103125,20251028013-1.nii.gz,holdout,61,0
20,0.08423097607737873,50.0,1.0,1.4453125,0.3333333333333333,20251028013-1.nii.gz,holdout,62,0
121,0.5095974052681413,3.4006560810441617,0.0,48.89310547792106,0.5817307692307693,20251028013-1.nii.gz,holdout,64,0
140,0.5896168325416511,50.0,1.0,0.0,0.3804347826086957,20251028013-1.nii.gz,holdout,67,0
19,0.08001942727350979,19.110486591128957,0.7894736842105263,0.0,0.2638888888888889,20251028013-1.nii.gz,holdout,71,0
80,0.3369239043095149,50.0,1.0,1.6159084993650823,0.4166666666666667,20251028013-1.nii.gz,holdout,72,0
107,0.45063572201397617,6.859793266538788,0.9158878504672897,1.4453125,0.12783751493428913,20251028013-1.nii.gz,holdout,73,0
14,0.058961683254165106,25.098527457577468,1.0,0.72265625,0.19444444444444445,20251028013-1.nii.gz,holdout,74,0
8,0.03369239043095149,50.0,1.0,1.021990269683682,0.6666666666666666,20251028013-1.nii.gz,holdout,75,0
299,1.259253092356812,50.0,1.0,2.6055741639095236,0.46141975308641975,20251028013-1.nii.gz,holdout,77,0
9,0.037903939234820425,17.73523773946681,1.0,0.0,0.08571428571428572,20251028013-1.nii.gz,holdout,78,0
11,0.0463270368425583,50.0,0.0,18.239019147366665,0.6111111111111112,20251028013-1.nii.gz,holdout,81,0
13,0.054750134450296174,50.0,1.0,1.4453125,0.65,20251028013-1.nii.gz,holdout,86,0
96,0.4043086851714179,50.0,1.0,2.6055741639095236,0.46153846153846156,20251028013-1.nii.gz,holdout,87,0
14,0.058961683254165106,50.0,0.0,9.641436921341295,0.875,20251028013-1.nii.gz,holdout,88,0
6,0.025269292823213618,50.0,1.0,1.4453125,0.5,20251028013-1.nii.gz,holdout,91,0
33,0.1389811105276749,20.45369208143523,1.0,1.021990269683682,0.12222222222222222,20251028013-1.nii.gz,holdout,92,0
10,0.042115488038689364,17.956638630470053,0.0,15.783050736526123,0.4166666666666667,20251028013-1.nii.gz,holdout,93,0
1956,8.23778946036764,3.406757213291037,0.0,67.06520787919476,0.3528138528138528,20251028013-1.nii.gz,holdout,96,0
12,0.050538585646427235,50.0,1.0,1.021990269683682,0.21428571428571427,20251028013-1.nii.gz,holdout,97,0
6951,29.274475735692977,2.917943847098124,0.0,56.57773337334874,0.2744610281923715,20251028013-1.nii.gz,holdout,98,0
12,0.050538585646427235,50.0,1.0,0.72265625,0.48,20251028013-1.nii.gz,holdout,99,0
35,0.14740420813541277,50.0,1.0,2.043980539367364,0.625,20251028013-1.nii.gz,holdout,101,0
11,0.0463270368425583,18.1873138024845,1.0,0.72265625,0.2619047619047619,20251028013-1.nii.gz,holdout,104,0
20,0.08423097607737873,15.609824533117798,0.8,1.4453125,0.20833333333333334,20251028013-1.nii.gz,holdout,105,0
13,0.054750134450296174,41.43809629860431,0.0,2.043980539367364,0.2708333333333333,20251028013-1.nii.gz,holdout,106,0
3511,14.786747850383836,2.1400356969987793,0.0,70.76181925020374,0.4248033877797943,20251028013-1.nii.gz,holdout,107,0
11,0.0463270368425583,50.0,1.0,0.72265625,0.6875,20251028013-1.nii.gz,holdout,109,0
403,1.6972541679591813,50.0,1.0,8.064516067504883,0.36904761904761907,20251028013-1.nii.gz,holdout,110,0
25,0.10528872009672341,50.0,0.0,18.281917722848444,0.8928571428571429,20251028013-1.nii.gz,holdout,112,0
151,0.6359438693842094,25.234294782843314,0.1986754966887417,0.72265625,0.047305764411027566,20251028013-1.nii.gz,holdout,113,0
11,0.0463270368425583,50.0,0.18181818181818182,1.4453125,0.6111111111111112,20251028013-1.nii.gz,holdout,115,0
3388,14.268727347507957,1.9226426107758858,0.0,91.37570913458623,0.22814814814814816,20251028013-1.nii.gz,holdout,116,0
12,0.050538585646427235,19.40518715400854,0.0,15.575471688806912,0.26666666666666666,20251028013-1.nii.gz,holdout,117,0
5,0.021057744019344682,50.0,0.0,19.126998809681158,0.8333333333333334,20251028013-1.nii.gz,holdout,118,0
15,0.06317323205803405,50.0,0.0,21.739825444928865,0.6,20251028013-1.nii.gz,holdout,119,0
483,2.034178072268696,1.9858717317407506,0.0,35.476460564018936,0.47076023391812866,20251028013-1.nii.gz,holdout,122,0
1578,6.645824012505182,5.110042389598189,0.17173637515842838,3.61328125,0.11362327188940093,20251028013-1.nii.gz,holdout,124,0
115,0.4843281124449277,50.0,0.0,20.234375,0.6534090909090909,20251028013-1.nii.gz,holdout,125,0
17,0.07159632966577192,50.0,0.0,1.4453125,0.4722222222222222,20251028013-1.nii.gz,holdout,127,0
504,2.122620597149944,2.92208662555205,0.0,38.58701471466427,0.2423076923076923,20251028013-1.nii.gz,holdout,128,0
6,0.025269292823213618,50.0,0.0,70.09765625,1.0,20251028013-1.nii.gz,holdout,129,0
6714,28.276338669176038,3.6330491032973957,0.0,54.891132012618186,0.11346774602423484,20251028013-1.nii.gz,holdout,131,1
22,0.0926540736851166,50.0,0.0,67.2247754419978,0.6111111111111112,20251028013-1.nii.gz,holdout,132,0
30,0.1263464641160681,5.901673593732808,0.5666666666666667,1.021990269683682,0.21428571428571427,20251028013-1.nii.gz,holdout,133,0
120,0.5053858564642724,50.0,0.0,52.731803580535434,0.6153846153846154,20251028013-1.nii.gz,holdout,135,0
80,0.3369239043095149,50.0,1.0,8.064516067504883,0.7272727272727273,20251028013-1.nii.gz,holdout,136,0
293,1.2339837995335983,2.812374466431189,0.0,34.72511794837161,0.3033126293995859,20251028013-1.nii.gz,holdout,137,0
148,0.6233092229726026,4.9343987248222145,0.0,52.34414015450414,0.21893491124260356,20251028013-1.nii.gz,holdout,138,0
24985,105.22554686466538,6.928381373222853,0.0,28.779507297436542,0.2289387358659996,20251028013-1.nii.gz,holdout,140,0
6168,25.976833022263598,3.2018039785589933,0.0,52.872565607976,0.20396825396825397,20251028013-1.nii.gz,holdout,142,0
403,1.6972541679591813,3.0968799089727734,0.0,29.633624990405572,0.19081439393939395,20251028013-1.nii.gz,holdout,143,0
88,0.3706162947404664,4.061920778533312,0.0,81.07138869559918,0.2962962962962963,20251028013-1.nii.gz,holdout,145,0
5,0.021057744019344682,50.0,0.0,39.307023102176,0.8333333333333334,20251028013-1.nii.gz,holdout,147,0
55,0.2316351842127915,3.7655694916783937,0.0,43.416760973065486,0.4296875,20251028013-1.nii.gz,holdout,148,0
44,0.1853081473702332,50.0,0.0,43.47965088985773,0.6111111111111112,20251028013-1.nii.gz,holdout,149,0
830,3.495585507211217,4.909994994336692,0.0,23.187419644691406,0.4313929313929314,20251028013-1.nii.gz,holdout,150,0
613,2.581679416771658,2.7220105009576954,0.0,58.29888791523551,0.4422799422799423,20251028013-1.nii.gz,holdout,151,0
1782,7.504979968494444,9.001847399589622,0.9068462401795735,7.681941309984024,0.14914630063608972,20251028013-1.nii.gz,holdout,152,0
215,0.9054829928318213,1.7474562005098628,0.0,41.3685199929987,0.4594017094017094,20251028013-1.nii.gz,holdout,155,0
17,0.07159632966577192,50.0,0.0,76.89257926922176,0.68,20251028013-1.nii.gz,holdout,156,0
32,0.13476956172380597,13.42560174355065,0.0,1.4453125,0.2807017543859649,20251028013-1.nii.gz,holdout,157,0
8,0.03369239043095149,50.0,0.0,75.41130219421143,0.8888888888888888,20251028013-1.nii.gz,holdout,159,0
1068,4.497934122532024,2.4033693334857102,0.0,26.445090970266186,0.17991913746630728,20251028013-1.nii.gz,holdout,161,0
11,0.0463270368425583,12.258677645481633,1.0,0.72265625,0.275,20251028013-1.nii.gz,holdout,163,0
18,0.07580787846964085,7.583032049039184,0.0,47.732631386613185,0.45,20251028013-1.nii.gz,holdout,164,0
24,0.10107717129285447,50.0,1.0,1.021990269683682,0.2727272727272727,20251028013-1.nii.gz,holdout,167,0
382,1.6088116430779338,4.290678535187881,0.0,13.4421832772718,0.3991640543364681,20251028013-1.nii.gz,holdout,171,0
27,0.11371181770446129,50.0,1.0,0.0,0.375,20251028013-1.nii.gz,holdout,173,0
531,2.236332414854405,3.621477357073445,0.0,21.24825029489371,0.42142857142857143,20251028013-1.nii.gz,holdout,174,0
13,0.054750134450296174,50.0,0.0,2.16796875,0.5909090909090909,20251028013-1.nii.gz,holdout,176,0
5,0.021057744019344682,50.0,0.0,21.253957940802792,0.5555555555555556,20251028013-1.nii.gz,holdout,178,0
882,3.714586045012402,2.4911716365031773,0.0,21.24825029489371,0.1489864864864865,20251028013-1.nii.gz,holdout,179,0
18,0.07580787846964085,8.994054926339494,0.0,66.24042369799164,0.375,20251028013-1.nii.gz,holdout,180,0
6,0.025269292823213618,50.0,0.0,13.4421832772718,0.75,20251028013-1.nii.gz,holdout,181,0
127,0.5348666980913549,50.0,1.0,2.043980539367364,0.42333333333333334,20251028013-1.nii.gz,holdout,183,0
76,0.32007770909403915,10.854633646104308,0.0,40.34943570863889,0.19047619047619047,20251028013-1.nii.gz,holdout,184,0
13,0.054750134450296174,24.88730296497017,0.0,1.4453125,0.21666666666666667,20251028013-1.nii.gz,holdout,185,0
32,0.13476956172380597,50.0,1.0,1.6159084993650823,0.5079365079365079,20251028013-1.nii.gz,holdout,186,0
29,0.12213491531219915,50.0,0.0,56.70220612258988,0.6041666666666666,20251028013-1.nii.gz,holdout,188,0
63,0.265327574643743,50.0,0.0,12.306392491001501,0.35795454545454547,20251028013-1.nii.gz,holdout,189,0
48,0.20215434258570894,50.0,0.0,11.85244375534568,0.5,20251028013-1.nii.gz,holdout,190,0
129,0.5432897956990927,2.0781695494767716,0.0,47.18895512036225,0.39814814814814814,20251028013-1.nii.gz,holdout,191,0
32,0.13476956172380597,6.277853520972748,0.0,55.684570205562686,0.32,20251028013-1.nii.gz,holdout,192,0
351,1.4782536301579967,2.956162916160366,0.0,22.06173782545034,0.39,20251028013-1.nii.gz,holdout,193,0
5,0.021057744019344682,50.0,1.0,1.021990269683682,0.8333333333333334,20251028013-1.nii.gz,holdout,197,0
50,0.21057744019344682,50.0,1.0,2.890625,0.5208333333333334,20251028013-1.nii.gz,holdout,199,0
1036,4.363164560808218,26.541358552244667,0.9797297297297297,0.0,0.042919877371778936,20251028013-1.nii.gz,holdout,202,0
41,0.17267350095862638,20.058659884479546,0.7560975609756098,1.021990269683682,0.09490740740740741,20251028013-1.nii.gz,holdout,205,0
5,0.021057744019344682,50.0,1.0,0.72265625,0.625,20251028013-1.nii.gz,holdout,209,0
201,0.8465213095776563,50.0,1.0,2.043980539367364,0.5153846153846153,20251028013-1.nii.gz,holdout,212,0
42,0.17688504976249533,50.0,0.0,48.3870964050293,0.6666666666666666,20251028013-1.nii.gz,holdout,215,0
605,2.5479870263407065,1.9886402240778358,0.0,32.96611757300083,0.2412280701754386,20251028013-1.nii.gz,holdout,217,0
1165,4.906454356507311,2.737411914302453,0.2703862660944206,5.78125,0.16661899313501144,20251028013-1.nii.gz,holdout,219,0
166,0.6991171014422435,2.3461893102038873,0.0,25.58586348450587,0.6287878787878788,20251028013-1.nii.gz,holdout,220,0
14,0.058961683254165106,26.283059471459598,0.8571428571428571,1.021990269683682,0.1111111111111111,20251028013-1.nii.gz,holdout,224,0
6,0.025269292823213618,50.0,0.0,28.629735238692213,0.6666666666666666,20251028013-1.nii.gz,holdout,226,0
30,0.1263464641160681,50.0,1.0,2.16796875,0.5555555555555556,20251028013-1.nii.gz,holdout,227,0
12,0.050538585646427235,50.0,1.0,0.72265625,0.6666666666666666,20251028013-1.nii.gz,holdout,232,0
15,0.06317323205803405,50.0,1.0,1.4453125,0.6,20251028013-1.nii.gz,holdout,234,0
272,1.1455412746523508,10.879417018722338,0.5514705882352942,1.4453125,0.035836627140974964,20251028013-1.nii.gz,holdout,235,0
50,0.21057744019344682,50.0,1.0,2.890625,0.5952380952380952,20251028013-1.nii.gz,holdout,236,0
114,0.48011656364105876,50.0,0.0,20.039871526675615,0.7402597402597403,20251028013-1.nii.gz,holdout,237,0
5,0.021057744019344682,50.0,0.0,16.129032135009766,0.625,20251028013-1.nii.gz,holdout,238,0
238,1.0023486153208068,50.0,0.0,20.150780425375025,0.6296296296296295,20251028013-1.nii.gz,holdout,241,0
93,0.3916740387598111,50.0,0.0,33.477006907056044,0.775,20251028013-1.nii.gz,holdout,242,0
73,0.3074430626824324,2.016398533253281,0.0,28.657083522309225,0.33796296296296297,20251028013-1.nii.gz,holdout,243,0
5,0.021057744019344682,50.0,1.0,0.72265625,0.5,20251028013-1.nii.gz,holdout,247,0
39,0.16425040335088853,50.0,1.0,6.174377706577122,0.5064935064935064,20251028013-1.nii.gz,holdout,251,0
7,0.029480841627082553,33.640147191602594,1.0,0.72265625,0.2916666666666667,20251028013-1.nii.gz,holdout,254,0
62,0.26111602583987403,50.0,1.0,5.826240950918874,0.41333333333333333,20251028013-1.nii.gz,holdout,269,0
303,1.2760992875722876,19.942213377862323,0.29372937293729373,2.2852397153560555,0.06589821661591996,20251028013-1.nii.gz,holdout,273,0
5,0.021057744019344682,50.0,1.0,0.72265625,1.0,20251028013-1.nii.gz,holdout,284,0
5,0.021057744019344682,50.0,1.0,0.72265625,1.0,20251028013-1.nii.gz,holdout,285,0
48168,101.87723831176758,8.18740144619819,0.10760255771466534,14.958984375,0.03029159623279401,20251028015-1.nii.gz,train,1,0
33,0.06979631423950196,8.228901645352126,0.7272727272727273,0.9197912427153138,0.2619047619047619,20251028015-1.nii.gz,train,3,0
162,0.3426364517211914,5.242062615934903,0.30864197530864196,2.3450167475185713,0.2076923076923077,20251028015-1.nii.gz,train,4,0
7,0.014805278778076171,50.0,1.0,0.9197912427153138,0.11666666666666667,20251028015-1.nii.gz,train,8,0
54,0.11421215057373046,50.0,0.5925925925925926,0.0,0.09818181818181818,20251028015-1.nii.gz,train,10,0
856,1.8104740905761718,27.433857206723207,0.6191588785046729,0.0,0.011701982228298017,20251028015-1.nii.gz,train,12,0
678,1.4339970016479493,27.407318106377126,0.26253687315634217,2.908635298857148,0.023080065359477125,20251028015-1.nii.gz,train,17,0
7,0.014805278778076171,6.829964880297462,1.0,0.9197912427153138,0.2916666666666667,20251028015-1.nii.gz,train,22,0
11,0.023265438079833986,19.415187146514214,1.0,0.650390625,0.36666666666666664,20251028015-1.nii.gz,train,36,0
66,0.13959262847900392,11.451696949048483,0.6666666666666666,0.0,0.14965986394557823,20251028015-1.nii.gz,train,40,0
204,0.43146812438964843,10.387059608787034,0.4068627450980392,1.8395824854306275,0.2372093023255814,20251028015-1.nii.gz,train,42,0
6,0.012690238952636719,19.35476961109485,1.0,0.0,0.1875,20251028015-1.nii.gz,train,45,0
245,0.518184757232666,11.353999103904053,0.6857142857142857,1.8395824854306275,0.017620828538550057,20251028015-1.nii.gz,train,46,0
58,0.12267230987548829,4.208563271322537,0.1724137931034483,3.5024607046402148,0.30687830687830686,20251028015-1.nii.gz,train,51,0
30,0.06345119476318359,11.027787491120268,0.7333333333333333,0.650390625,0.17857142857142855,20251028015-1.nii.gz,train,55,0
8,0.016920318603515627,11.888688109274028,0.5,0.9197912427153138,0.17777777777777778,20251028015-1.nii.gz,train,57,0
404,0.8544760894775391,5.039839052408476,0.25,1.454317649428574,0.09395348837209302,20251028015-1.nii.gz,train,59,0
12591,26.630466442108155,13.715163556625466,0.0943531093638313,7.154296875,0.021606177606177605,20251028015-1.nii.gz,train,60,0
10,0.02115039825439453,15.695347076046927,1.0,0.0,0.18518518518518517,20251028015-1.nii.gz,train,65,0
14,0.029610557556152342,9.849630860483483,1.0,0.650390625,0.2916666666666667,20251028015-1.nii.gz,train,69,0
15,0.031725597381591794,50.0,1.0,1.30078125,0.8333333333333333,20251028015-1.nii.gz,train,71,0
212,0.44838844299316405,3.4894888469079848,0.32547169811320753,0.650390625,0.13554987212276215,20251028015-1.nii.gz,train,78,0
36,0.07614143371582031,10.923031668307237,0.8055555555555556,0.650390625,0.125,20251028015-1.nii.gz,train,83,0
5,0.010575199127197265,17.88802810208544,1.0,0.9197912427153138,0.4166666666666667,20251028015-1.nii.gz,train,86,0
6,0.012690238952636719,50.0,1.0,1.30078125,1.0,20251028015-1.nii.gz,train,89,0
12,0.025380477905273438,14.588248333436866,0.9166666666666666,0.650390625,0.14285714285714285,20251028015-1.nii.gz,train,92,0
206,0.43569820404052734,6.576997494346605,0.7233009708737864,0.0,0.021020408163265305,20251028015-1.nii.gz,train,95,1
47,0.0994068717956543,50.0,1.0,1.30078125,0.3357142857142857,20251028015-1.nii.gz,train,97,0
13,0.02749551773071289,50.0,1.0,0.9197912427153138,0.52,20251028015-1.nii.gz,train,98,0
3156,6.675065689086914,4.858218472900394,0.4917617237008872,0.0,0.03829632326174008,20251028015-1.nii.gz,train,99,0
10,0.02115039825439453,6.18051173001827,0.8,0.9197912427153138,0.4166666666666667,20251028015-1.nii.gz,train,100,0
6,0.012690238952636719,50.0,0.0,22.104676648535897,0.6,20251028015-1.nii.gz,train,101,0
1605,3.394638919830322,3.0752144785840936,0.0,19.3375034877229,0.3039772727272727,20251028015-1.nii.gz,train,104,0
5,0.010575199127197265,50.0,1.0,0.650390625,0.3125,20251028015-1.nii.gz,train,105,0
13,0.02749551773071289,32.15948223848239,0.8461538461538461,0.650390625,0.18055555555555555,20251028015-1.nii.gz,train,107,0
21,0.04441583633422851,3.758753412481109,0.0,27.409937541992104,0.42,20251028015-1.nii.gz,train,109,0
10,0.02115039825439453,17.861127837456984,1.0,0.0,0.25,20251028015-1.nii.gz,train,111,0
40,0.08460159301757812,8.828787196957354,0.7,0.650390625,0.07326007326007326,20251028015-1.nii.gz,train,116,0
354,0.7487240982055664,3.8381983557921715,0.5706214689265536,1.30078125,0.184375,20251028015-1.nii.gz,train,117,0
10,0.02115039825439453,10.367941567672258,1.0,0.650390625,0.23809523809523808,20251028015-1.nii.gz,train,118,0
10,0.02115039825439453,4.862120606625256,0.8,0.9197912427153138,0.4166666666666667,20251028015-1.nii.gz,train,119,0
35,0.07402639389038086,13.09214601652771,0.8285714285714286,0.650390625,0.09259259259259259,20251028015-1.nii.gz,train,125,0
10,0.02115039825439453,3.82143689715281,0.7,0.9197912427153138,0.3333333333333333,20251028015-1.nii.gz,train,127,0
1103,2.3328889274597167,1.841028662035912,0.0,30.947254531198706,0.33424242424242423,20251028015-1.nii.gz,train,132,0
39,0.08248655319213867,14.074792570542623,0.7948717948717948,0.650390625,0.09375,20251028015-1.nii.gz,train,134,0
12,0.025380477905273438,50.0,0.0,43.96756077441254,0.8,20251028015-1.nii.gz,train,137,0
11,0.023265438079833986,19.657474585864687,1.0,0.650390625,0.18333333333333332,20251028015-1.nii.gz,train,139,0
9,0.01903535842895508,22.82633323153063,1.0,0.650390625,0.25,20251028015-1.nii.gz,train,140,0
5,0.010575199127197265,50.0,1.0,0.650390625,0.3125,20251028015-1.nii.gz,train,142,0
1845,3.902248477935791,2.48558177112394,0.0,38.73566550643686,0.32608695652173914,20251028015-1.nii.gz,train,143,0
41,0.08671663284301757,3.7800678169682516,0.4634146341463415,1.454317649428574,0.5857142857142857,20251028015-1.nii.gz,train,148,0
6,0.012690238952636719,13.45247007943178,0.8333333333333334,0.9197912427153138,0.375,20251028015-1.nii.gz,train,151,0
16,0.03384063720703125,50.0,1.0,0.9197912427153138,0.125,20251028015-1.nii.gz,train,152,0
156,0.3299462127685547,4.889536986758333,0.5769230769230769,1.30078125,0.13541666666666666,20251028015-1.nii.gz,train,157,0
23,0.048645915985107424,4.721336780956706,0.0,51.13369497961268,0.23958333333333334,20251028015-1.nii.gz,train,158,0
27,0.05710607528686523,10.643455683992071,0.7777777777777778,0.650390625,0.2,20251028015-1.nii.gz,train,164,0
117,0.24745965957641602,5.628476628955103,0.452991452991453,0.650390625,0.22285714285714286,20251028015-1.nii.gz,train,166,0
48,0.10152191162109375,3.3647253092886484,0.0,50.228100042147666,0.26666666666666666,20251028015-1.nii.gz,train,167,0
111,0.23476942062377928,25.45482627717827,0.7567567567567568,0.650390625,0.03127641589180051,20251028015-1.nii.gz,train,171,0
11,0.023265438079833986,16.980133057651003,1.0,0.9197912427153138,0.2619047619047619,20251028015-1.nii.gz,train,175,0
26,0.05499103546142578,7.903229668969195,0.0,14.83118814679738,0.20634920634920634,20251028015-1.nii.gz,train,177,0
6,0.012690238952636719,50.0,1.0,1.30078125,0.5,20251028015-1.nii.gz,train,182,0
21,0.04441583633422851,11.973152922927854,0.8571428571428571,0.9197912427153138,0.14583333333333334,20251028015-1.nii.gz,train,184,0
36,0.07614143371582031,5.003671502433272,0.9722222222222222,0.9197912427153138,0.2857142857142857,20251028015-1.nii.gz,train,185,0
17,0.035955677032470705,50.0,1.0,0.650390625,0.3541666666666667,20251028015-1.nii.gz,train,188,0
48,0.10152191162109375,19.529501405095665,0.9791666666666666,0.650390625,0.05714285714285714,20251028015-1.nii.gz,train,189,0
1191,2.5190124320983887,8.116399360865394,0.0,13.153336372226907,0.08653007846556234,20251028015-1.nii.gz,train,193,0
33,0.06979631423950196,50.0,0.0,27.347359694774752,0.6111111111111112,20251028015-1.nii.gz,train,194,0
31,0.06556623458862304,3.8682314336395107,0.7096774193548387,1.30078125,0.4305555555555556,20251028015-1.nii.gz,train,196,0
6,0.012690238952636719,4.9623810642097075,0.8333333333333334,0.9197912427153138,0.3333333333333333,20251028015-1.nii.gz,train,200,0
9,0.01903535842895508,6.480177036548157,0.7777777777777778,0.9197912427153138,0.375,20251028015-1.nii.gz,train,201,0
265,0.560485553741455,2.0334335035582733,0.5660377358490566,1.454317649428574,0.16358024691358025,20251028015-1.nii.gz,train,202,0
18,0.03807071685791016,10.489877638771803,1.0,0.650390625,0.1875,20251028015-1.nii.gz,train,204,0
32,0.0676812744140625,4.812264954046907,0.75,1.454317649428574,0.3333333333333333,20251028015-1.nii.gz,train,206,0
18,0.03807071685791016,24.212734058572877,0.9444444444444444,0.650390625,0.061224489795918366,20251028015-1.nii.gz,train,209,0
1544,3.2656214904785155,4.289531488530859,0.49158031088082904,0.0,0.04211674849972722,20251028015-1.nii.gz,train,210,0
6,0.012690238952636719,50.0,1.0,0.650390625,0.75,20251028015-1.nii.gz,train,212,0
76,0.16074302673339844,3.4468221172019886,0.0,24.352765080237248,0.35185185185185186,20251028015-1.nii.gz,train,213,0
18,0.03807071685791016,4.931708533323272,0.7777777777777778,0.9197912427153138,0.36,20251028015-1.nii.gz,train,214,0
23,0.048645915985107424,11.1172233840059,0.8260869565217391,1.30078125,0.3194444444444444,20251028015-1.nii.gz,train,215,0
95,0.20092878341674805,6.674573393225189,0.6842105263157895,1.30078125,0.2638888888888889,20251028015-1.nii.gz,train,216,0
414,0.8756264877319336,3.9594399823059727,0.6956521739130435,0.650390625,0.052873563218390804,20251028015-1.nii.gz,train,220,0
13,0.02749551773071289,4.569139584627581,0.7692307692307693,0.9197912427153138,0.40625,20251028015-1.nii.gz,train,223,0
8,0.016920318603515627,50.0,1.0,0.650390625,1.0,20251028015-1.nii.gz,train,225,0
136,0.28764541625976564,11.994542709191185,0.5514705882352942,0.9197912427153138,0.07749287749287749,20251028015-1.nii.gz,train,233,1
32,0.0676812744140625,4.4659104727597985,0.65625,1.454317649428574,0.2962962962962963,20251028015-1.nii.gz,train,234,0
6,0.012690238952636719,4.9623810642097075,0.8333333333333334,0.9197912427153138,0.3333333333333333,20251028015-1.nii.gz,train,235,0
5,0.010575199127197265,50.0,1.0,0.650390625,0.25,20251028015-1.nii.gz,train,246,0
10,0.02115039825439453,8.926227550133259,0.8,0.9197912427153138,0.4166666666666667,20251028015-1.nii.gz,train,250,0
6,0.012690238952636719,50.0,1.0,0.650390625,0.75,20251028015-1.nii.gz,train,252,0
5,0.010575199127197265,31.21972965096577,1.0,0.650390625,0.20833333333333334,20251028015-1.nii.gz,train,259,0
6,0.012690238952636719,50.0,1.0,0.650390625,0.5,20251028015-1.nii.gz,train,261,0
5,0.010575199127197265,50.0,1.0,0.650390625,0.3125,20251028015-1.nii.gz,train,262,0
284,0.6006713104248047,8.537718393881336,0.6338028169014085,0.9197912427153138,0.05682272909163665,20251028015-1.nii.gz,train,263,0
978,2.068508949279785,7.794204311187739,0.3159509202453988,3.90234375,0.15548489666136725,20251028015-1.nii.gz,train,264,0
594,1.2563336563110352,4.724658161882762,0.25757575757575757,1.30078125,0.1554160125588697,20251028015-1.nii.gz,train,266,1
1305,2.7601269721984862,3.763503902912413,0.0,21.136199781243246,0.36989795918367346,20251028015-1.nii.gz,train,267,0
6,0.012690238952636719,50.0,1.0,0.0,0.5,20251028015-1.nii.gz,train,271,0
179,0.3785921287536621,6.279372716546725,0.29608938547486036,2.0567157438204497,0.1522108843537415,20251028015-1.nii.gz,train,272,0
15,0.031725597381591794,11.868141366440124,0.8666666666666667,0.650390625,0.08522727272727272,20251028015-1.nii.gz,train,273,0
11,0.023265438079833986,8.312883413827361,0.7272727272727273,1.30078125,0.55,20251028015-1.nii.gz,train,274,0
29,0.06133615493774414,21.212145065541783,0.7586206896551724,0.650390625,0.07733333333333334,20251028015-1.nii.gz,train,275,0
9,0.01903535842895508,4.326645115728448,1.0,0.650390625,0.18,20251028015-1.nii.gz,train,278,0
182,0.3849372482299805,8.393284348932287,0.521978021978022,0.0,0.030952380952380953,20251028015-1.nii.gz,train,279,0
9,0.01903535842895508,50.0,1.0,0.650390625,0.375,20251028015-1.nii.gz,train,281,0
76,0.16074302673339844,2.8544016163992163,0.0,31.54897370520643,0.3838383838383838,20251028015-1.nii.gz,train,282,0
51482,108.88648029327392,4.26273345221952,0.0,38.87630668970852,0.2029743177284161,20251028015-1.nii.gz,train,284,0
77,0.1628580665588379,50.0,0.0,24.064453125,0.7857142857142857,20251028015-1.nii.gz,train,285,0
105,0.22207918167114257,1.573364437489852,0.0,24.283185609234213,0.25,20251028015-1.nii.gz,train,287,0
13,0.02749551773071289,50.0,0.0,16.259765625,0.7222222222222222,20251028015-1.nii.gz,train,288,0
16,0.03384063720703125,50.0,1.0,0.650390625,0.16161616161616163,20251028015-1.nii.gz,train,289,0
115,0.24322957992553712,7.626582087696515,0.9304347826086956,1.454317649428574,0.06944444444444445,20251028015-1.nii.gz,train,290,0
11,0.023265438079833986,8.694122237850396,1.0,0.650390625,0.275,20251028015-1.nii.gz,train,291,0
727,1.5376339530944825,4.873200672402246,0.29436038514442914,0.9197912427153138,0.029308607135658134,20251028015-1.nii.gz,train,292,0
27,0.05710607528686523,6.494811279638642,0.6666666666666666,0.9197912427153138,0.28125,20251028015-1.nii.gz,train,297,0
378,0.7994850540161133,1.9578611320622925,0.0,55.0,0.4921875,20251028015-1.nii.gz,train,299,0
7,0.014805278778076171,50.0,0.0,53.927754322888454,0.875,20251028015-1.nii.gz,train,300,0
6,0.012690238952636719,50.0,1.0,0.650390625,1.0,20251028015-1.nii.gz,train,303,0
28,0.059221115112304684,8.849656885437781,0.6071428571428571,0.9197912427153138,0.26666666666666666,20251028015-1.nii.gz,train,304,1
131,0.27707021713256835,1.7698381720723382,0.0,22.67150651460113,0.5038461538461538,20251028015-1.nii.gz,train,305,0
34,0.07191135406494141,50.0,0.0,46.611280166406296,0.8095238095238095,20251028015-1.nii.gz,train,306,0
7,0.014805278778076171,50.0,0.0,49.06956499098541,0.7777777777777778,20251028015-1.nii.gz,train,309,0
105,0.22207918167114257,4.827809963600518,0.42857142857142855,1.454317649428574,0.06340579710144928,20251028015-1.nii.gz,train,310,0
16,0.03384063720703125,12.97517599754704,0.875,0.650390625,0.26666666666666666,20251028015-1.nii.gz,train,312,0
54,0.11421215057373046,50.0,0.0,24.612800248360077,0.75,20251028015-1.nii.gz,train,313,0
76,0.16074302673339844,5.7316767466426555,1.0,1.951171875,0.13194444444444445,20251028015-1.nii.gz,train,314,0
17,0.035955677032470705,13.842409730768564,0.7647058823529411,0.9197912427153138,0.12142857142857143,20251028015-1.nii.gz,train,317,1
7,0.014805278778076171,50.0,0.8571428571428571,0.650390625,0.3888888888888889,20251028015-1.nii.gz,train,319,0
10,0.02115039825439453,15.763162353457192,0.9,0.650390625,0.2222222222222222,20251028015-1.nii.gz,train,321,0
886,1.8739252853393555,3.0748902248080316,0.0,42.29539790989901,0.23971861471861472,20251028015-1.nii.gz,train,324,0
432,0.9136972045898437,3.7635755781832643,0.0,45.17336553372793,0.2742857142857143,20251028015-1.nii.gz,train,325,0
7371,15.58995855331421,4.363514829063781,0.0,27.936529769947416,0.11272021042329337,20251028015-1.nii.gz,train,328,0
84,0.17766334533691405,6.740673148573238,0.27380952380952384,1.454317649428574,0.12727272727272726,20251028015-1.nii.gz,train,330,1
214,0.45261852264404295,1.4534432845335148,0.0,22.03759682861797,0.5487179487179488,20251028015-1.nii.gz,train,337,0
267,0.564715633392334,3.62966676022914,0.0,16.407412533216693,0.29799107142857145,20251028015-1.nii.gz,train,340,0
41,0.08671663284301757,1.8766509215276688,0.0,39.39080788714795,0.36607142857142855,20251028015-1.nii.gz,train,341,0
763,1.6137753868103026,3.054099395491331,0.0,74.46790508218356,0.3032591414944356,20251028015-1.nii.gz,train,344,0
403,0.8523610496520996,2.2195685351157453,0.0,24.94568593372613,0.2433574879227053,20251028015-1.nii.gz,train,345,0
10,0.02115039825439453,50.0,0.0,60.207744422153205,0.8333333333333334,20251028015-1.nii.gz,train,347,0
6,0.012690238952636719,14.505541709678045,1.0,0.650390625,0.2,20251028015-1.nii.gz,train,348,0
161,0.34052141189575197,2.500911784575639,0.0,12.152049616237102,0.6388888888888888,20251028015-1.nii.gz,train,349,0
12,0.025380477905273438,50.0,0.0,49.131463283284056,0.6666666666666666,20251028015-1.nii.gz,train,350,0
8,0.016920318603515627,50.0,0.0,17.560546875,0.8888888888888888,20251028015-1.nii.gz,train,352,0
9760,20.642788696289063,1.8762377765211196,0.0,73.11733572156483,0.2833091436865022,20251028015-1.nii.gz,train,353,0
43,0.09094671249389648,50.0,0.0,29.166959866457844,0.5308641975308642,20251028015-1.nii.gz,train,354,0
11,0.023265438079833986,3.4261799545979033,0.0,30.97457981763676,0.4583333333333333,20251028015-1.nii.gz,train,358,0
342,0.723343620300293,2.206490160091987,0.0,38.052579341690674,0.1786833855799373,20251028015-1.nii.gz,train,361,0
958,2.0262081527709963,2.5059786832666937,0.0,60.0,0.15206349206349207,20251028015-1.nii.gz,train,364,0
16,0.03384063720703125,50.0,0.0,17.512303523201073,0.8,20251028015-1.nii.gz,train,366,0
38,0.08037151336669922,6.817246614493357,0.5526315789473685,1.30078125,0.19487179487179487,20251028015-1.nii.gz,train,369,0
15,0.031725597381591794,50.0,1.0,1.30078125,0.9999999999999999,20251028015-1.nii.gz,train,370,0
7,0.014805278778076171,50.0,0.0,1.30078125,0.7,20251028015-1.nii.gz,train,371,0
1698,3.5913376235961914,3.4053452381331355,0.0,14.775474274796258,0.27072704081632654,20251028015-1.nii.gz,train,372,0
7,0.014805278778076171,50.0,0.0,12.778148321408928,0.875,20251028015-1.nii.gz,train,373,0
75,0.15862798690795898,50.0,0.0,20.172596818817127,0.8333333333333334,20251028015-1.nii.gz,train,374,0
20,0.04230079650878906,50.0,0.0,23.914572310598157,0.8333333333333334,20251028015-1.nii.gz,train,375,0
14,0.029610557556152342,50.0,1.0,0.650390625,0.3888888888888889,20251028015-1.nii.gz,train,376,0
15,0.031725597381591794,6.453484819535374,0.0,14.30859375,0.49999999999999994,20251028015-1.nii.gz,train,378,0
8,0.016920318603515627,50.0,1.0,0.650390625,0.5,20251028015-1.nii.gz,train,379,0
19,0.04018575668334961,50.0,0.0,1.30078125,0.6333333333333333,20251028015-1.nii.gz,train,383,0
7,0.014805278778076171,50.0,0.0,24.50083330255384,0.7777777777777778,20251028015-1.nii.gz,train,385,0
161,0.34052141189575197,1.8529009480768515,0.0,19.51171875,0.2630718954248366,20251028015-1.nii.gz,train,386,0
3726,7.880638389587403,1.941633536377061,0.0,27.161892812782686,0.4119858469703671,20251028015-1.nii.gz,train,390,0
273,0.5774058723449706,1.9434239120164476,0.0,38.964318507581446,0.43333333333333335,20251028015-1.nii.gz,train,392,0
111,0.23476942062377928,4.428917559908667,0.0,19.51171875,0.44047619047619047,20251028015-1.nii.gz,train,394,0
46,0.09729183197021485,12.051541800384177,0.9347826086956522,0.0,0.06133333333333333,20251028015-1.nii.gz,train,398,0
6,0.012690238952636719,50.0,1.0,1.30078125,1.0,20251028015-1.nii.gz,train,402,0
111,0.23476942062377928,3.7844318501829894,0.0,15.01543357322211,0.30833333333333335,20251028015-1.nii.gz,train,404,0
1736,3.6717091369628907,3.036161309434399,0.0,13.90376352090203,0.10796019900497512,20251028015-1.nii.gz,train,405,0
117,0.24745965957641602,5.8634878399189,0.0,20.822659873682994,0.15476190476190477,20251028015-1.nii.gz,train,408,0
2133,4.511379947662354,2.1457969531954144,0.0,50.90153549965997,0.2730414746543779,20251028015-1.nii.gz,train,409,0
1602,3.388293800354004,4.962988313010222,0.15917602996254682,6.438538699007196,0.04649947753396029,20251028015-1.nii.gz,train,410,0
873,1.8464297676086425,3.6701321385975567,0.22107674684994272,4.598956213576569,0.10777777777777778,20251028015-1.nii.gz,train,412,0
4397,9.299830112457276,1.79411727523579,0.0,42.932689458350936,0.3991466957153232,20251028015-1.nii.gz,train,414,0
24,0.050760955810546876,50.0,0.0,53.24113920751292,0.6,20251028015-1.nii.gz,train,415,0
5,0.010575199127197265,50.0,0.0,43.73085802117107,0.8333333333333334,20251028015-1.nii.gz,train,419,0
49,0.1036369514465332,18.306661944519092,0.7755102040816326,0.650390625,0.04861111111111111,20251028015-1.nii.gz,train,424,0
8,0.016920318603515627,50.0,1.0,0.650390625,1.0,20251028015-1.nii.gz,train,426,0
87,0.1840084648132324,5.742785028262043,0.45977011494252873,1.30078125,0.11507936507936507,20251028015-1.nii.gz,train,427,0
337,0.7127684211730957,7.035901650988566,0.0,18.2109375,0.24002849002849003,20251028015-1.nii.gz,train,428,0
7,0.014805278778076171,50.0,0.0,12.425695443599126,0.875,20251028015-1.nii.gz,train,429,0
20,0.04230079650878906,50.0,0.0,1.30078125,0.31746031746031744,20251028015-1.nii.gz,train,431,0
6,0.012690238952636719,50.0,1.0,0.650390625,0.5,20251028015-1.nii.gz,train,436,0
14,0.029610557556152342,50.0,0.0,15.944522163358243,0.7777777777777778,20251028015-1.nii.gz,train,439,0
12,0.025380477905273438,50.0,0.0,12.3402944629227,0.75,20251028015-1.nii.gz,train,445,0
10,0.02115039825439453,4.212312077872976,0.9,0.650390625,0.25,20251028015-1.nii.gz,train,446,0
156,0.3299462127685547,7.370381850054493,0.5833333333333334,0.9197912427153138,0.15294117647058825,20251028015-1.nii.gz,train,447,0
48,0.10152191162109375,6.039485117648421,0.6875,0.9197912427153138,0.18181818181818182,20251028015-1.nii.gz,train,449,0
27,0.05710607528686523,3.9760400097656876,0.8888888888888888,0.9197912427153138,0.45,20251028015-1.nii.gz,train,450,0
52,0.10998207092285156,50.0,0.0,41.853536451401204,0.5777777777777777,20251028015-1.nii.gz,train,452,0
26,0.05499103546142578,18.68027025559197,0.8461538461538461,0.650390625,0.05,20251028015-1.nii.gz,train,455,0
10,0.02115039825439453,50.0,1.0,0.650390625,0.6666666666666666,20251028015-1.nii.gz,train,456,0
7,0.014805278778076171,50.0,0.0,1.30078125,0.5833333333333334,20251028015-1.nii.gz,train,460,0
849,1.7956688117980957,5.21944445184701,0.0,11.524951237970495,0.2183641975308642,20251028015-1.nii.gz,train,461,0
34,0.07191135406494141,7.396876104758677,0.6764705882352942,0.650390625,0.2833333333333333,20251028015-1.nii.gz,train,462,0
5,0.010575199127197265,12.793370004141616,1.0,0.0,0.3125,20251028015-1.nii.gz,train,464,0
548,1.1590418243408203,4.43251803722858,0.0,14.859682290543056,0.25946969696969696,20251028015-1.nii.gz,train,465,0
37,0.07825647354125977,50.0,1.0,1.30078125,0.6851851851851852,20251028015-1.nii.gz,train,466,0
12,0.025380477905273438,3.989574663520162,0.9166666666666666,0.650390625,0.3,20251028015-1.nii.gz,train,468,0
5,0.010575199127197265,50.0,0.0,1.30078125,0.625,20251028015-1.nii.gz,train,472,0
5,0.010575199127197265,50.0,0.0,11.994383610244308,0.5,20251028015-1.nii.gz,train,473,0
9422,19.927905235290527,7.744580368295966,0.0,15.826030626529374,0.1432829465616351,20251028015-1.nii.gz,train,474,0
18,0.03807071685791016,6.442022242476552,0.8888888888888888,0.9197912427153138,0.17142857142857143,20251028015-1.nii.gz,train,476,0
311,0.6577773857116699,1.9144301632474858,0.0,23.7735393119585,0.5380622837370242,20251028015-1.nii.gz,train,477,0
20,0.04230079650878906,50.0,1.0,1.454317649428574,0.5714285714285714,20251028015-1.nii.gz,train,479,0
5,0.010575199127197265,50.0,0.0,10.469077944956668,0.5,20251028015-1.nii.gz,train,481,0
5,0.010575199127197265,17.17263251328024,1.0,0.650390625,0.20833333333333334,20251028015-1.nii.gz,train,482,0
106,0.22419422149658202,3.4391827664860064,0.0,37.86312881607483,0.4015151515151515,20251028015-1.nii.gz,train,484,0
14,0.029610557556152342,4.786201920564848,0.8571428571428571,0.9197912427153138,0.35,20251028015-1.nii.gz,train,488,0
17,0.035955677032470705,16.20074681660484,0.9411764705882353,0.650390625,0.18888888888888888,20251028015-1.nii.gz,train,491,0
194,0.4103177261352539,3.955222165638128,0.5103092783505154,1.454317649428574,0.189453125,20251028015-1.nii.gz,train,493,0
6,0.012690238952636719,50.0,0.0,1.454317649428574,0.6666666666666666,20251028015-1.nii.gz,train,498,0
5,0.010575199127197265,50.0,0.0,11.618178468368075,0.3333333333333333,20251028015-1.nii.gz,train,500,0
5,0.010575199127197265,18.578985742343846,1.0,0.650390625,0.20833333333333334,20251028015-1.nii.gz,train,501,0
13179,27.874109859466554,2.9789837807707356,0.0,29.98223567167035,0.25960799763616665,20251028015-1.nii.gz,train,505,0
25,0.05287599563598633,3.7272480170750164,0.68,1.454317649428574,0.4166666666666667,20251028015-1.nii.gz,train,506,0
8,0.016920318603515627,16.346698769761222,0.875,0.9197912427153138,0.2222222222222222,20251028015-1.nii.gz,train,507,0
47,0.0994068717956543,21.787528377023104,0.8723404255319149,0.650390625,0.050213675213675216,20251028015-1.nii.gz,train,510,0
8,0.016920318603515627,50.0,1.0,0.650390625,0.5714285714285714,20251028015-1.nii.gz,train,513,0
5,0.010575199127197265,50.0,0.0,1.30078125,0.5555555555555556,20251028015-1.nii.gz,train,515,0
17,0.035955677032470705,7.249024782767193,0.9411764705882353,0.650390625,0.10119047619047619,20251028015-1.nii.gz,train,517,0
8,0.016920318603515627,16.346698769761222,0.875,0.9197912427153138,0.2222222222222222,20251028015-1.nii.gz,train,518,0
479,1.0131040763854982,4.285913024710408,0.49478079331941544,0.650390625,0.08959970071081183,20251028015-1.nii.gz,train,521,0
44,0.09306175231933594,50.0,0.0,11.834617294357527,0.39285714285714285,20251028015-1.nii.gz,train,525,0
7,0.014805278778076171,50.0,0.0,1.454317649428574,0.7777777777777778,20251028015-1.nii.gz,train,526,0
230,0.48645915985107424,6.667662913902924,0.6304347826086957,0.650390625,0.10267857142857142,20251028015-1.nii.gz,train,527,0
93,0.19669870376586915,10.07707745582804,0.5483870967741935,1.30078125,0.06038961038961039,20251028015-1.nii.gz,train,530,0
1629,3.4453998756408692,2.1194457028018205,0.0,46.52043937291933,0.4070464767616192,20251028015-1.nii.gz,train,532,0
327,0.6916180229187012,4.533616743327655,0.5749235474006116,0.9197912427153138,0.09123883928571429,20251028015-1.nii.gz,train,534,0
5,0.010575199127197265,50.0,1.0,0.650390625,0.5,20251028015-1.nii.gz,train,535,0
7,0.014805278778076171,50.0,1.0,0.650390625,0.4375,20251028015-1.nii.gz,train,537,0
6,0.012690238952636719,50.0,1.0,0.650390625,0.75,20251028015-1.nii.gz,train,538,0
133,0.28130029678344726,6.074326921621988,0.0,12.150299577198655,0.30227272727272725,20251028015-1.nii.gz,train,540,0
28,0.059221115112304684,5.347325472576194,0.0,48.44908387505918,0.2916666666666667,20251028015-1.nii.gz,train,541,0
6,0.012690238952636719,50.0,1.0,0.650390625,0.6,20251028015-1.nii.gz,train,542,0
6,0.012690238952636719,50.0,0.0,1.30078125,1.0,20251028015-1.nii.gz,train,543,0
12,0.025380477905273438,6.502779022727942,0.0,11.939584759723394,0.5,20251028015-1.nii.gz,train,547,0
14,0.029610557556152342,6.471854441811477,0.0,31.70946125392098,0.4375,20251028015-1.nii.gz,train,556,0
13,0.02749551773071289,50.0,0.0,1.30078125,0.18055555555555555,20251028015-1.nii.gz,train,559,0
7,0.014805278778076171,50.0,0.0,1.454317649428574,0.4375,20251028015-1.nii.gz,train,560,0
34,0.07191135406494141,6.253273194372418,0.5,0.650390625,0.17708333333333334,20251028015-1.nii.gz,train,561,0
5,0.010575199127197265,50.0,1.0,0.650390625,0.3125,20251028015-1.nii.gz,train,562,0
301,0.6366269874572754,6.046556552938423,0.5614617940199336,0.9197912427153138,0.09709677419354838,20251028015-1.nii.gz,train,563,0
5,0.010575199127197265,50.0,0.2,1.454317649428574,0.3333333333333333,20251028015-1.nii.gz,train,567,0
7,0.014805278778076171,50.0,0.0,12.628301660878028,0.5833333333333334,20251028015-1.nii.gz,train,575,0
6,0.012690238952636719,50.0,1.0,0.650390625,0.6,20251028015-1.nii.gz,train,580,0
6,0.012690238952636719,50.0,0.0,44.60798132434657,0.6666666666666666,20251028015-1.nii.gz,train,583,0
6,0.012690238952636719,50.0,1.0,0.9197912427153138,0.1875,20251028015-1.nii.gz,train,587,0
36,0.07614143371582031,2.710669594376925,0.0,11.189743413770293,0.2857142857142857,20251028015-1.nii.gz,train,588,0
5,0.010575199127197265,50.0,1.0,0.650390625,0.625,20251028015-1.nii.gz,train,589,0
143,0.3024506950378418,2.680204163723533,0.0,40.1423399823557,0.22916666666666666,20251028015-1.nii.gz,train,593,0
648,1.3705458068847656,5.468414275040576,0.0,12.561129367130299,0.24434389140271492,20251028015-1.nii.gz,train,596,0
103,0.21784910202026367,4.305557330537773,0.6407766990291263,0.650390625,0.14425770308123248,20251028015-1.nii.gz,train,597,0
45,0.0951767921447754,4.149701742808898,0.6888888888888889,0.9197912427153138,0.25,20251028015-1.nii.gz,train,598,0
33,0.06979631423950196,3.8782864628918365,0.696969696969697,1.30078125,0.4714285714285714,20251028015-1.nii.gz,train,606,0
1414,2.9906663131713866,29.696467652339994,0.16548797736916548,3.679164970861255,0.021073025335320416,20251028015-1.nii.gz,train,609,0
24,0.050760955810546876,4.622867532656905,0.0,24.65572906833447,0.34285714285714286,20251028015-1.nii.gz,train,610,0
104,0.21996414184570312,5.576203974629794,0.6538461538461539,1.30078125,0.2751322751322751,20251028015-1.nii.gz,train,615,0
27,0.05710607528686523,8.16067987512619,0.9629629629629629,0.650390625,0.15428571428571428,20251028015-1.nii.gz,train,618,0
246,0.5202997970581055,3.5875648118866925,0.0,23.977288308194023,0.36607142857142855,20251028015-1.nii.gz,train,620,0
172,0.3637868499755859,3.5199763456659046,0.011627906976744186,10.209313378032771,0.5308641975308642,20251028015-1.nii.gz,train,623,0
36,0.07614143371582031,4.4913877089121055,0.75,0.9197912427153138,0.36,20251028015-1.nii.gz,train,624,0
6,0.012690238952636719,15.97328068635396,0.8333333333333334,0.9197912427153138,0.5,20251028015-1.nii.gz,train,627,0
537,1.1357763862609864,3.0473241490024323,0.0,12.949180453374742,0.43028846153846156,20251028015-1.nii.gz,train,629,0
54,0.11421215057373046,1.7543210465326624,0.0,37.54280942701081,0.3,20251028015-1.nii.gz,train,633,0
49,0.1036369514465332,11.994639924053164,0.7142857142857143,1.454317649428574,0.06282051282051282,20251028015-1.nii.gz,train,635,0
41,0.08671663284301757,3.6289577175641554,0.6829268292682927,1.8395824854306275,0.5125,20251028015-1.nii.gz,train,638,0
10,0.02115039825439453,4.862120606625256,0.8,0.9197912427153138,0.4166666666666667,20251028015-1.nii.gz,train,639,0
18,0.03807071685791016,5.637251396196384,0.6666666666666666,1.454317649428574,0.3,20251028015-1.nii.gz,train,643,0
5,0.010575199127197265,13.27100304947207,1.0,0.650390625,0.3125,20251028015-1.nii.gz,train,644,0
21,0.04441583633422851,5.3945999894671255,0.9047619047619048,0.0,0.14583333333333334,20251028015-1.nii.gz,train,647,0
15,0.031725597381591794,50.0,1.0,0.650390625,0.0505050505050505,20251028015-1.nii.gz,train,649,0
51,0.10786703109741211,13.628385442295157,0.7843137254901961,0.9197912427153138,0.061004784688995214,20251028015-1.nii.gz,train,650,0
15,0.031725597381591794,15.162978647961841,0.9333333333333333,0.650390625,0.08522727272727272,20251028015-1.nii.gz,train,656,0
2642,5.587935218811035,9.685992622714883,0.16956850870552612,1.951171875,0.11087795870404565,20251028015-1.nii.gz,train,658,0
322,0.6810428237915039,18.86713522964786,0.6645962732919255,0.9197912427153138,0.01769230769230769,20251028015-1.nii.gz,train,659,0
79,0.1670881462097168,18.462679650041267,0.5949367088607594,1.454317649428574,0.01462962962962963,20251028015-1.nii.gz,train,671,0
154,0.3257161331176758,8.555705387959923,0.4805194805194805,1.30078125,0.07946336429308566,20251028015-1.nii.gz,train,674,0
9,0.01903535842895508,50.0,0.6666666666666666,1.30078125,0.75,20251028015-1.nii.gz,train,682,0
34,0.07191135406494141,13.841272685073323,0.6470588235294118,0.650390625,0.09340659340659341,20251028015-1.nii.gz,train,686,0
13,0.02749551773071289,17.967400471457637,0.9230769230769231,1.30078125,0.24074074074074073,20251028015-1.nii.gz,train,689,0
7,0.014805278778076171,18.173993989124227,1.0,0.650390625,0.2916666666666667,20251028015-1.nii.gz,train,690,0
280,1.4476575396736735,6.231604877376133,0.575,2.115234375,0.019230769230769232,20251028023-1.nii.gz,holdout,2,0
11,0.056872260487180026,50.0,1.0,0.705078125,0.55,20251028023-1.nii.gz,holdout,4,0
97,0.5015099333869512,19.99450576255941,0.6597938144329897,0.705078125,0.06024844720496894,20251028023-1.nii.gz,holdout,6,0
35,0.1809571924592092,14.000123667078158,1.0,0.9971310469075924,0.12962962962962962,20251028023-1.nii.gz,holdout,8,0
22,0.11374452097436005,19.97222126148023,0.5909090909090909,0.9971310469075924,0.052884615384615384,20251028023-1.nii.gz,holdout,9,0
9,0.04653184948951093,50.0,1.0,0.9971310469075924,0.3,20251028023-1.nii.gz,holdout,10,0
68,0.3515739739207493,30.360284871495587,0.8676470588235294,0.705078125,0.22666666666666666,20251028023-1.nii.gz,holdout,16,0
25,0.1292551374708637,25.525007711390003,0.92,0.705078125,0.1388888888888889,20251028023-1.nii.gz,holdout,18,0
10,0.05170205498834548,50.0,1.0,0.705078125,0.2222222222222222,20251028023-1.nii.gz,holdout,19,0
31,0.160276370463871,16.935703790785528,0.8709677419354839,1.41015625,0.03799019607843137,20251028023-1.nii.gz,holdout,20,0
5,0.02585102749417274,50.0,1.0,0.705078125,0.4166666666666667,20251028023-1.nii.gz,holdout,21,0
6,0.031021232993007287,50.0,1.0,0.705078125,0.375,20251028023-1.nii.gz,holdout,22,0
11,0.056872260487180026,30.975693235191272,1.0,0.705078125,0.2619047619047619,20251028023-1.nii.gz,holdout,23,0
6,0.031021232993007287,50.0,1.0,0.705078125,1.0,20251028023-1.nii.gz,holdout,25,0
29,0.1499359594662019,25.25615527939696,0.8620689655172413,0.0,0.1858974358974359,20251028023-1.nii.gz,holdout,26,0
8,0.041361643990676385,50.0,1.0,0.705078125,0.38095238095238093,20251028023-1.nii.gz,holdout,27,0
5,0.02585102749417274,50.0,1.0,0.705078125,0.3333333333333333,20251028023-1.nii.gz,holdout,30,0
9070,46.893763874429354,16.646590450925,0.2794928335170893,0.0,0.091868568187343,20251028023-1.nii.gz,holdout,34,0
133,0.6876373313449949,16.643344568884554,0.39097744360902253,1.576602616948094,0.09236111111111112,20251028023-1.nii.gz,holdout,36,0
13897,71.85034581730372,11.48261121940871,0.12578254299489097,9.87109375,0.009099218607794017,20251028023-1.nii.gz,holdout,37,0
17,0.08789349348018732,26.43427119028149,0.8235294117647058,0.705078125,0.17346938775510204,20251028023-1.nii.gz,holdout,41,0
17,0.08789349348018732,12.537488871507865,0.0,11.28125,0.40476190476190477,20251028023-1.nii.gz,holdout,44,0
17,0.08789349348018732,36.50395525723136,1.0,0.0,0.09444444444444444,20251028023-1.nii.gz,holdout,45,0
7,0.03619143849184184,39.518099436289745,1.0,0.9971310469075924,0.2916666666666667,20251028023-1.nii.gz,holdout,46,0
49,0.25334006944289283,11.35714721413167,0.0,13.17194638849464,0.35,20251028023-1.nii.gz,holdout,48,0
7,0.03619143849184184,25.849761127042072,1.0,0.705078125,0.19444444444444445,20251028023-1.nii.gz,holdout,51,0
6,0.031021232993007287,50.0,0.0,11.986328125,0.6,20251028023-1.nii.gz,holdout,52,0
4093,21.161651106729806,8.721250773219296,0.18372831663816272,0.0,0.029935346088584638,20251028023-1.nii.gz,holdout,53,1
6,0.031021232993007287,50.0,1.0,0.705078125,0.15,20251028023-1.nii.gz,holdout,55,0
5,0.02585102749417274,50.0,1.0,0.705078125,0.2,20251028023-1.nii.gz,holdout,61,0
117,0.6049140433636421,17.683323585952422,0.452991452991453,2.542195332895508,0.04126984126984127,20251028023-1.nii.gz,holdout,66,0
125678,649.7810866825283,4.191642626009688,0.12399147026528111,0.9971310469075924,0.05415987933634993,20251028023-1.nii.gz,holdout,67,1
15,0.07755308248251822,50.0,1.0,0.9971310469075924,0.09259259259259259,20251028023-1.nii.gz,holdout,69,0
11,0.056872260487180026,39.022209793650354,1.0,0.705078125,0.1527777777777778,20251028023-1.nii.gz,holdout,72,0
3831,19.807057266035155,3.097330137433536,0.1232054293918037,0.0,0.1547753716871364,20251028023-1.nii.gz,holdout,73,1
53,0.27402089143823105,23.25043586674654,0.7924528301886793,0.9971310469075924,0.05353535353535353,20251028023-1.nii.gz,holdout,74,0
26,0.13442534296969824,50.0,1.0,0.705078125,0.0663265306122449,20251028023-1.nii.gz,holdout,76,0
1744,9.016838389967452,3.5889222559156786,0.0,19.316651718138257,0.3075837742504409,20251028023-1.nii.gz,holdout,81,0
40,0.20680821995338192,34.34637437008889,0.7,0.705078125,0.062111801242236024,20251028023-1.nii.gz,holdout,83,0
73,0.377425001414922,11.513054539142527,0.6986301369863014,1.576602616948094,0.21726190476190477,20251028023-1.nii.gz,holdout,86,1
12,0.062042465986014574,12.509427147238297,0.8333333333333334,1.41015625,0.5,20251028023-1.nii.gz,holdout,91,0
86,0.44463767289977113,7.1654325147382325,0.6046511627906976,2.115234375,0.2986111111111111,20251028023-1.nii.gz,holdout,92,0
46,0.2378294529463892,10.785748533695466,0.6521739130434783,1.41015625,0.34074074074074073,20251028023-1.nii.gz,holdout,94,1
53,0.27402089143823105,10.73664967036875,0.41509433962264153,0.705078125,0.2676767676767677,20251028023-1.nii.gz,holdout,95,1
1316,6.803990436466266,7.381573958276722,0.2796352583586626,2.229652803360908,0.04607843137254902,20251028023-1.nii.gz,holdout,97,1
91,0.47048870039394386,10.705543516135076,0.5934065934065934,0.9971310469075924,0.15555555555555556,20251028023-1.nii.gz,holdout,98,0
11,0.056872260487180026,50.0,1.0,0.705078125,0.6111111111111112,20251028023-1.nii.gz,holdout,99,0
13,0.06721267148484912,36.51898784539612,1.0,0.705078125,0.13541666666666666,20251028023-1.nii.gz,holdout,101,0
35,0.1809571924592092,5.982454674784856,0.8,1.9942620938151847,0.3645833333333333,20251028023-1.nii.gz,holdout,102,0
28,0.14476575396736735,9.184908683505313,0.6428571428571429,1.576602616948094,0.3111111111111111,20251028023-1.nii.gz,holdout,103,0
41,0.21197842545221646,50.0,0.7560975609756098,0.9971310469075924,0.05466666666666667,20251028023-1.nii.gz,holdout,104,0
21,0.10857431547552551,50.0,1.0,1.41015625,0.65625,20251028023-1.nii.gz,holdout,105,0
3723,19.24867507216102,2.321784117785487,0.4969110932044051,0.0,0.13039366769403193,20251028023-1.nii.gz,holdout,106,0
171,0.8841051403007077,8.524985628799675,0.5906432748538012,1.576602616948094,0.265527950310559,20251028023-1.nii.gz,holdout,107,0
11,0.056872260487180026,22.013065825728653,0.8181818181818182,0.705078125,0.275,20251028023-1.nii.gz,holdout,109,0
9,0.04653184948951093,34.41791232854033,1.0,0.705078125,0.225,20251028023-1.nii.gz,holdout,110,0
21,0.10857431547552551,9.20622022106766,0.7619047619047619,0.705078125,0.35,20251028023-1.nii.gz,holdout,111,0
18,0.09306369897902186,12.827885599283386,0.6666666666666666,0.9971310469075924,0.2,20251028023-1.nii.gz,holdout,112,0
145,0.7496797973310094,19.609415878778158,0.47586206896551725,0.705078125,0.0847953216374269,20251028023-1.nii.gz,holdout,113,1
22,0.11374452097436005,9.128715063885098,0.6818181818181818,1.576602616948094,0.36666666666666664,20251028023-1.nii.gz,holdout,114,0
11,0.056872260487180026,50.0,0.9090909090909091,0.705078125,0.22916666666666666,20251028023-1.nii.gz,holdout,116,1
5699,29.46500113785809,2.813943121214025,0.3172486401123004,4.111276628982722,0.12636363636363637,20251028023-1.nii.gz,holdout,117,0
36,0.18612739795804373,7.509420289598743,0.8888888888888888,1.41015625,0.45,20251028023-1.nii.gz,holdout,118,0
7,0.03619143849184184,50.0,1.0,0.705078125,0.4375,20251028023-1.nii.gz,holdout,119,0
6,0.031021232993007287,50.0,1.0,0.9971310469075924,0.375,20251028023-1.nii.gz,holdout,121,0
236,1.2201684977249534,2.742498650729174,0.7669491525423728,1.41015625,0.20068027210884354,20251028023-1.nii.gz,holdout,125,1
16,0.08272328798135277,26.894158803158135,1.0,1.41015625,0.2,20251028023-1.nii.gz,holdout,126,0
13,0.06721267148484912,18.374001494026707,0.7692307692307693,0.705078125,0.2708333333333333,20251028023-1.nii.gz,holdout,128,1
8,0.041361643990676385,50.0,1.0,0.705078125,0.6666666666666666,20251028023-1.nii.gz,holdout,129,0
5,0.02585102749417274,50.0,1.0,0.705078125,0.5,20251028023-1.nii.gz,holdout,131,0
6,0.031021232993007287,50.0,1.0,0.705078125,0.3,20251028023-1.nii.gz,holdout,133,0
25,0.1292551374708637,36.757247479633364,1.0,0.705078125,0.046992481203007516,20251028023-1.nii.gz,holdout,134,0
7,0.03619143849184184,50.0,0.8571428571428571,0.705078125,0.2916666666666667,20251028023-1.nii.gz,holdout,136,0
5,0.02585102749417274,50.0,1.0,0.9971310469075924,0.5555555555555556,20251028023-1.nii.gz,holdout,146,0
5,0.02585102749417274,50.0,1.0,0.705078125,0.5555555555555556,20251028023-1.nii.gz,holdout,150,0
22,0.11374452097436005,3.1993626466540737,0.0,33.61529747049014,0.36666666666666664,20251028023-1.nii.gz,holdout,151,0
31,0.160276370463871,8.058568087489737,0.8064516129032258,1.41015625,0.24603174603174602,20251028023-1.nii.gz,holdout,157,1
12,0.062042465986014574,10.950955319311191,0.9166666666666666,0.705078125,0.375,20251028023-1.nii.gz,holdout,160,0
12,0.062042465986014574,50.0,0.8333333333333334,0.705078125,0.6,20251028023-1.nii.gz,holdout,164,0
32,0.16544657596270554,8.339815693510566,0.71875,1.41015625,0.4,20251028023-1.nii.gz,holdout,165,0
274,1.4166363066806662,6.98645670217785,0.6021897810218978,1.9942620938151847,0.09060846560846561,20251028023-1.nii.gz,holdout,169,0
36,0.18612739795804373,7.723186065283666,0.0,28.553487812520657,0.45,20251028023-1.nii.gz,holdout,170,0
13,0.06721267148484912,50.0,0.0,1.9942620938151847,0.29545454545454547,20251028023-1.nii.gz,holdout,171,0
5,0.02585102749417274,50.0,1.0,0.705078125,1.0,20251028023-1.nii.gz,holdout,174,0
5,0.02585102749417274,50.0,1.0,0.705078125,1.0,20251028023-1.nii.gz,holdout,176,1
15,0.07755308248251822,50.0,0.6,0.705078125,0.5555555555555556,20251028023-1.nii.gz,holdout,180,1
27,0.1395955484685328,6.270376299010675,0.8148148148148148,1.576602616948094,0.45,20251028023-1.nii.gz,holdout,182,0
5,0.02585102749417274,50.0,0.0,26.802244488117598,0.8333333333333334,20251028023-1.nii.gz,holdout,184,0
7,0.03619143849184184,50.0,1.0,0.705078125,0.4375,20251028023-1.nii.gz,holdout,187,0
6,0.031021232993007287,11.872917347402552,1.0,0.705078125,0.25,20251028023-1.nii.gz,holdout,188,0
13,0.06721267148484912,6.263285316433358,0.9230769230769231,0.705078125,0.13541666666666666,20251028023-1.nii.gz,holdout,189,0
16544,85.53587977271876,4.02718444175126,0.047872340425531915,0.705078125,0.14547500967254054,20251028023-1.nii.gz,holdout,192,1
64,0.3308931519254111,50.0,0.0,36.206980309413,0.7032967032967034,20251028023-1.nii.gz,holdout,193,0
7,0.03619143849184184,50.0,1.0,0.705078125,1.0,20251028023-1.nii.gz,holdout,194,0
11,0.056872260487180026,13.711622823852887,0.9090909090909091,0.705078125,0.1527777777777778,20251028023-1.nii.gz,holdout,198,0
10,0.05170205498834548,16.805801623443866,0.8,0.705078125,0.2777777777777778,20251028023-1.nii.gz,holdout,200,0
40,0.20680821995338192,50.0,0.95,1.576602616948094,0.4,20251028023-1.nii.gz,holdout,202,0
62,0.320552740927742,17.73003457232738,0.7258064516129032,1.41015625,0.2152777777777778,20251028023-1.nii.gz,holdout,203,1
53,0.27402089143823105,6.336798305102723,0.6792452830188679,0.9971310469075924,0.2548076923076923,20251028023-1.nii.gz,holdout,204,0
8,0.041361643990676385,50.0,1.0,0.705078125,0.38095238095238093,20251028023-1.nii.gz,holdout,210,1
6,0.031021232993007287,9.521173114239703,0.8333333333333334,0.9971310469075924,0.3333333333333333,20251028023-1.nii.gz,holdout,211,0
10,0.05170205498834548,9.328806353037248,0.8,0.9971310469075924,0.4166666666666667,20251028023-1.nii.gz,holdout,212,0
12,0.062042465986014574,50.0,0.9166666666666666,0.705078125,0.36363636363636365,20251028023-1.nii.gz,holdout,213,0
53,0.27402089143823105,13.837551056238787,1.0,0.705078125,0.12268518518518519,20251028023-1.nii.gz,holdout,214,0
269,1.3907852791864934,17.069810015770695,0.7881040892193308,0.0,0.04032983508245877,20251028023-1.nii.gz,holdout,216,1
13,0.06721267148484912,29.829549032462086,1.0,0.705078125,0.18055555555555555,20251028023-1.nii.gz,holdout,217,0
6,0.031021232993007287,9.521173114239703,0.8333333333333334,0.9971310469075924,0.3333333333333333,20251028023-1.nii.gz,holdout,218,0
63,0.3257229464265765,3.8114710381688766,0.6507936507936508,1.41015625,0.20192307692307693,20251028023-1.nii.gz,holdout,221,0
54,0.2791910969370656,6.272293638655262,0.4444444444444444,0.0,0.11538461538461539,20251028023-1.nii.gz,holdout,224,1
1082,5.594162349738981,4.732795938812346,0.4390018484288355,3.7969619050303827,0.16129994036970782,20251028023-1.nii.gz,holdout,225,1
13,0.06721267148484912,23.011804102995203,0.9230769230769231,0.705078125,0.14444444444444443,20251028023-1.nii.gz,holdout,226,1
106,0.5480417828764621,17.824556870288575,0.6981132075471698,1.576602616948094,0.027894736842105264,20251028023-1.nii.gz,holdout,228,0
30,0.15510616496503643,8.80452635453613,0.7666666666666667,1.41015625,0.3333333333333333,20251028023-1.nii.gz,holdout,233,0
26,0.13442534296969824,50.0,0.0,10.48173987848043,0.7428571428571429,20251028023-1.nii.gz,holdout,238,0
5,0.02585102749417274,50.0,1.0,0.705078125,0.625,20251028023-1.nii.gz,holdout,242,0
244,1.2615301417156297,3.908894085151117,0.6311475409836066,0.0,0.07644110275689223,20251028023-1.nii.gz,holdout,243,0
74,0.38259520691375654,5.945829821249413,0.6486486486486487,1.9942620938151847,0.5138888888888888,20251028023-1.nii.gz,holdout,245,0
11,0.056872260487180026,50.0,0.9090909090909091,0.9971310469075924,0.55,20251028023-1.nii.gz,holdout,247,0
15,0.07755308248251822,50.0,0.0,1.41015625,0.35714285714285715,20251028023-1.nii.gz,holdout,249,0
44,0.2274890419487201,12.140922348435009,0.6590909090909091,0.9971310469075924,0.16666666666666666,20251028023-1.nii.gz,holdout,250,1
6,0.031021232993007287,50.0,1.0,0.705078125,0.375,20251028023-1.nii.gz,holdout,252,0
7,0.03619143849184184,50.0,1.0,0.705078125,0.5833333333333334,20251028023-1.nii.gz,holdout,253,1
9,0.04653184948951093,12.427534789454816,0.7777777777777778,0.9971310469075924,0.375,20251028023-1.nii.gz,holdout,254,0
65,0.33606335742424565,50.0,1.0,1.9942620938151847,0.5158730158730159,20251028023-1.nii.gz,holdout,255,0
12,0.062042465986014574,50.0,1.0,0.9971310469075924,0.8,20251028023-1.nii.gz,holdout,258,1
61,0.31538253542890743,14.592124793445793,0.9016393442622951,0.9971310469075924,0.4066666666666667,20251028023-1.nii.gz,holdout,260,1
17,0.08789349348018732,50.0,1.0,1.41015625,0.7083333333333334,20251028023-1.nii.gz,holdout,263,1
5,0.02585102749417274,15.23827212754998,0.8,0.9971310469075924,0.4166666666666667,20251028023-1.nii.gz,holdout,264,0
8,0.041361643990676385,50.0,1.0,0.705078125,1.0,20251028023-1.nii.gz,holdout,265,0
74,0.38259520691375654,31.180603693449928,0.918918918918919,0.705078125,0.08564814814814815,20251028023-1.nii.gz,holdout,267,1
696,3.5984630271888456,7.703901582855951,0.2801724137931034,2.115234375,0.11548033847685416,20251028023-1.nii.gz,holdout,269,1
9,0.04653184948951093,7.181554916847117,1.0,0.705078125,0.375,20251028023-1.nii.gz,holdout,271,1
20,0.10340410997669096,14.59792564479365,1.0,0.0,0.18518518518518517,20251028023-1.nii.gz,holdout,272,1
133,0.6876373313449949,8.54012267261739,0.6616541353383458,0.0,0.0655818540433925,20251028023-1.nii.gz,holdout,275,1
116,0.5997438378648076,12.50484701626574,0.7241379310344828,1.41015625,0.16666666666666666,20251028023-1.nii.gz,holdout,277,1
19,0.09823390447785642,50.0,0.0,27.303612768324943,0.7916666666666666,20251028023-1.nii.gz,holdout,282,0
9,0.04653184948951093,18.49121954165082,1.0,0.705078125,0.1875,20251028023-1.nii.gz,holdout,284,1
6,0.031021232993007287,50.0,1.0,0.705078125,0.75,20251028023-1.nii.gz,holdout,285,0
153,0.7910414413216859,12.248304192651398,0.5098039215686274,1.9942620938151847,0.13421052631578947,20251028023-1.nii.gz,holdout,287,0
241,1.2460195252191262,14.023563183383603,0.3900414937759336,0.9971310469075924,0.3442857142857143,20251028023-1.nii.gz,holdout,289,0
9,0.04653184948951093,50.0,0.8888888888888888,0.9971310469075924,0.75,20251028023-1.nii.gz,holdout,291,0
14,0.07238287698368367,23.70264050311835,0.9285714285714286,0.705078125,0.18666666666666668,20251028023-1.nii.gz,holdout,293,1
16,0.08272328798135277,50.0,1.0,1.41015625,0.7619047619047619,20251028023-1.nii.gz,holdout,296,0
103,0.5325311663799585,10.392444893318327,0.8543689320388349,1.9942620938151847,0.12622549019607843,20251028023-1.nii.gz,holdout,300,1
7,0.03619143849184184,50.0,1.0,0.705078125,0.3333333333333333,20251028023-1.nii.gz,holdout,303,0
11,0.056872260487180026,8.945465138706902,1.0,0.9971310469075924,0.4583333333333333,20251028023-1.nii.gz,holdout,305,1
6,0.031021232993007287,50.0,1.0,0.705078125,0.3,20251028023-1.nii.gz,holdout,306,0
13,0.06721267148484912,50.0,0.7692307692307693,0.9971310469075924,0.65,20251028023-1.nii.gz,holdout,308,0
92,0.4756589058927784,9.106642455178724,0.9130434782608695,1.576602616948094,0.1503267973856209,20251028023-1.nii.gz,holdout,309,1
12,0.062042465986014574,50.0,1.0,0.9971310469075924,0.25,20251028023-1.nii.gz,holdout,310,0
118,0.6100842488624767,7.2518431819674225,0.7627118644067796,0.705078125,0.25877192982456143,20251028023-1.nii.gz,holdout,311,1
373,1.9284866510652865,50.0,0.0,29.379568050940843,0.7371541501976284,20251028023-1.nii.gz,holdout,312,0
5,0.02585102749417274,50.0,1.0,0.705078125,1.0,20251028023-1.nii.gz,holdout,315,0
28,0.14476575396736735,50.0,1.0,0.705078125,0.25925925925925924,20251028023-1.nii.gz,holdout,316,0
1903,9.838901064282146,3.1222182146828175,0.22175512348922755,4.985655234537962,0.30496794871794874,20251028023-1.nii.gz,holdout,323,0
144,0.7445095918321749,50.0,0.0,26.94099732816387,0.6428571428571429,20251028023-1.nii.gz,holdout,324,0
6,0.031021232993007287,50.0,1.0,0.705078125,0.375,20251028023-1.nii.gz,holdout,326,0
9,0.04653184948951093,12.071306506014942,0.8888888888888888,0.9971310469075924,0.5,20251028023-1.nii.gz,holdout,327,1
6,0.031021232993007287,9.521173114239703,0.8333333333333334,0.9971310469075924,0.3333333333333333,20251028023-1.nii.gz,holdout,329,0
7,0.03619143849184184,13.59965068516779,0.8571428571428571,0.705078125,0.4375,20251028023-1.nii.gz,holdout,331,0
23,0.1189147264731946,9.663337046169223,0.7391304347826086,1.41015625,0.4791666666666667,20251028023-1.nii.gz,holdout,334,0
19,0.09823390447785642,50.0,0.0,11.564141069404839,0.6333333333333333,20251028023-1.nii.gz,holdout,337,0
12,0.062042465986014574,15.856431051145437,0.75,1.41015625,0.5,20251028023-1.nii.gz,holdout,338,0
17,0.08789349348018732,11.48937240655667,0.23529411764705882,2.115234375,0.3148148148148148,20251028023-1.nii.gz,holdout,341,0
85,0.43946746740093656,8.354111595996526,0.49411764705882355,0.705078125,0.34,20251028023-1.nii.gz,holdout,342,0
35,0.1809571924592092,50.0,0.0,7.626585998686524,0.625,20251028023-1.nii.gz,holdout,343,0
24,0.12408493197202915,21.17604743353753,0.9583333333333334,0.0,0.21052631578947367,20251028023-1.nii.gz,holdout,344,0
560,2.895315079347347,7.475861613980442,0.3482142857142857,4.288822799682924,0.041407867494824016,20251028023-1.nii.gz,holdout,345,0
22,0.11374452097436005,9.16841377282733,0.7727272727272727,1.41015625,0.5238095238095238,20251028023-1.nii.gz,holdout,349,0
6,0.031021232993007287,50.0,1.0,0.9971310469075924,0.6666666666666666,20251028023-1.nii.gz,holdout,353,0
8,0.041361643990676385,50.0,1.0,0.9971310469075924,0.6666666666666666,20251028023-1.nii.gz,holdout,354,0
22,0.11374452097436005,50.0,0.4090909090909091,0.705078125,0.4888888888888889,20251028023-1.nii.gz,holdout,355,0
14,0.07238287698368367,50.0,1.0,0.705078125,0.6363636363636364,20251028023-1.nii.gz,holdout,358,0
22,0.11374452097436005,50.0,0.0,34.66375177917773,0.55,20251028023-1.nii.gz,holdout,359,0
37,0.19129760345687827,19.988882989546433,0.6216216216216216,0.705078125,0.1522633744855967,20251028023-1.nii.gz,holdout,362,1
22,0.11374452097436005,50.0,0.0,31.908193501042955,0.7333333333333333,20251028023-1.nii.gz,holdout,363,0
38,0.19646780895571284,50.0,0.0,6.3847539743507955,0.7755102040816326,20251028023-1.nii.gz,holdout,365,0
6,0.031021232993007287,17.208655119868546,0.0,58.86452311540461,0.375,20251028023-1.nii.gz,holdout,369,0
49,0.25334006944289283,50.0,0.0,20.799999237060547,0.5384615384615384,20251028023-1.nii.gz,holdout,370,0
6,0.031021232993007287,16.472146716289938,0.8333333333333334,0.9971310469075924,0.3333333333333333,20251028023-1.nii.gz,holdout,371,0
18,0.09306369897902186,50.0,0.0,24.597022026746014,0.9,20251028023-1.nii.gz,holdout,372,0
12,0.062042465986014574,50.0,0.5833333333333334,0.705078125,0.5714285714285714,20251028023-1.nii.gz,holdout,374,0
47,0.24299965844522375,50.0,0.0,22.836260317942557,0.5875,20251028023-1.nii.gz,holdout,375,0
30,0.15510616496503643,50.0,0.36666666666666664,4.935546875,0.7142857142857143,20251028023-1.nii.gz,holdout,377,0
17,0.08789349348018732,50.0,0.8235294117647058,0.705078125,0.6071428571428571,20251028023-1.nii.gz,holdout,378,0
327,1.6906571981188971,9.856045417679994,0.4434250764525994,1.576602616948094,0.0865079365079365,20251028023-1.nii.gz,holdout,380,0
9,0.04653184948951093,16.890604307888538,0.7777777777777778,0.9971310469075924,0.375,20251028023-1.nii.gz,holdout,385,0
57,0.2947017134335692,2.2578818683040875,0.9298245614035088,3.525390625,0.35625,20251028023-1.nii.gz,holdout,386,0
14,0.07238287698368367,42.02538222346183,1.0,0.705078125,0.12962962962962962,20251028023-1.nii.gz,holdout,389,0
46,0.2378294529463892,9.117302556971035,0.6956521739130435,0.9971310469075924,0.14935064935064934,20251028023-1.nii.gz,holdout,391,1
49,0.25334006944289283,7.35809092189183,0.6938775510204082,1.41015625,0.2552083333333333,20251028023-1.nii.gz,holdout,392,1
133,0.6876373313449949,6.7663376931584915,0.7142857142857143,3.153205233896188,0.12739463601532566,20251028023-1.nii.gz,holdout,394,0
105,0.5428715773776276,5.767923500676034,0.0,12.130622739853079,0.33653846153846156,20251028023-1.nii.gz,holdout,395,1
78,0.40327602890909475,10.338017106980073,0.6410256410256411,0.9971310469075924,0.18055555555555555,20251028023-1.nii.gz,holdout,396,1
6,0.031021232993007287,16.567350633319965,0.8333333333333334,0.705078125,0.3333333333333333,20251028023-1.nii.gz,holdout,397,0
19,0.09823390447785642,9.40970715297142,0.8421052631578947,2.115234375,0.2878787878787879,20251028023-1.nii.gz,holdout,398,0
69,0.3567441794195838,6.036632750219269,0.0,58.02240359945465,0.43125,20251028023-1.nii.gz,holdout,399,0
19,0.09823390447785642,27.975793270287408,0.8947368421052632,0.705078125,0.11875,20251028023-1.nii.gz,holdout,401,0
10,0.05170205498834548,12.31705332464606,1.0,0.705078125,0.3333333333333333,20251028023-1.nii.gz,holdout,402,0
180,0.9306369897902187,7.507549226328726,0.5111111111111111,1.41015625,0.39473684210526316,20251028023-1.nii.gz,holdout,403,1
12209,63.123038935271,1.9861676277101694,0.30600376771234333,0.0,0.07233034153855268,20251028023-1.nii.gz,holdout,404,0
32,0.16544657596270554,7.891122629866468,0.53125,1.576602616948094,0.25396825396825395,20251028023-1.nii.gz,holdout,405,0
10,0.05170205498834548,50.0,0.9,0.705078125,0.2222222222222222,20251028023-1.nii.gz,holdout,406,0
85,0.43946746740093656,2.6509207557293855,0.0,67.50400120609895,0.2951388888888889,20251028023-1.nii.gz,holdout,410,0
69,0.3567441794195838,50.0,0.0,50.230402406891514,0.7840909090909091,20251028023-1.nii.gz,holdout,412,0
27,0.1395955484685328,20.135984126493643,0.8148148148148148,0.0,0.15,20251028023-1.nii.gz,holdout,416,1
8,0.041361643990676385,37.15824417442087,1.0,0.705078125,0.13333333333333333,20251028023-1.nii.gz,holdout,417,0
5,0.02585102749417274,50.0,0.6,0.705078125,0.5555555555555556,20251028023-1.nii.gz,holdout,424,0
27,0.1395955484685328,50.0,0.4444444444444444,1.41015625,0.375,20251028023-1.nii.gz,holdout,425,0
1072,5.542460294750636,2.164555692168216,0.4701492537313433,0.0,0.04772079772079772,20251028023-1.nii.gz,holdout,426,1
52,0.2688506859393965,20.714988365786375,0.5,1.9942620938151847,0.3611111111111111,20251028023-1.nii.gz,holdout,428,0
433,2.2386989809953595,2.451497901757779,0.08775981524249422,10.669768140824573,0.3330769230769231,20251028023-1.nii.gz,holdout,429,0
40,0.20680821995338192,24.185638182155714,0.75,0.9971310469075924,0.06944444444444445,20251028023-1.nii.gz,holdout,430,0
20,0.10340410997669096,19.34766670540715,0.7,0.705078125,0.23809523809523808,20251028023-1.nii.gz,holdout,431,1
5,0.02585102749417274,50.0,0.8,0.9971310469075924,0.5555555555555556,20251028023-1.nii.gz,holdout,432,0
5,0.02585102749417274,50.0,1.0,0.705078125,0.5555555555555556,20251028023-1.nii.gz,holdout,434,0
117,0.6049140433636421,10.328531064196017,0.3504273504273504,1.41015625,0.156,20251028023-1.nii.gz,holdout,435,0
18,0.09306369897902186,19.200603211436295,0.6666666666666666,0.705078125,0.16666666666666666,20251028023-1.nii.gz,holdout,436,0
31,0.160276370463871,13.791259137160791,0.7096774193548387,2.115234375,0.22794117647058823,20251028023-1.nii.gz,holdout,437,0
16,0.08272328798135277,19.446649461111818,0.8125,0.9971310469075924,0.14285714285714285,20251028023-1.nii.gz,holdout,438,0
30,0.15510616496503643,5.8706580239074695,0.7,0.705078125,0.15873015873015872,20251028023-1.nii.gz,holdout,441,0
83,0.4291270564032675,9.963531844554907,0.7590361445783133,1.576602616948094,0.0931537598204265,20251028023-1.nii.gz,holdout,442,0
15,0.07755308248251822,10.408011758894009,0.9333333333333333,0.705078125,0.25,20251028023-1.nii.gz,holdout,446,0
3325,17.190933283624872,3.4323860139844635,0.06646616541353384,8.25272786673786,0.13045354676710608,20251028023-1.nii.gz,holdout,449,1
6,0.031021232993007287,50.0,1.0,1.41015625,0.5,20251028023-1.nii.gz,holdout,453,0
95,0.4911695223892821,5.228496000095016,0.5052631578947369,0.705078125,0.1099537037037037,20251028023-1.nii.gz,holdout,455,0
142,0.7341691808345058,3.79295738584669,0.0,64.57915203054034,0.2874493927125506,20251028023-1.nii.gz,holdout,458,0
22,0.11374452097436005,50.0,1.0,0.705078125,0.125,20251028023-1.nii.gz,holdout,459,0
12,0.062042465986014574,50.0,1.0,0.705078125,0.6666666666666666,20251028023-1.nii.gz,holdout,460,0
9,0.04653184948951093,8.074200065566865,1.0,0.705078125,0.3,20251028023-1.nii.gz,holdout,463,0
89,0.4601482893962748,14.913298210399452,0.7303370786516854,0.705078125,0.09933035714285714,20251028023-1.nii.gz,holdout,465,1
18,0.09306369897902186,8.878980156849963,0.7777777777777778,1.41015625,0.375,20251028023-1.nii.gz,holdout,466,0
7,0.03619143849184184,50.0,0.5714285714285714,0.705078125,0.5833333333333334,20251028023-1.nii.gz,holdout,468,0
102,0.5273609608811239,8.606839564232486,0.6568627450980392,0.9971310469075924,0.08,20251028023-1.nii.gz,holdout,469,0
18,0.09306369897902186,8.13552105191227,0.8888888888888888,1.576602616948094,0.3,20251028023-1.nii.gz,holdout,472,0
19,0.09823390447785642,50.0,1.0,1.41015625,0.18627450980392157,20251028023-1.nii.gz,holdout,473,0
161,0.8324030853123623,5.550065569014051,0.6024844720496895,0.705078125,0.09757575757575758,20251028023-1.nii.gz,holdout,476,1
9,0.04653184948951093,16.052384103748384,0.8888888888888888,0.9971310469075924,0.375,20251028023-1.nii.gz,holdout,477,0
13,0.06721267148484912,7.625306677499811,0.7692307692307693,0.705078125,0.23214285714285715,20251028023-1.nii.gz,holdout,478,0
18,0.09306369897902186,50.0,1.0,1.41015625,0.75,20251028023-1.nii.gz,holdout,479,0
781,4.037930494589782,6.682964461832268,0.3738796414852753,0.0,0.09699453551912568,20251028023-1.nii.gz,holdout,484,0
22,0.11374452097436005,50.0,0.0,3.525390625,0.8148148148148148,20251028023-1.nii.gz,holdout,485,0
11,0.056872260487180026,11.213860370186316,0.8181818181818182,0.705078125,0.15714285714285714,20251028023-1.nii.gz,holdout,486,0
6,0.031021232993007287,9.521173114239703,0.8333333333333334,0.9971310469075924,0.3333333333333333,20251028023-1.nii.gz,holdout,487,1
14,0.07238287698368367,10.823101649458831,1.0,0.705078125,0.2916666666666667,20251028023-1.nii.gz,holdout,490,0
8,0.041361643990676385,50.0,0.75,0.705078125,0.4444444444444444,20251028023-1.nii.gz,holdout,493,0
15,0.07755308248251822,50.0,1.0,1.41015625,0.75,20251028023-1.nii.gz,holdout,495,0
11,0.056872260487180026,16.605381432967295,0.9090909090909091,0.705078125,0.2619047619047619,20251028023-1.nii.gz,holdout,498,0
26,0.13442534296969824,7.897039315084181,0.46153846153846156,1.41015625,0.3611111111111111,20251028023-1.nii.gz,holdout,504,1
95,0.4911695223892821,13.209522913667772,0.0,20.50270406613327,0.1141826923076923,20251028023-1.nii.gz,holdout,505,0
9,0.04653184948951093,50.0,0.0,40.89453125,0.9,20251028023-1.nii.gz,holdout,506,0
48,0.2481698639440583,10.338693207983516,0.1875,2.115234375,0.08333333333333333,20251028023-1.nii.gz,holdout,507,0
23,0.1189147264731946,5.32101897309971,0.7391304347826086,0.705078125,0.27380952380952384,20251028023-1.nii.gz,holdout,508,0
11,0.056872260487180026,50.0,0.8181818181818182,0.705078125,0.171875,20251028023-1.nii.gz,holdout,509,0
7,0.03619143849184184,30.19725316766595,1.0,0.705078125,0.175,20251028023-1.nii.gz,holdout,510,0
8,0.041361643990676385,50.0,1.0,0.705078125,0.17777777777777778,20251028023-1.nii.gz,holdout,514,0
16,0.08272328798135277,3.920624913302403,1.0,1.41015625,0.3333333333333333,20251028023-1.nii.gz,holdout,515,1
5,0.02585102749417274,50.0,1.0,0.705078125,0.5555555555555556,20251028023-1.nii.gz,holdout,517,0
11,0.056872260487180026,50.0,1.0,0.705078125,0.2619047619047619,20251028023-1.nii.gz,holdout,518,0
5,0.02585102749417274,50.0,1.0,0.705078125,0.625,20251028023-1.nii.gz,holdout,521,0
14,0.07238287698368367,50.0,1.0,0.9971310469075924,0.6666666666666666,20251028023-1.nii.gz,holdout,528,0
6,0.031021232993007287,50.0,1.0,0.9971310469075924,0.6666666666666666,20251028023-1.nii.gz,holdout,529,0
6,0.031021232993007287,50.0,1.0,0.705078125,0.5,20251028023-1.nii.gz,holdout,531,0
23,0.1189147264731946,50.0,0.9565217391304348,0.705078125,0.4791666666666667,20251028023-1.nii.gz,holdout,534,0
17,0.08789349348018732,50.0,1.0,1.41015625,0.68,20251028023-1.nii.gz,holdout,537,0
13,0.06721267148484912,8.76641688659116,0.7692307692307693,0.9971310469075924,0.40625,20251028023-1.nii.gz,holdout,539,0
12,0.062042465986014574,7.499506003389776,0.9166666666666666,0.9971310469075924,0.25,20251028023-1.nii.gz,holdout,540,0
1743,9.011668184468617,7.106669136651161,0.23006310958118187,0.0,0.05272232304900182,20251028023-1.nii.gz,holdout,544,0
16,0.08272328798135277,50.0,0.8125,0.705078125,0.12307692307692308,20251028023-1.nii.gz,holdout,545,0
20,0.10340410997669096,50.0,1.0,1.41015625,0.7142857142857143,20251028023-1.nii.gz,holdout,549,0
6,0.031021232993007287,50.0,1.0,0.9971310469075924,0.08333333333333333,20251028023-1.nii.gz,holdout,552,0
108,0.5583821938741312,6.16974260934956,0.7314814814814815,1.9942620938151847,0.32142857142857145,20251028023-1.nii.gz,holdout,554,1
297,1.5355510331538609,20.242639316597586,0.6599326599326599,1.41015625,0.042820069204152246,20251028023-1.nii.gz,holdout,555,0
6,0.031021232993007287,35.37260769569334,1.0,0.705078125,0.3333333333333333,20251028023-1.nii.gz,holdout,557,0
20,0.10340410997669096,7.830821867730907,0.75,1.41015625,0.5,20251028023-1.nii.gz,holdout,560,0
56,0.2895315079347347,50.0,0.0,21.766253920298283,0.5833333333333334,20251028023-1.nii.gz,holdout,570,0
6,0.031021232993007287,50.0,0.0,5.982786281445555,0.16666666666666666,20251028023-1.nii.gz,holdout,571,0
29,0.1499359594662019,19.182249771017425,0.7931034482758621,0.9971310469075924,0.044753086419753084,20251028023-1.nii.gz,holdout,574,0
135,0.697977742342664,17.074699342291037,0.5481481481481482,1.41015625,0.05357142857142857,20251028023-1.nii.gz,holdout,578,0
5,0.02585102749417274,13.223418543100868,0.8,0.9971310469075924,0.625,20251028023-1.nii.gz,holdout,580,0
6,0.031021232993007287,21.45692280591822,0.8333333333333334,0.9971310469075924,0.25,20251028023-1.nii.gz,holdout,581,0
5,0.02585102749417274,50.0,0.0,6.500499119302211,1.0,20251028023-1.nii.gz,holdout,587,0
24,0.12408493197202915,5.482494820999492,0.0,11.628446334749809,0.42857142857142855,20251028023-1.nii.gz,holdout,589,0
7,0.03619143849184184,34.12827945090481,1.0,0.0,0.23333333333333334,20251028023-1.nii.gz,holdout,594,0
424,2.1921671315058484,15.438173425610143,0.44575471698113206,1.41015625,0.10417690417690417,20251028023-1.nii.gz,holdout,600,0
46,0.2378294529463892,23.662644271717568,0.8478260869565217,0.705078125,0.10952380952380952,20251028023-1.nii.gz,holdout,601,0
24,0.12408493197202915,21.452887601761688,0.875,0.9971310469075924,0.15384615384615385,20251028023-1.nii.gz,holdout,602,0
7,0.03619143849184184,50.0,1.0,0.705078125,0.5,20251028023-1.nii.gz,holdout,608,0
17,0.08789349348018732,50.0,0.8235294117647058,1.41015625,0.6071428571428571,20251028023-1.nii.gz,holdout,620,0
7,0.03619143849184184,50.0,0.8571428571428571,0.705078125,0.5833333333333334,20251028023-1.nii.gz,holdout,622,0
18,0.09306369897902186,50.0,0.9444444444444444,0.705078125,0.5294117647058824,20251028023-1.nii.gz,holdout,624,0
15,0.07755308248251822,50.0,1.0,0.705078125,0.5,20251028023-1.nii.gz,holdout,625,0
89,0.6630157780343834,11.860261223900258,0.9550561797752809,1.68359375,0.10987654320987654,20251028025-1.nii.gz,train,1,0
190,1.4154269418711556,14.775682338922284,0.39473684210526316,1.8823150357468932,0.0356071964017991,20251028025-1.nii.gz,train,2,0
14,0.10429461676945356,25.706770922539487,0.9285714285714286,0.841796875,0.14583333333333334,20251028025-1.nii.gz,train,11,0
79,0.5885196231990594,12.949214025753694,0.7468354430379747,1.190480557388289,0.08440170940170941,20251028025-1.nii.gz,train,13,0
2424,18.057867932082534,4.3902183606809615,0.29661716171617164,8.666829278838666,0.013630229419703105,20251028025-1.nii.gz,train,14,0
10,0.07449615483532397,28.493712124030782,1.0,0.841796875,0.17857142857142858,20251028025-1.nii.gz,train,16,0
28,0.20858923353890713,18.057971838210324,1.0,0.841796875,0.0915032679738562,20251028025-1.nii.gz,train,25,0
9831,73.237169818607,8.585342046770753,0.3650696775506052,11.07210920852208,0.03432132383745287,20251028025-1.nii.gz,train,29,0
75,0.5587211612649299,20.354240684164502,0.8,0.841796875,0.04006410256410257,20251028025-1.nii.gz,train,32,0
36,0.26818615740716634,33.09190463655079,0.9444444444444444,0.841796875,0.11538461538461539,20251028025-1.nii.gz,train,36,0
22,0.16389154063771275,50.0,1.0,0.841796875,0.19642857142857142,20251028025-1.nii.gz,train,38,0
51652,384.7875389554154,5.547783250193968,0.0,29.762013934707223,0.23655815487203913,20251028025-1.nii.gz,train,41,1
14,0.10429461676945356,35.55042347291538,1.0,0.841796875,0.125,20251028025-1.nii.gz,train,42,0
21,0.15644192515418034,17.07858716784857,1.0,0.841796875,0.07720588235294118,20251028025-1.nii.gz,train,49,0
11,0.08194577031885637,50.0,0.0,25.113214869789,0.9166666666666666,20251028025-1.nii.gz,train,52,0
17,0.12664346322005077,50.0,0.0,23.92836306222995,0.7083333333333334,20251028025-1.nii.gz,train,55,0
6,0.04469769290119439,27.790091053927682,1.0,0.0,0.25,20251028025-1.nii.gz,train,60,0
739,5.505265842330442,10.576169442713647,0.42760487144790255,4.208984375,0.06606472376184516,20251028025-1.nii.gz,train,63,0
8,0.05959692386825918,28.38096069836065,1.0,0.841796875,0.3333333333333333,20251028025-1.nii.gz,train,65,0
158,1.1770392463981187,3.152879376805769,0.0,21.044921875,0.626984126984127,20251028025-1.nii.gz,train,66,1
67,0.49912423739667067,50.0,1.0,0.0,0.39880952380952384,20251028025-1.nii.gz,train,68,0
7,0.05214730838472678,50.0,1.0,0.841796875,0.4375,20251028025-1.nii.gz,train,73,0
9,0.06704653935179158,50.0,0.0,20.79084911790418,0.75,20251028025-1.nii.gz,train,76,0
1338,9.967585516966349,4.307842128102915,0.0,22.09616580688782,0.34520123839009287,20251028025-1.nii.gz,train,77,1
6317,47.05922100947416,9.429808198994394,0.3131233180307108,3.7646300714937864,0.05868636194723152,20251028025-1.nii.gz,train,78,0
7,0.05214730838472678,50.0,1.0,0.841796875,0.4375,20251028025-1.nii.gz,train,79,0
8,0.05959692386825918,29.646776411895775,1.0,0.841796875,0.14814814814814814,20251028025-1.nii.gz,train,85,0
14770,110.03082069177353,1.5873232927033614,0.0,52.564101219177246,0.38000411649686117,20251028025-1.nii.gz,train,87,0
10,0.07449615483532397,50.0,0.0,15.15234375,0.8333333333333334,20251028025-1.nii.gz,train,89,0
46,0.3426823122424903,50.0,0.0,24.412109375,0.575,20251028025-1.nii.gz,train,90,0
83,0.618318085133189,4.499919653410561,0.0,7.576171875,0.46111111111111114,20251028025-1.nii.gz,train,93,1
19,0.14154269418711557,50.0,0.0,24.105394055750423,0.59375,20251028025-1.nii.gz,train,95,0
77,0.5736203922319947,9.574982533070552,0.38961038961038963,1.8823150357468932,0.25666666666666665,20251028025-1.nii.gz,train,97,1
174,1.2962330941346372,1.451690842952466,0.0,78.31861980996092,0.38839285714285715,20251028025-1.nii.gz,train,98,0
2082,15.510099436714452,4.108476098931877,0.3121998078770413,12.052697027875212,0.020925043719471747,20251028025-1.nii.gz,train,99,0
18,0.13409307870358317,50.0,1.0,0.841796875,0.6923076923076923,20251028025-1.nii.gz,train,100,0
6,0.04469769290119439,50.0,0.0,9.411575178734466,1.0,20251028025-1.nii.gz,train,101,1
96,0.7151630864191102,6.211973313953081,0.22916666666666666,1.68359375,0.36363636363636365,20251028025-1.nii.gz,train,103,1
11,0.08194577031885637,50.0,0.0,15.175708981689251,0.5238095238095238,20251028025-1.nii.gz,train,105,0
6,0.04469769290119439,20.640417039579546,1.0,0.841796875,0.3333333333333333,20251028025-1.nii.gz,train,106,0
392,2.9202492695447,6.754741792649655,0.18877551020408162,2.525390625,0.1675213675213675,20251028025-1.nii.gz,train,107,1
77,0.5736203922319947,9.300691441349656,0.4155844155844156,1.8823150357468932,0.21388888888888888,20251028025-1.nii.gz,train,109,1
15,0.11174423225298596,50.0,0.0,8.584677384212853,0.75,20251028025-1.nii.gz,train,112,0
18,0.13409307870358317,25.029416281899504,1.0,0.841796875,0.13846153846153847,20251028025-1.nii.gz,train,116,0
32,0.23838769547303673,50.0,1.0,10.51282024383545,0.5818181818181818,20251028025-1.nii.gz,train,117,0
63,0.46932577546254106,21.5826183977997,0.7301587301587301,0.841796875,0.16153846153846155,20251028025-1.nii.gz,train,118,0
196,1.46012463477235,6.292690995847115,1.0,1.8823150357468932,0.19140625,20251028025-1.nii.gz,train,123,0
5,0.037248077417661986,50.0,1.0,0.841796875,0.4166666666666667,20251028025-1.nii.gz,train,124,0
18,0.13409307870358317,16.79485166802822,0.7777777777777778,1.190480557388289,0.5,20251028025-1.nii.gz,train,125,0
32,0.23838769547303673,50.0,1.0,0.841796875,0.4444444444444444,20251028025-1.nii.gz,train,128,0
328,2.4434738785986263,4.505239644176735,0.0,13.934217673776155,0.37272727272727274,20251028025-1.nii.gz,train,133,1
24,0.17879077160477755,23.927932367308085,0.9166666666666666,0.841796875,0.08791208791208792,20251028025-1.nii.gz,train,134,0
1520,11.323415534969245,4.962824240092286,0.14802631578947367,24.470095464709612,0.3442028985507246,20251028025-1.nii.gz,train,138,1
6,0.04469769290119439,50.0,0.0,37.048281116002386,1.0,20251028025-1.nii.gz,train,143,0
8,0.05959692386825918,50.0,1.0,10.51282024383545,0.6666666666666666,20251028025-1.nii.gz,train,145,0
5,0.037248077417661986,50.0,0.0,41.7941763603833,0.8333333333333334,20251028025-1.nii.gz,train,146,0
168,1.2515354012334428,13.478147101745446,0.7440476190476191,0.841796875,0.021052631578947368,20251028025-1.nii.gz,train,147,0
7,0.05214730838472678,50.0,1.0,0.841796875,0.2916666666666667,20251028025-1.nii.gz,train,148,0
10,0.07449615483532397,50.0,0.0,30.952494492095514,0.625,20251028025-1.nii.gz,train,151,0
12,0.08939538580238877,50.0,1.0,10.51282024383545,0.75,20251028025-1.nii.gz,train,152,0
10,0.07449615483532397,10.87834574865022,0.0,34.26640656393564,0.14285714285714285,20251028025-1.nii.gz,train,157,0
26,0.19369000257184235,50.0,0.0,30.175805585042777,0.7428571428571429,20251028025-1.nii.gz,train,162,0
6,0.04469769290119439,50.0,0.0,30.60716020672957,0.75,20251028025-1.nii.gz,train,163,0
9,0.06704653935179158,50.0,0.0,28.633470439767667,0.75,20251028025-1.nii.gz,train,165,0
16,0.11919384773651837,11.78620961251484,0.0,33.002302667446706,0.2222222222222222,20251028025-1.nii.gz,train,166,0
12,0.08939538580238877,50.0,1.0,10.51282024383545,0.48,20251028025-1.nii.gz,train,168,0
8,0.05959692386825918,13.260985749846231,0.0,31.146484375,0.2,20251028025-1.nii.gz,train,169,0
7,0.05214730838472678,50.0,1.0,10.51282024383545,0.5833333333333334,20251028025-1.nii.gz,train,170,0
33,0.24583731095656913,50.0,0.0,23.824487507322633,0.5892857142857143,20251028025-1.nii.gz,train,172,0
5,0.037248077417661986,50.0,0.0,16.8359375,0.8333333333333334,20251028025-1.nii.gz,train,174,0
8,0.05959692386825918,16.372208412755967,0.0,27.779296875,0.5,20251028025-1.nii.gz,train,175,0
6,0.04469769290119439,34.15664908060682,1.0,0.841796875,0.25,20251028025-1.nii.gz,train,182,0
6,0.04469769290119439,29.64402342781065,1.0,1.190480557388289,0.375,20251028025-1.nii.gz,train,186,0
22,0.16389154063771275,18.432684429265006,0.8636363636363636,0.841796875,0.09401709401709402,20251028025-1.nii.gz,train,190,0
13,0.09684500128592118,35.89745473921765,1.0,0.841796875,0.20634920634920634,20251028025-1.nii.gz,train,193,0
9,0.06704653935179158,50.0,1.0,0.841796875,0.1875,20251028025-1.nii.gz,train,199,0
19,0.14154269418711557,17.942245193762318,0.8421052631578947,1.190480557388289,0.19,20251028025-1.nii.gz,train,202,0
15,0.11174423225298596,36.50114397705155,1.0,0.841796875,0.08928571428571429,20251028025-1.nii.gz,train,210,0
11,0.08194577031885637,24.52501278321801,0.9090909090909091,0.841796875,0.18333333333333332,20251028025-1.nii.gz,train,217,0
7,0.05214730838472678,50.0,1.0,0.841796875,0.2,20251028025-1.nii.gz,train,232,0
2447,11.288944196365774,38.74062924131264,0.3146710257458112,3.607717422415453,0.009710664269755667,20251028027-1.nii.gz,train,2,0
6,0.027680288180708886,17.14054163616971,0.8333333333333334,0.875,0.25,20251028027-1.nii.gz,train,3,0
74,0.3413902208954096,14.768011709781844,0.0,0.875,0.11011904761904762,20251028027-1.nii.gz,train,4,0
13,0.05997395772486925,12.050060629578383,0.9230769230769231,0.875,0.2708333333333333,20251028027-1.nii.gz,train,5,0
43,0.1983753986284137,7.742607820100051,0.4883720930232558,1.75,0.35833333333333334,20251028027-1.nii.gz,train,6,0
12,0.05536057636141777,50.0,0.4166666666666667,0.875,0.6666666666666666,20251028027-1.nii.gz,train,7,0
1359,6.269585272930563,50.0,0.18027961736571008,3.1548573660309907,0.3987676056338028,20251028027-1.nii.gz,train,13,0
7,0.03229366954416037,6.886446816580636,0.8571428571428571,1.2374368670764582,0.25925925925925924,20251028027-1.nii.gz,train,15,0
180,0.8304086454212666,4.774444652948466,0.3277777777777778,1.956559480312316,0.22988505747126436,20251028027-1.nii.gz,train,16,0
245,1.130278434045613,15.184379080079513,0.0653061224489796,1.956559480312316,0.07478632478632478,20251028027-1.nii.gz,train,17,0
13,0.05997395772486925,18.45924076415008,1.0,0.875,0.20634920634920634,20251028027-1.nii.gz,train,21,0
3191,14.721299930773675,4.357808085754615,0.2105922908179254,6.833968466418322,0.05136005150490906,20251028027-1.nii.gz,train,22,0
15,0.06920072045177221,7.088078070124554,0.8666666666666667,0.0,0.125,20251028027-1.nii.gz,train,25,0
5,0.023066906817257406,50.0,0.0,2.4748737341529163,0.25,20251028027-1.nii.gz,train,32,0
649,2.994084504880011,18.84440524891297,0.31278890600924497,2.625,0.03576940035273369,20251028027-1.nii.gz,train,33,0
122,0.5628325263410807,6.061279227785303,0.30327868852459017,4.375,0.5446428571428571,20251028027-1.nii.gz,train,34,0
2791,12.875947385393083,50.0,0.13041920458616982,4.375,0.1258567821067821,20251028027-1.nii.gz,train,35,0
78,0.3598437463492155,9.751323755085647,0.3717948717948718,2.625,0.09027777777777778,20251028027-1.nii.gz,train,36,0
8238,38.0050356721133,6.260689661933258,0.3452294246176256,22.125965493807442,0.00847562255392175,20251028027-1.nii.gz,train,37,0
7685,35.45383577812463,6.177206946565055,0.1877683799609629,12.051281929016113,0.014591402749297487,20251028027-1.nii.gz,train,38,1
1741,8.031896953769028,33.899906895736116,0.32395175186674324,1.956559480312316,0.035076761897086674,20251028027-1.nii.gz,train,39,0
20,0.09226762726902962,17.040586902035734,0.95,0.875,0.1111111111111111,20251028027-1.nii.gz,train,41,0
101,0.46595151770859955,2.807150479164932,0.0,31.517290477342076,0.3506944444444444,20251028027-1.nii.gz,train,43,0
501,2.311304063089192,1.5301164130652145,0.0,35.3774154105784,0.40931372549019607,20251028027-1.nii.gz,train,44,0
39,0.17992187317460775,50.0,0.0,32.603856735563625,0.48148148148148145,20251028027-1.nii.gz,train,46,0
19,0.08765424590557813,4.333577332317203,0.0,38.69264592959698,0.38,20251028027-1.nii.gz,train,48,0
1031,4.756396185718477,27.287597904436005,0.24442289039767218,4.375,0.12988158226253466,20251028027-1.nii.gz,train,50,0
10,0.04613381363451481,4.928010451493232,0.0,35.196324381957844,0.4166666666666667,20251028027-1.nii.gz,train,51,0
383,1.7669250622019173,32.16390768697937,0.4308093994778068,1.956559480312316,0.13927272727272727,20251028027-1.nii.gz,train,52,0
6,0.027680288180708886,50.0,1.0,1.2374368670764582,0.25,20251028027-1.nii.gz,train,53,0
9,0.04152043227106333,50.0,0.0,48.605384435601685,0.75,20251028027-1.nii.gz,train,55,0
248,1.1441185781359673,1.3956875404217126,0.0,48.31096122033961,0.6888888888888889,20251028027-1.nii.gz,train,56,0
5,0.023066906817257406,50.0,1.0,1.2374368670764582,0.5555555555555556,20251028027-1.nii.gz,train,57,0
16,0.07381410181522369,15.378766188149877,0.75,1.2374368670764582,0.125,20251028027-1.nii.gz,train,58,0
40,0.18453525453805925,5.001584178782971,0.0,36.124077483489565,0.20833333333333334,20251028027-1.nii.gz,train,61,0
683,3.1509394712373613,3.085226571747581,0.0,30.215045491164787,0.358718487394958,20251028027-1.nii.gz,train,63,0
447,2.062181469462812,4.682317006911232,0.9239373601789709,1.2374368670764582,0.14723320158102768,20251028027-1.nii.gz,train,64,0
14,0.06458733908832073,3.661285051966243,0.7857142857142857,1.2374368670764582,0.35,20251028027-1.nii.gz,train,66,0
11,0.05074719499796629,50.0,0.0,49.08346484441201,0.9166666666666666,20251028027-1.nii.gz,train,70,0
1214,5.6006449752300975,4.23228016540744,0.48599670510708404,1.2374368670764582,0.03332235397452789,20251028027-1.nii.gz,train,72,0
172,0.7935015945136548,3.154902808371733,0.0,47.28239630137204,0.2388888888888889,20251028027-1.nii.gz,train,77,0
5,0.023066906817257406,50.0,1.0,1.2374368670764582,0.5555555555555556,20251028027-1.nii.gz,train,78,0
5475,25.258262964896858,3.088463603443079,0.0,36.92067813614963,0.3504224270353303,20251028027-1.nii.gz,train,80,0
12,0.05536057636141777,13.313922309744932,0.0,49.02673606342928,0.1,20251028027-1.nii.gz,train,81,0
10,0.04613381363451481,50.0,0.0,61.73199817787496,0.625,20251028027-1.nii.gz,train,82,0
5,0.023066906817257406,50.0,1.0,1.2374368670764582,0.5555555555555556,20251028027-1.nii.gz,train,84,0
47,0.2168289240822196,2.66449229809977,0.0,58.595106229387085,0.27976190476190477,20251028027-1.nii.gz,train,85,0
8,0.036907050907611844,50.0,0.0,1.75,0.5,20251028027-1.nii.gz,train,86,0
12545,57.87486920449883,3.001389921522582,0.0,38.20053991765038,0.26151761517615174,20251028027-1.nii.gz,train,88,1
28,0.12917467817664147,50.0,0.0,19.953069939234915,0.25,20251028027-1.nii.gz,train,93,0
8,0.036907050907611844,50.0,1.0,0.875,0.8,20251028027-1.nii.gz,train,95,0
20,0.09226762726902962,3.503553450961455,0.75,1.2374368670764582,0.4166666666666667,20251028027-1.nii.gz,train,96,0
5,0.023066906817257406,50.0,0.0,38.334819016569746,0.5555555555555556,20251028027-1.nii.gz,train,98,0
11,0.05074719499796629,50.0,1.0,1.75,0.7333333333333333,20251028027-1.nii.gz,train,99,0
15,0.06920072045177221,9.99181587378613,0.8666666666666667,0.0,0.15625,20251028027-1.nii.gz,train,102,0
7,0.03229366954416037,12.054177235858297,0.0,19.972246368398324,0.19444444444444445,20251028027-1.nii.gz,train,103,0
11,0.05074719499796629,50.0,0.9090909090909091,2.4748737341529163,0.55,20251028027-1.nii.gz,train,104,0
795,3.6676381839439274,4.0094903466653,0.0,43.709934214468426,0.3247549019607843,20251028027-1.nii.gz,train,105,0
5,0.023066906817257406,50.0,1.0,1.2374368670764582,0.5555555555555556,20251028027-1.nii.gz,train,106,0
45,0.20760216135531664,50.0,1.0,1.2374368670764582,0.32142857142857145,20251028027-1.nii.gz,train,107,0
123,0.5674459077045322,50.0,1.0,3.5,0.492,20251028027-1.nii.gz,train,109,0
20,0.09226762726902962,4.524538379243017,0.0,53.80853460309647,0.5,20251028027-1.nii.gz,train,112,0
5,0.023066906817257406,50.0,0.0,48.536873869255324,0.8333333333333334,20251028027-1.nii.gz,train,113,0
15,0.06920072045177221,20.357871795064966,1.0,0.875,0.09375,20251028027-1.nii.gz,train,116,0
8,0.036907050907611844,50.0,1.0,0.875,0.8,20251028027-1.nii.gz,train,117,0
128,0.5905128145217895,8.946751891467514,0.5859375,2.4748737341529163,0.11851851851851852,20251028027-1.nii.gz,train,122,0
26,0.1199479154497385,50.0,0.8076923076923077,0.875,0.4126984126984127,20251028027-1.nii.gz,train,124,0
128,0.5905128145217895,3.0124419078683315,0.53125,2.625,0.20512820512820512,20251028027-1.nii.gz,train,125,0
5,0.023066906817257406,50.0,1.0,0.875,0.625,20251028027-1.nii.gz,train,127,0
17,0.07842748317867518,50.0,0.0,41.26226132352081,0.7083333333333334,20251028027-1.nii.gz,train,130,0
62,0.2860296445339918,50.0,1.0,1.2374368670764582,0.4025974025974026,20251028027-1.nii.gz,train,131,0
45,0.20760216135531664,2.639434690695709,0.6888888888888889,2.4748737341529163,0.46875,20251028027-1.nii.gz,train,132,0
6,0.027680288180708886,22.275297799498976,1.0,0.875,0.2222222222222222,20251028027-1.nii.gz,train,133,0
20,0.09226762726902962,50.0,1.0,1.2374368670764582,0.47619047619047616,20251028027-1.nii.gz,train,135,0
9,0.04152043227106333,4.256295942434385,0.0,54.39798364829343,0.225,20251028027-1.nii.gz,train,136,0
120,0.5536057636141777,6.2851908717372185,0.0,66.27845597046554,0.26785714285714285,20251028027-1.nii.gz,train,137,0
925,4.26737776119262,16.321479114869284,0.6691891891891892,0.875,0.060755336617405585,20251028027-1.nii.gz,train,139,0
14,0.06458733908832073,19.42444445046168,0.0,21.882403867791982,0.25,20251028027-1.nii.gz,train,140,1
7,0.03229366954416037,50.0,1.0,1.2374368670764582,0.35,20251028027-1.nii.gz,train,142,0
5,0.023066906817257406,50.0,1.0,1.2374368670764582,0.5555555555555556,20251028027-1.nii.gz,train,146,0
6,0.027680288180708886,4.838402942622272,1.0,1.2374368670764582,0.25,20251028027-1.nii.gz,train,147,0
13,0.05997395772486925,50.0,0.0,94.05334257749695,0.8666666666666667,20251028027-1.nii.gz,train,148,0
10,0.04613381363451481,10.850572982835965,1.0,0.875,0.18518518518518517,20251028027-1.nii.gz,train,152,0
33,0.15224158499389887,50.0,1.0,1.75,0.4583333333333333,20251028027-1.nii.gz,train,153,0
10,0.04613381363451481,50.0,1.0,1.956559480312316,0.625,20251028027-1.nii.gz,train,156,0
34,0.15685496635735036,5.266115777310462,0.6470588235294118,1.75,0.37777777777777777,20251028027-1.nii.gz,train,157,0
12,0.05536057636141777,14.859921731595204,1.0,0.875,0.2,20251028027-1.nii.gz,train,160,0
1958,9.033000709638,3.2013750086199058,0.0,50.96076922496363,0.22413003663003664,20251028027-1.nii.gz,train,161,0
8,0.036907050907611844,50.0,1.0,1.2374368670764582,0.6666666666666666,20251028027-1.nii.gz,train,165,0
231,1.065691094957292,4.6650282041583155,0.4155844155844156,2.766992952647332,0.24444444444444444,20251028027-1.nii.gz,train,166,0
7,0.03229366954416037,50.0,0.0,54.050176712243235,0.7777777777777778,20251028027-1.nii.gz,train,168,0
50,0.23066906817257404,3.305756210598717,0.0,55.125,0.4166666666666667,20251028027-1.nii.gz,train,169,0
249,1.1487319594994188,2.2029223199501593,0.0,38.464418285386266,0.4068627450980392,20251028027-1.nii.gz,train,170,0
759,3.501556454859674,1.5330465185127864,0.0,54.45019719003006,0.5205761316872428,20251028027-1.nii.gz,train,172,0
20,0.09226762726902962,6.268490787066488,0.8,0.875,0.25,20251028027-1.nii.gz,train,173,0
39,0.17992187317460775,7.474530991562816,0.717948717948718,0.875,0.1625,20251028027-1.nii.gz,train,175,0
52,0.239895830899477,16.30877174298753,0.6153846153846154,1.75,0.023809523809523808,20251028027-1.nii.gz,train,177,0
682,3.14632608987391,2.64241353425169,0.32404692082111436,0.0,0.0990990990990991,20251028027-1.nii.gz,train,178,0
10,0.04613381363451481,50.0,1.0,6.025640964508057,0.6666666666666666,20251028027-1.nii.gz,train,179,0
1563,7.210715071074665,18.140013581934458,0.2981445937300064,2.625,0.20674603174603173,20251028027-1.nii.gz,train,180,0
20,0.09226762726902962,4.744657458521466,0.8,1.2374368670764582,0.26666666666666666,20251028027-1.nii.gz,train,181,0
7,0.03229366954416037,50.0,1.0,0.875,0.5833333333333334,20251028027-1.nii.gz,train,182,0
8,0.036907050907611844,50.0,1.0,1.2374368670764582,0.5333333333333333,20251028027-1.nii.gz,train,184,0
8,0.036907050907611844,5.186678426651869,0.0,31.934503284065652,0.5,20251028027-1.nii.gz,train,185,0
1151,5.310001949332655,3.337908342156445,0.0,39.46912110919916,0.2234083850931677,20251028027-1.nii.gz,train,186,0
15,0.06920072045177221,50.0,1.0,0.875,0.6,20251028027-1.nii.gz,train,187,0
10,0.04613381363451481,14.342328570349084,0.8,0.875,0.2777777777777778,20251028027-1.nii.gz,train,191,0
9,0.04152043227106333,11.297799504693966,1.0,0.875,0.28125,20251028027-1.nii.gz,train,192,0
43,0.1983753986284137,3.1196569430945305,0.0,56.48796018739419,0.43,20251028027-1.nii.gz,train,196,0
44,0.20298877999186515,20.980986148847077,0.9090909090909091,0.875,0.05238095238095238,20251028027-1.nii.gz,train,197,0
3440,15.870031890273093,2.434865633230868,0.0,38.86426882495563,0.18978263268233478,20251028027-1.nii.gz,train,198,0
10,0.04613381363451481,5.952488624930403,0.0,13.137336070648326,0.3125,20251028027-1.nii.gz,train,201,0
7,0.03229366954416037,50.0,1.0,1.2374368670764582,0.5833333333333334,20251028027-1.nii.gz,train,202,0
287,1.324040451310575,7.385848081955606,0.5609756097560976,6.025640964508057,0.18303571428571427,20251028027-1.nii.gz,train,204,0
992,4.576474312543869,5.325584730604425,0.0,48.12836584627778,0.08695652173913043,20251028027-1.nii.gz,train,205,0
21,0.0968810086324811,8.364447187737204,0.0,28.907107240835387,0.21,20251028027-1.nii.gz,train,207,0
1146,5.286935042515397,2.1814348698160497,0.0,43.59221547478403,0.3638095238095238,20251028027-1.nii.gz,train,209,0
141,0.6504867722466589,6.155546309984551,0.0,35.04372269037638,0.19583333333333333,20251028027-1.nii.gz,train,210,0
7,0.03229366954416037,50.0,1.0,0.875,0.3333333333333333,20251028027-1.nii.gz,train,211,0
8,0.036907050907611844,50.0,0.0,59.1515532340445,1.0,20251028027-1.nii.gz,train,213,0
5,0.023066906817257406,50.0,0.0,77.31600510976126,0.8333333333333334,20251028027-1.nii.gz,train,214,0
323,1.4901221803948284,6.9831653652593735,0.25386996904024767,5.6027337077537425,0.036704545454545455,20251028027-1.nii.gz,train,219,0
63,0.2906430258974433,23.224831225327705,0.6984126984126984,1.75,0.14651162790697675,20251028027-1.nii.gz,train,220,0
14,0.06458733908832073,4.2527034569476205,0.6428571428571429,1.75,0.3333333333333333,20251028027-1.nii.gz,train,221,0
5,0.023066906817257406,50.0,1.0,5.869678440936948,0.625,20251028027-1.nii.gz,train,222,0
64,0.29525640726089475,10.776475396850511,0.546875,0.875,0.13333333333333333,20251028027-1.nii.gz,train,224,0
28,0.12917467817664147,5.623777611814105,0.6071428571428571,0.875,0.1794871794871795,20251028027-1.nii.gz,train,228,0
98,0.4521113736182451,11.612606625122838,0.5714285714285714,1.75,0.35,20251028027-1.nii.gz,train,229,0
8543,39.412116987966,2.574669366120936,0.30680088961723045,3.1548573660309907,0.0415691464773518,20251028027-1.nii.gz,train,230,0
460,2.122155427187681,5.191673673424352,0.0,82.37878759809851,0.15873015873015872,20251028027-1.nii.gz,train,232,0
102,0.47056489907205107,6.966902053243398,0.7156862745098039,1.2374368670764582,0.16558441558441558,20251028027-1.nii.gz,train,235,0
1267,5.845154187493026,1.5820261682276942,0.0,50.89832655532626,0.2569979716024341,20251028027-1.nii.gz,train,236,0
18,0.08304086454212666,50.0,1.0,0.875,0.15384615384615385,20251028027-1.nii.gz,train,241,0
10,0.04613381363451481,50.0,1.0,0.875,1.0,20251028027-1.nii.gz,train,243,0
6,0.027680288180708886,50.0,0.0,93.20164105922508,0.5,20251028027-1.nii.gz,train,246,0
51,0.23528244953602553,11.032810660500305,0.6666666666666666,0.875,0.255,20251028027-1.nii.gz,train,247,0
3839,17.710771054290234,5.132341333678907,0.0,60.85134734772236,0.10434333550771907,20251028027-1.nii.gz,train,248,0
1049,4.839437050260603,4.485690354374256,0.0,37.69615364994153,0.24647556390977443,20251028027-1.nii.gz,train,249,0
29,0.13378805954009296,6.324541801847932,0.0,32.101888573727244,0.48333333333333334,20251028027-1.nii.gz,train,253,0
23,0.10610777135938405,50.0,0.0,24.102563858032227,0.71875,20251028027-1.nii.gz,train,254,0
83,0.38291065316647294,2.4273191740379807,0.0,81.80575402316403,0.51875,20251028027-1.nii.gz,train,255,0
1625,7.496744715608656,3.094521549731598,0.0,36.15384578704834,0.30092592592592593,20251028027-1.nii.gz,train,256,0
13,0.05997395772486925,16.871643264700445,0.7692307692307693,1.2374368670764582,0.23214285714285715,20251028027-1.nii.gz,train,257,0
97,0.44749799225479364,9.960457202663216,0.5051546391752577,1.956559480312316,0.1056644880174292,20251028027-1.nii.gz,train,261,0
95,0.43827122952789066,9.426783224083932,0.47368421052631576,1.956559480312316,0.095,20251028027-1.nii.gz,train,263,0
457,2.1083152830973266,3.804464867920411,0.0,38.623328106639875,0.38083333333333336,20251028027-1.nii.gz,train,270,0
31,0.1430148222669959,4.525210609025603,0.8387096774193549,1.2374368670764582,0.18787878787878787,20251028027-1.nii.gz,train,271,0
25,0.11533453408628702,50.0,0.0,59.476982724690714,0.7142857142857143,20251028027-1.nii.gz,train,272,0
52,0.239895830899477,3.5122086359701328,0.0,33.94980999995666,0.26,20251028027-1.nii.gz,train,274,0
15,0.06920072045177221,50.0,0.0,54.127733382551966,0.75,20251028027-1.nii.gz,train,276,0
6,0.027680288180708886,14.279771192357309,0.5,1.75,0.3333333333333333,20251028027-1.nii.gz,train,286,0
59,0.2721895004436374,21.499484293350235,0.711864406779661,0.875,0.038562091503267976,20251028027-1.nii.gz,train,288,0
5,0.023066906817257406,50.0,1.0,0.875,0.4166666666666667,20251028027-1.nii.gz,train,290,0
5,0.023066906817257406,50.0,1.0,1.75,0.3125,20251028027-1.nii.gz,train,291,0
330,1.5224158499389886,1.2436052764574883,0.0,44.163003170449784,0.4888888888888889,20251028027-1.nii.gz,train,293,0
60,0.27680288180708884,50.0,0.0,45.508412683810455,0.7407407407407407,20251028027-1.nii.gz,train,294,0
34,0.15685496635735036,1.4445574599227973,0.0,31.00628397813305,0.3541666666666667,20251028027-1.nii.gz,train,296,0
3150,14.532151294872165,3.984872542959638,0.0,30.91640299312256,0.2492877492877493,20251028027-1.nii.gz,train,298,1
287,1.324040451310575,3.175677795766632,0.34843205574912894,3.607717422415453,0.2733333333333333,20251028027-1.nii.gz,train,302,0
191,0.8811558404192329,20.76715921518548,0.774869109947644,1.2374368670764582,0.01656691820626247,20251028027-1.nii.gz,train,303,0
20,0.09226762726902962,50.0,0.45,1.75,0.47619047619047616,20251028027-1.nii.gz,train,308,0
20,0.09226762726902962,19.68284974809026,0.9,0.875,0.0625,20251028027-1.nii.gz,train,309,0
609,2.8095492503419517,6.051175102452056,0.0,31.90359852795853,0.203,20251028027-1.nii.gz,train,310,0
6,0.027680288180708886,8.085534291958114,1.0,0.875,0.375,20251028027-1.nii.gz,train,311,0
14,0.06458733908832073,8.567098366170962,0.8571428571428571,1.2374368670764582,0.15555555555555556,20251028027-1.nii.gz,train,314,0
17,0.07842748317867518,17.429445203666432,0.6470588235294118,1.956559480312316,0.11333333333333333,20251028027-1.nii.gz,train,317,0
6,0.027680288180708886,50.0,0.6666666666666666,1.75,0.13333333333333333,20251028027-1.nii.gz,train,318,0
22,0.10149438999593258,9.90190385673808,0.0,25.471716648729384,0.13095238095238096,20251028027-1.nii.gz,train,323,0
9,0.04152043227106333,50.0,0.7777777777777778,0.875,0.32142857142857145,20251028027-1.nii.gz,train,325,0
11,0.05074719499796629,6.895785481585368,1.0,0.875,0.22916666666666666,20251028027-1.nii.gz,train,327,0
5,0.023066906817257406,50.0,1.0,0.0,0.20833333333333334,20251028027-1.nii.gz,train,332,0
244,1.1256650526821614,5.5240096663816525,0.0,19.663179422463703,0.1895881895881896,20251028027-1.nii.gz,train,335,0
854,3.9398276843875646,4.216498473144758,0.3559718969555035,4.375,0.035547785547785545,20251028027-1.nii.gz,train,337,0
5,0.023066906817257406,50.0,0.0,29.698484809834994,0.625,20251028027-1.nii.gz,train,338,0
5,0.023066906817257406,16.06874704030844,1.0,1.2374368670764582,0.4166666666666667,20251028027-1.nii.gz,train,339,0
24,0.11072115272283554,44.10464152129473,1.0,0.875,0.031578947368421054,20251028027-1.nii.gz,train,343,0
11,0.05074719499796629,9.741319137954076,0.8181818181818182,0.875,0.2037037037037037,20251028027-1.nii.gz,train,346,0
304,1.4024679344892501,2.9472629088936797,0.2894736842105263,4.375,0.26573426573426573,20251028027-1.nii.gz,train,348,0
61,0.28141626317054036,5.268722045673259,0.0,16.830961053962426,0.5083333333333333,20251028027-1.nii.gz,train,352,0
51,0.23528244953602553,14.247149957182726,0.7647058823529411,0.875,0.07024793388429752,20251028027-1.nii.gz,train,356,0
276,1.2732932563126087,8.66468235311814,0.3188405797101449,2.625,0.23,20251028027-1.nii.gz,train,366,0
5,0.023066906817257406,21.21588626570755,0.8,0.875,0.2777777777777778,20251028027-1.nii.gz,train,367,0
7,0.03229366954416037,20.624169443723364,1.0,0.875,0.21875,20251028027-1.nii.gz,train,368,0
26,0.1199479154497385,17.522683547621167,0.8846153846153846,0.875,0.06190476190476191,20251028027-1.nii.gz,train,371,0
6,0.027680288180708886,19.095974516187006,1.0,0.875,0.25,20251028027-1.nii.gz,train,372,0
8,0.036907050907611844,16.673254805025543,1.0,0.0,0.2,20251028027-1.nii.gz,train,378,0
7,0.03229366954416037,15.117676539036118,1.0,0.0,0.3888888888888889,20251028027-1.nii.gz,train,385,0
90,0.4152043227106333,12.521745560402493,0.8555555555555555,0.875,0.09375,20251028027-1.nii.gz,train,387,0
20,0.09226762726902962,11.632741809805145,0.95,1.75,0.23809523809523808,20251028027-1.nii.gz,train,399,0
6,0.027680288180708886,50.0,1.0,0.875,0.15,20251028027-1.nii.gz,train,400,0
9,0.04152043227106333,50.0,1.0,0.875,0.0625,20251028027-1.nii.gz,train,401,0
10,0.04613381363451481,26.238609121009045,1.0,0.0,0.1388888888888889,20251028027-1.nii.gz,train,427,0
7,0.03229366954416037,50.0,1.0,0.875,1.0,20251028027-1.nii.gz,train,428,0
8,0.036907050907611844,50.0,1.0,0.875,0.2857142857142857,20251028027-1.nii.gz,train,429,0
8673,40.01185656521469,50.0,0.07851954341058458,4.375,0.11567701664532651,20251028027-1.nii.gz,train,430,0
102,0.47056489907205107,29.017795582284403,0.3627450980392157,1.2374368670764582,0.04985337243401759,20251028027-1.nii.gz,train,431,0
76,0.35061698362231253,30.400579888878,0.42105263157894735,0.875,0.056296296296296296,20251028027-1.nii.gz,train,433,0
28,0.12917467817664147,14.224109585470716,0.5,1.75,0.15555555555555556,20251028027-1.nii.gz,train,436,0
196,0.9042227472364902,50.0,0.9693877551020408,0.875,0.28654970760233917,20251028027-1.nii.gz,train,439,0
47,0.19316070096109617,50.0,0.851063829787234,0.78515625,0.06527777777777778,20251028030-1.nii.gz,train,1,0
198,0.8137408253254689,50.0,0.40404040404040403,0.78515625,0.12192118226600986,20251028030-1.nii.gz,train,3,0
7071,29.0604109892747,50.0,0.1407155989251874,2.220757234664001,0.03831440461225021,20251028030-1.nii.gz,train,4,0
5,0.020549010740542144,13.171425006239064,0.2,1.1103786173320005,0.625,20251028030-1.nii.gz,train,8,0
40710,167.31004544949414,2.857052876919073,0.14576271186440679,19.62890625,0.004168037754169932,20251028030-1.nii.gz,train,10,0
7,0.028768615036759003,50.0,0.8571428571428571,0.78515625,0.2916666666666667,20251028030-1.nii.gz,train,11,0
974,4.00294729225761,50.0,0.21252566735112938,3.331135851996001,0.15242566510172145,20251028030-1.nii.gz,train,12,0
117,0.48084685132868615,6.575362489741101,0.7948717948717948,0.78515625,0.16666666666666666,20251028030-1.nii.gz,train,17,0
109,0.44796843414381876,10.213713491933156,0.5871559633027523,1.5703125,0.18166666666666667,20251028030-1.nii.gz,train,19,0
6,0.024658812888650572,14.863443872249983,1.0,0.78515625,0.3,20251028030-1.nii.gz,train,23,0
6,0.024658812888650572,50.0,1.0,0.78515625,0.25,20251028030-1.nii.gz,train,25,0
1224,5.030397829284717,50.0,0.20588235294117646,3.140625,0.2367504835589942,20251028030-1.nii.gz,train,26,0
1189,4.8865547541009215,50.0,0.15727502102607233,2.220757234664001,0.10149381135296628,20251028030-1.nii.gz,train,30,0
3102,12.748606263432347,50.0,0.06511927788523533,1.5703125,0.07492753623188406,20251028030-1.nii.gz,train,35,0
14,0.057537230073518006,22.802767221700734,1.0,0.78515625,0.1111111111111111,20251028030-1.nii.gz,train,37,0
11,0.04520782362919272,19.481379431104006,0.9090909090909091,1.1103786173320005,0.1527777777777778,20251028030-1.nii.gz,train,42,0
16,0.06575683436973487,20.566942350139374,0.875,1.1103786173320005,0.13333333333333333,20251028030-1.nii.gz,train,45,0
6,0.024658812888650572,50.0,1.0,0.78515625,0.3,20251028030-1.nii.gz,train,46,0
31,0.1274038665913613,14.579815971074384,0.9354838709677419,1.5703125,0.18235294117647058,20251028030-1.nii.gz,train,49,0
6,0.024658812888650572,15.324410670426843,0.8333333333333334,0.78515625,0.2222222222222222,20251028030-1.nii.gz,train,54,0
6,0.024658812888650572,20.173718921449368,1.0,0.78515625,0.3333333333333333,20251028030-1.nii.gz,train,58,0
30,0.12329406444325286,19.172147687686234,0.5666666666666667,1.7556627479588192,0.08522727272727272,20251028030-1.nii.gz,train,59,0
32,0.13151366873946974,14.262596787109858,0.625,1.1103786173320005,0.13333333333333333,20251028030-1.nii.gz,train,63,0
110,0.45207823629192717,28.671650245905685,0.8727272727272727,0.78515625,0.07692307692307693,20251028030-1.nii.gz,train,74,0
9,0.03698821933297586,24.463810156777306,1.0,0.78515625,0.125,20251028030-1.nii.gz,train,75,0
9,0.03698821933297586,22.807667643904992,1.0,0.0,0.15,20251028030-1.nii.gz,train,79,0
18,0.07397643866595172,7.33623621218584,0.0,52.97914159336414,0.225,20251028030-1.nii.gz,train,83,0
162,0.6657879479935654,14.934974329899868,0.5370370370370371,2.220757234664001,0.10227272727272728,20251028030-1.nii.gz,train,88,0
10,0.04109802148108429,10.864751301266617,0.9,1.1103786173320005,0.14285714285714285,20251028030-1.nii.gz,train,92,0
51,0.20959990955352986,15.849345874566021,0.7647058823529411,0.78515625,0.11805555555555555,20251028030-1.nii.gz,train,97,0
8,0.032878417184867434,22.57607991811197,1.0,0.78515625,0.2222222222222222,20251028030-1.nii.gz,train,101,0
8,0.032878417184867434,50.0,1.0,0.78515625,0.16666666666666666,20251028030-1.nii.gz,train,103,0
5,0.020549010740542144,50.0,0.0,50.10256691941105,0.4166666666666667,20251028030-1.nii.gz,train,107,0
6744,27.716505686843245,6.0284463049278765,0.18520166073546857,3.92578125,0.022043249745051383,20251028030-1.nii.gz,train,111,0
5,0.020549010740542144,50.0,1.0,0.78515625,0.25,20251028030-1.nii.gz,train,112,0
53,0.21781951384974674,9.70311093866145,0.0,59.516708207932695,0.10392156862745099,20251028030-1.nii.gz,train,115,0
68,0.27946654607137317,7.33244053722641,0.0,55.363788645684956,0.13333333333333333,20251028030-1.nii.gz,train,119,0
5,0.020549010740542144,50.0,0.0,1.5703125,0.5555555555555556,20251028030-1.nii.gz,train,123,0
6,0.024658812888650572,50.0,0.0,61.808305896994504,1.0,20251028030-1.nii.gz,train,124,0
11,0.04520782362919272,50.0,1.0,0.78515625,0.05,20251028030-1.nii.gz,train,125,0
62,0.2548077331827226,22.732510965381167,0.9354838709677419,0.78515625,0.0512396694214876,20251028030-1.nii.gz,train,128,0
20,0.08219604296216858,4.642378320942237,0.7,1.7556627479588192,0.5,20251028030-1.nii.gz,train,132,0
6,0.024658812888650572,5.480838656662711,0.8333333333333334,1.1103786173320005,0.3333333333333333,20251028030-1.nii.gz,train,133,0
13,0.053427427925409575,50.0,0.0,64.31141475993046,0.65,20251028030-1.nii.gz,train,135,0
68,0.27946654607137317,2.288688345476172,0.0,33.971053423512274,0.44155844155844154,20251028030-1.nii.gz,train,136,0
179,0.7356545845114087,6.124802627412565,0.6312849162011173,1.5703125,0.20089786756453423,20251028030-1.nii.gz,train,139,0
57401,235.9067531035719,3.4116910222861017,0.0,45.25453609635029,0.2572351733842417,20251028030-1.nii.gz,train,140,1
6,0.024658812888650572,5.480838656662711,0.8333333333333334,1.1103786173320005,0.3333333333333333,20251028030-1.nii.gz,train,145,0
6,0.024658812888650572,5.480838656662711,0.8333333333333334,1.1103786173320005,0.3333333333333333,20251028030-1.nii.gz,train,146,0
6,0.024658812888650572,50.0,0.0,65.02162831415403,0.75,20251028030-1.nii.gz,train,147,0
15,0.06164703222162643,50.0,0.0,41.13649322474026,0.75,20251028030-1.nii.gz,train,153,0
26,0.10685485585081915,14.573848609200088,0.0,2.220757234664001,0.15294117647058825,20251028030-1.nii.gz,train,155,0
22,0.09041564725838544,4.320574916265705,0.8181818181818182,1.1103786173320005,0.36666666666666664,20251028030-1.nii.gz,train,157,0
15,0.06164703222162643,4.860971870113155,0.8,1.1103786173320005,0.25,20251028030-1.nii.gz,train,159,0
539,2.215183357830443,12.973370661724385,0.3358070500927644,4.7109375,0.013647642679900743,20251028030-1.nii.gz,train,161,0
48,0.19727050310920458,4.062685709066598,0.6666666666666666,1.7556627479588192,0.4444444444444444,20251028030-1.nii.gz,train,163,0
8,0.032878417184867434,4.294570419256896,0.875,1.1103786173320005,0.4444444444444444,20251028030-1.nii.gz,train,168,0
1244,5.112593872246886,3.891082604515183,0.5610932475884244,1.7556627479588192,0.14331797235023042,20251028030-1.nii.gz,train,170,0
9,0.03698821933297586,50.0,1.0,0.78515625,0.9,20251028030-1.nii.gz,train,173,0
6,0.024658812888650572,5.480838656662711,0.8333333333333334,1.1103786173320005,0.3333333333333333,20251028030-1.nii.gz,train,175,0
10,0.04109802148108429,5.370103228537936,0.8,1.1103786173320005,0.4166666666666667,20251028030-1.nii.gz,train,177,0
10,0.04109802148108429,50.0,1.0,0.78515625,0.7142857142857143,20251028030-1.nii.gz,train,182,0
3698,15.19804834370497,2.3394681942053785,0.4367225527312061,0.0,0.05148983570036201,20251028030-1.nii.gz,train,184,0
178,0.7315447823633003,2.1984730973273674,0.0,39.98978159508294,0.4149184149184149,20251028030-1.nii.gz,train,186,0
12,0.049317625777301144,50.0,0.0,71.90117400591373,0.75,20251028030-1.nii.gz,train,187,0
102,0.4191998191070597,8.35782430639948,0.7745098039215687,1.1103786173320005,0.09941520467836257,20251028030-1.nii.gz,train,189,0
15,0.06164703222162643,50.0,1.0,1.5703125,0.625,20251028030-1.nii.gz,train,191,0
4423,18.17765490108358,4.091439693275088,0.0,37.13428168076023,0.18429166666666666,20251028030-1.nii.gz,train,193,1
25,0.10274505370271073,6.586168983234538,0.68,1.1103786173320005,0.2777777777777778,20251028030-1.nii.gz,train,194,0
27,0.11096465799892757,50.0,1.0,1.5703125,0.5625,20251028030-1.nii.gz,train,196,0
56,0.23014892029407202,5.6579339653790655,0.6071428571428571,1.5703125,0.345679012345679,20251028030-1.nii.gz,train,198,0
36,0.14795287733190343,50.0,1.0,1.7556627479588192,0.5142857142857142,20251028030-1.nii.gz,train,199,0
5,0.020549010740542144,50.0,0.0,45.35658819123835,0.5555555555555556,20251028030-1.nii.gz,train,201,0
152,0.6246899265124812,3.26497474107491,0.6447368421052632,0.78515625,0.14901960784313725,20251028030-1.nii.gz,train,202,0
5,0.020549010740542144,50.0,0.0,3.2372821513638663,0.3333333333333333,20251028030-1.nii.gz,train,203,0
12,0.049317625777301144,50.0,0.0,1.7556627479588192,0.5,20251028030-1.nii.gz,train,206,0
109,0.44796843414381876,9.326907564532629,0.7339449541284404,0.78515625,0.0593681917211329,20251028030-1.nii.gz,train,208,0
15,0.06164703222162643,50.0,0.0,51.05556675566416,0.6,20251028030-1.nii.gz,train,209,0
10,0.04109802148108429,5.370103228537936,0.8,1.1103786173320005,0.4166666666666667,20251028030-1.nii.gz,train,210,0
15,0.06164703222162643,50.0,0.0,35.40258144561841,0.42857142857142855,20251028030-1.nii.gz,train,211,0
10,0.04109802148108429,50.0,0.0,8.672334236150935,0.4166666666666667,20251028030-1.nii.gz,train,212,0
629,2.5850655511602016,50.0,1.0,0.78515625,0.2859090909090909,20251028030-1.nii.gz,train,213,0
7,0.028768615036759003,50.0,0.0,39.54799391648497,0.7777777777777778,20251028030-1.nii.gz,train,214,0
11,0.04520782362919272,50.0,1.0,1.5703125,0.7333333333333333,20251028030-1.nii.gz,train,215,0
5,0.020549010740542144,50.0,1.0,0.78515625,0.8333333333333334,20251028030-1.nii.gz,train,217,0
124,0.5096154663654452,2.7456852323242935,0.6209677419354839,1.7556627479588192,0.44285714285714284,20251028030-1.nii.gz,train,220,0
5,0.020549010740542144,13.424269766630177,0.8,1.1103786173320005,0.20833333333333334,20251028030-1.nii.gz,train,222,0
810,3.3289397399678275,4.135159826231876,0.5987654320987654,1.1103786173320005,0.12857142857142856,20251028030-1.nii.gz,train,225,0
22,0.09041564725838544,50.0,0.0,47.16231073275877,0.7333333333333333,20251028030-1.nii.gz,train,227,0
27,0.11096465799892757,50.0,0.0,44.11638507068605,0.7714285714285715,20251028030-1.nii.gz,train,229,0
8,0.032878417184867434,12.54640391136857,1.0,0.78515625,0.2222222222222222,20251028030-1.nii.gz,train,230,0
11406,46.876403301324736,5.372955038199057,0.0,46.906728840472816,0.11544534412955465,20251028030-1.nii.gz,train,231,1
6,0.024658812888650572,50.0,1.0,0.0,0.5,20251028030-1.nii.gz,train,232,0
12,0.049317625777301144,50.0,0.9166666666666666,1.1103786173320005,0.5454545454545454,20251028030-1.nii.gz,train,234,0
115,0.47262724703246933,4.179442216746383,0.6260869565217392,1.5703125,0.2994791666666667,20251028030-1.nii.gz,train,235,0
206,0.8466192425103364,50.0,0.0,58.22017025587385,0.7923076923076923,20251028030-1.nii.gz,train,237,0
8,0.032878417184867434,50.0,1.0,0.78515625,0.8,20251028030-1.nii.gz,train,244,0
70,0.28768615036759004,7.415226388791737,0.7142857142857143,0.78515625,0.09333333333333334,20251028030-1.nii.gz,train,246,0
29572,121.53506912386246,4.607713465220366,0.0,43.49719579532241,0.17007131354957442,20251028030-1.nii.gz,train,248,1
88,0.36166258903354176,4.751090909005321,0.6363636363636364,0.78515625,0.14965986394557823,20251028030-1.nii.gz,train,249,0
184,0.7562035952519509,3.352435627632239,0.0,105.91615315694756,0.336996336996337,20251028030-1.nii.gz,train,250,0
99,0.40687041266273444,8.782247386414218,0.47474747474747475,1.5703125,0.18857142857142858,20251028030-1.nii.gz,train,253,0
143,0.5877017071795053,4.880620276129984,0.7762237762237763,1.5703125,0.15679824561403508,20251028030-1.nii.gz,train,259,0
12,0.049317625777301144,8.605008609538814,0.75,1.5703125,0.4,20251028030-1.nii.gz,train,262,0
8,0.032878417184867434,50.0,1.0,0.78515625,1.0,20251028030-1.nii.gz,train,263,0
14,0.057537230073518006,50.0,1.0,0.78515625,1.0,20251028030-1.nii.gz,train,264,0
18,0.07397643866595172,4.49387918442261,0.0,63.61557059872465,0.5,20251028030-1.nii.gz,train,265,0
16,0.06575683436973487,50.0,0.5,1.5703125,0.6666666666666666,20251028030-1.nii.gz,train,266,0
10,0.04109802148108429,50.0,1.0,0.78515625,0.2777777777777778,20251028030-1.nii.gz,train,267,0
5,0.020549010740542144,50.0,0.2,1.5703125,1.0,20251028030-1.nii.gz,train,268,0
26,0.10685485585081915,9.06437855252453,0.7307692307692307,0.78515625,0.24761904761904763,20251028030-1.nii.gz,train,269,0
14,0.057537230073518006,50.0,1.0,0.78515625,1.0,20251028030-1.nii.gz,train,270,0
17,0.06986663651784329,50.0,0.0,57.77093677898967,0.68,20251028030-1.nii.gz,train,271,0
670,2.7535674392326475,2.9860289399343243,0.17313432835820897,3.92578125,0.32057416267942584,20251028030-1.nii.gz,train,273,0
7,0.028768615036759003,50.0,0.0,107.71353699972941,0.875,20251028030-1.nii.gz,train,274,0
11,0.04520782362919272,50.0,1.0,0.78515625,0.5,20251028030-1.nii.gz,train,275,0
114,0.46851744488436087,22.70314577402315,0.07894736842105263,1.5703125,0.17592592592592593,20251028030-1.nii.gz,train,276,0
10,0.04109802148108429,50.0,1.0,0.78515625,0.4166666666666667,20251028030-1.nii.gz,train,278,0
35,0.14384307518379502,18.02552782825615,0.8285714285714286,0.78515625,0.4166666666666667,20251028030-1.nii.gz,train,284,0
104,0.4274194234032766,28.61523494319592,0.8557692307692307,0.78515625,0.23423423423423423,20251028030-1.nii.gz,train,286,0
2566,10.545752312046229,2.2626649809840425,0.0,52.56666588550439,0.2295169946332737,20251028030-1.nii.gz,train,287,1
5,0.020549010740542144,50.0,1.0,0.78515625,1.0,20251028030-1.nii.gz,train,288,0
10,0.04109802148108429,50.0,0.0,1.5703125,0.7142857142857143,20251028030-1.nii.gz,train,289,0
12,0.049317625777301144,50.0,1.0,0.78515625,0.42857142857142855,20251028030-1.nii.gz,train,290,0
89,0.36577239118165017,5.22636676084737,0.0,18.613337404820854,0.1324404761904762,20251028030-1.nii.gz,train,291,0
40,0.16439208592433716,38.448411944599684,0.0,1.5703125,0.22988505747126436,20251028030-1.nii.gz,train,293,0
34,0.13973327303568658,5.82615602491367,0.7352941176470589,1.5703125,0.3541666666666667,20251028030-1.nii.gz,train,294,0
545,2.239842170719094,16.49371056988494,0.41467889908256883,4.003527039969335,0.009924970862470862,20251028030-1.nii.gz,train,298,0
42,0.172611690220554,20.80813115130437,0.8571428571428571,0.78515625,0.1206896551724138,20251028030-1.nii.gz,train,299,0
6098,25.0615734991652,1.738228316981594,0.0,39.04599494513915,0.5041335978835979,20251028030-1.nii.gz,train,300,0
5,0.020549010740542144,50.0,1.0,0.78515625,0.3125,20251028030-1.nii.gz,train,301,0
1011,4.155009971737622,3.367317665284704,0.0,61.9532315193833,0.32655038759689925,20251028030-1.nii.gz,train,302,0
5657,23.24915075184938,2.969336280503566,0.31624535973130635,0.0,0.0479813401187447,20251028030-1.nii.gz,train,303,0
5,0.020549010740542144,50.0,1.0,0.78515625,0.3125,20251028030-1.nii.gz,train,305,0
10,0.04109802148108429,13.42525807134484,0.8,1.1103786173320005,0.4166666666666667,20251028030-1.nii.gz,train,306,0
13,0.053427427925409575,50.0,0.0,86.02525348167147,0.8666666666666667,20251028030-1.nii.gz,train,309,0
309,1.2699288637655044,18.25061267803845,0.5631067961165048,4.441514469328002,0.018659420289855073,20251028030-1.nii.gz,train,312,0
5,0.020549010740542144,50.0,1.0,0.78515625,0.3125,20251028030-1.nii.gz,train,315,0
93,0.38221159977408387,2.9971382344368234,0.0,79.16109873415604,0.5961538461538461,20251028030-1.nii.gz,train,318,0
60,0.24658812888650572,8.78550341954912,0.55,1.5703125,0.23809523809523808,20251028030-1.nii.gz,train,319,0
7,0.028768615036759003,50.0,1.0,0.78515625,0.5,20251028030-1.nii.gz,train,322,0
34,0.13973327303568658,12.936474114896878,0.7647058823529411,0.78515625,0.2361111111111111,20251028030-1.nii.gz,train,323,0
19,0.07808624081406015,50.0,0.0,53.94689233719192,0.76,20251028030-1.nii.gz,train,324,0
104,0.4274194234032766,4.34175370281817,0.5480769230769231,1.7556627479588192,0.20634920634920634,20251028030-1.nii.gz,train,325,0
229,0.9411446919168301,4.014361035099094,0.5633187772925764,3.5113254959176383,0.38552188552188554,20251028030-1.nii.gz,train,327,0
7,0.028768615036759003,50.0,1.0,1.1103786173320005,0.5833333333333334,20251028030-1.nii.gz,train,328,0
741,3.045363391748346,5.537730183207904,0.2550607287449393,1.7556627479588192,0.10890652557319223,20251028030-1.nii.gz,train,335,0
10,0.04109802148108429,50.0,1.0,0.78515625,0.5,20251028030-1.nii.gz,train,336,0
21,0.086305845110277,17.11860121498447,0.9523809523809523,0.78515625,0.14583333333333334,20251028030-1.nii.gz,train,337,0
1176,4.8331273261755126,1.934130353533135,0.46003401360544216,0.78515625,0.11666666666666667,20251028030-1.nii.gz,train,341,0
20,0.08219604296216858,50.0,0.0,51.479284286621954,0.6666666666666666,20251028030-1.nii.gz,train,342,0
11,0.04520782362919272,12.928842254734322,1.0,0.78515625,0.275,20251028030-1.nii.gz,train,348,0
3487,14.330880090454091,4.641393423551651,0.21365070260969315,0.0,0.01857712142522269,20251028030-1.nii.gz,train,350,0
5,0.020549010740542144,50.0,0.0,39.116977826617166,0.8333333333333334,20251028030-1.nii.gz,train,358,0
1089,4.475574539290079,1.5577382076170283,0.0,40.06894393834561,0.44704433497536944,20251028030-1.nii.gz,train,359,0
33,0.13562347088757815,50.0,0.0,35.49822455728877,0.7857142857142857,20251028030-1.nii.gz,train,365,0
28,0.11507446014703601,5.2872689075660055,0.6428571428571429,1.7556627479588192,0.3111111111111111,20251028030-1.nii.gz,train,367,0
31,0.1274038665913613,50.0,0.0,50.077952539679636,0.6326530612244898,20251028030-1.nii.gz,train,371,0
16,0.06575683436973487,50.0,1.0,1.1103786173320005,0.7619047619047619,20251028030-1.nii.gz,train,374,0
17,0.06986663651784329,5.755019013776912,0.8823529411764706,0.78515625,0.2833333333333333,20251028030-1.nii.gz,train,375,0
74,0.30412535896002374,5.101145965698037,0.7027027027027027,1.7556627479588192,0.13703703703703704,20251028030-1.nii.gz,train,377,0
50,0.20549010740542145,4.0153051643652535,0.7,1.7556627479588192,0.3125,20251028030-1.nii.gz,train,388,0
10,0.04109802148108429,5.370103228537936,0.8,1.1103786173320005,0.4166666666666667,20251028030-1.nii.gz,train,392,0
27,0.11096465799892757,8.687180337253825,0.7777777777777778,0.78515625,0.24107142857142858,20251028030-1.nii.gz,train,395,0
298,1.2247210401363118,2.193567870466539,0.0,51.868440581535936,0.473015873015873,20251028030-1.nii.gz,train,400,0
17,0.06986663651784329,50.0,0.0,56.01689560266557,0.85,20251028030-1.nii.gz,train,401,0
31,0.1274038665913613,16.77186460243533,0.0,1.7556627479588192,0.12156862745098039,20251028030-1.nii.gz,train,402,0
9,0.03698821933297586,20.633215727019085,1.0,0.78515625,0.16666666666666666,20251028030-1.nii.gz,train,404,0
6,0.024658812888650572,50.0,1.0,0.78515625,0.75,20251028030-1.nii.gz,train,405,0
6,0.024658812888650572,50.0,1.0,1.1103786173320005,0.6666666666666666,20251028030-1.nii.gz,train,406,0
18,0.07397643866595172,22.595103564161473,0.9444444444444444,0.78515625,0.061224489795918366,20251028030-1.nii.gz,train,408,0
609,2.502869508198033,10.330496496926289,0.39901477832512317,1.1103786173320005,0.017350427350427352,20251028030-1.nii.gz,train,409,0
46,0.18905089881298773,13.383200289431215,0.6086956521739131,0.78515625,0.07516339869281045,20251028030-1.nii.gz,train,421,0
243,0.9986819219903482,23.14850219642363,0.3786008230452675,2.220757234664001,0.04179566563467492,20251028030-1.nii.gz,train,428,0
10206,41.944640723594624,50.0,0.10915147952184989,1.7556627479588192,0.060448477238536344,20251028030-1.nii.gz,train,432,0
17,0.06986663651784329,29.307654741877585,1.0,0.0,0.11805555555555555,20251028030-1.nii.gz,train,438,0
66,0.2712469417751563,29.038704609202576,0.7575757575757576,0.78515625,0.033950617283950615,20251028030-1.nii.gz,train,440,0
34,0.13973327303568658,12.175223741011544,0.6470588235294118,1.1103786173320005,0.08673469387755102,20251028030-1.nii.gz,train,441,0
21,0.086305845110277,26.513394841287063,1.0,0.78515625,0.12727272727272726,20251028030-1.nii.gz,train,442,0
20,0.08219604296216858,17.825927592478166,0.9,1.1103786173320005,0.13333333333333333,20251028030-1.nii.gz,train,445,0
11,0.04520782362919272,50.0,0.9090909090909091,1.1103786173320005,0.55,20251028030-1.nii.gz,train,449,0
35,0.14384307518379502,22.159468409406873,0.7714285714285715,0.78515625,0.06433823529411764,20251028030-1.nii.gz,train,458,0
18,0.07397643866595172,14.617451841884959,0.9444444444444444,0.78515625,0.1836734693877551,20251028030-1.nii.gz,train,459,0
9,0.03698821933297586,50.0,1.0,0.78515625,0.45,20251028030-1.nii.gz,train,465,0
13,0.053427427925409575,50.0,1.0,0.78515625,0.4642857142857143,20251028030-1.nii.gz,train,467,0
210,0.86305845110277,9.858734956841053,0.3476190476190476,3.331135851996001,0.052083333333333336,20251028030-1.nii.gz,train,477,0
5,0.020549010740542144,50.0,1.0,0.78515625,0.15625,20251028030-1.nii.gz,train,478,0
5000,19.91739273071289,7.732465858027117,0.185,13.178758083059892,0.004878172519498056,20251028031-1.nii.gz,train,5,0
5,0.019917392730712892,50.0,1.0,0.892578125,0.2777777777777778,20251028031-1.nii.gz,train,7,0
370,1.473887062072754,16.76495548216605,0.4,1.9958653627293044,0.040234884732492385,20251028031-1.nii.gz,train,10,0
7,0.027884349822998047,50.0,1.0,0.892578125,1.0,20251028031-1.nii.gz,train,12,0
36,0.1434052276611328,13.423217400771316,0.8333333333333334,1.78515625,0.23529411764705882,20251028031-1.nii.gz,train,16,0
60,0.23900871276855468,9.950879003169216,0.9666666666666667,0.892578125,0.15789473684210525,20251028031-1.nii.gz,train,17,0
71,0.28282697677612306,9.466037478443441,0.7887323943661971,0.892578125,0.15777777777777777,20251028031-1.nii.gz,train,21,0
20,0.07966957092285157,50.0,0.6,1.78515625,0.4444444444444444,20251028031-1.nii.gz,train,31,0
9,0.0358513069152832,12.33789493514545,0.7777777777777778,0.892578125,0.16666666666666666,20251028031-1.nii.gz,train,32,0
7,0.027884349822998047,7.081298611127797,0.7142857142857143,0.892578125,0.3888888888888889,20251028031-1.nii.gz,train,35,0
6,0.02390087127685547,5.236999063571949,0.6666666666666666,1.78515625,0.375,20251028031-1.nii.gz,train,37,0
10,0.039834785461425784,5.006940520136304,0.2,1.9958653627293044,0.4166666666666667,20251028031-1.nii.gz,train,38,0
22,0.08763652801513672,7.985800105596527,0.5454545454545454,1.2622960898525477,0.171875,20251028031-1.nii.gz,train,40,0
15,0.05975217819213867,8.77551314854728,0.8666666666666667,0.892578125,0.10416666666666667,20251028031-1.nii.gz,train,42,0
7,0.027884349822998047,12.597269740149802,1.0,0.0,0.19444444444444445,20251028031-1.nii.gz,train,45,0
1922,7.656245765686035,9.255504821997183,0.3064516129032258,6.3114804492627385,0.016032699366032698,20251028031-1.nii.gz,train,46,0
28,0.11153739929199219,13.22186393455543,0.7857142857142857,1.2622960898525477,0.08641975308641975,20251028031-1.nii.gz,train,50,0
18,0.0717026138305664,13.624336977468289,0.7777777777777778,1.2622960898525477,0.07692307692307693,20251028031-1.nii.gz,train,55,0
8,0.03186782836914062,50.0,1.0,1.2622960898525477,0.14285714285714285,20251028031-1.nii.gz,train,57,0
173,0.689141788482666,16.434860800869693,0.630057803468208,2.5245921797050954,0.010921717171717171,20251028031-1.nii.gz,train,59,0
8,0.03186782836914062,16.34432239876359,0.875,0.892578125,0.17777777777777776,20251028031-1.nii.gz,train,60,0
22,0.08763652801513672,18.655656651567824,0.7727272727272727,0.892578125,0.045454545454545456,20251028031-1.nii.gz,train,69,0
302,1.2030105209350586,13.452117272369225,0.4900662251655629,1.9958653627293044,0.029052429052429052,20251028031-1.nii.gz,train,70,0
10,0.039834785461425784,8.046583116992867,1.0,0.0,0.2,20251028031-1.nii.gz,train,75,0
43283,172.4169019126892,2.238347067771182,0.0,60.600008975239206,0.3088554302840017,20251028031-1.nii.gz,train,76,0
561462,2236.5718314743044,2.9881658000144538,3.38402242716337e-05,83.83109716033029,0.16582846003898635,20251028031-1.nii.gz,train,79,1
11,0.04381826400756836,11.643755553052046,0.0,1.78515625,0.12222222222222222,20251028031-1.nii.gz,train,83,0
26,0.10357044219970703,6.700629960758659,0.8461538461538461,1.2622960898525477,0.203125,20251028031-1.nii.gz,train,92,0
25,0.09958696365356445,5.2081120804605066,0.0,29.487242186786926,0.30864197530864196,20251028031-1.nii.gz,train,93,0
5,0.019917392730712892,17.199700879978476,1.0,0.892578125,0.3125,20251028031-1.nii.gz,train,95,0
42,0.16730609893798828,13.340548871949395,0.023809523809523808,1.78515625,0.058333333333333334,20251028031-1.nii.gz,train,98,0
32,0.1274713134765625,3.2408929332436145,0.0,36.13032809237613,0.3555555555555555,20251028031-1.nii.gz,train,99,0
1015,4.043230724334717,7.281776761617852,0.270935960591133,0.0,0.04623724489795918,20251028031-1.nii.gz,train,100,0
9158,36.480696525573734,11.982867446392728,0.15243502948241974,15.976390705257588,0.03025467711936359,20251028031-1.nii.gz,train,108,0
54,0.21510784149169923,50.0,0.0,61.571837887590405,0.72,20251028031-1.nii.gz,train,114,0
14,0.055768699645996095,7.77393373609088,0.8571428571428571,0.892578125,0.16666666666666666,20251028031-1.nii.gz,train,120,0
19,0.07568609237670898,2.9731215056283333,0.7368421052631579,1.78515625,0.31666666666666665,20251028031-1.nii.gz,train,123,0
27,0.10755392074584962,50.0,0.0,39.782542840726855,0.7714285714285715,20251028031-1.nii.gz,train,126,0
11950,47.60256862640381,3.4853183501787015,0.25564853556485356,0.0,0.06405445969125215,20251028031-1.nii.gz,train,127,0
10,0.039834785461425784,13.874169019982705,0.8,0.892578125,0.2222222222222222,20251028031-1.nii.gz,train,131,0
87,0.3465626335144043,12.303272874101724,0.7701149425287356,1.78515625,0.057692307692307696,20251028031-1.nii.gz,train,135,0
11,0.04381826400756836,50.0,0.0,33.39025467420475,0.7333333333333333,20251028031-1.nii.gz,train,139,0
11,0.04381826400756836,3.3291363079336516,0.8181818181818182,0.892578125,0.34375,20251028031-1.nii.gz,train,140,0
362,1.4420192337036133,1.7794940661008745,0.0,60.28384664350555,0.47883597883597884,20251028031-1.nii.gz,train,141,0
31,0.12348783493041993,2.591289054582116,0.5161290322580645,1.78515625,0.36904761904761907,20251028031-1.nii.gz,train,142,0
12,0.04780174255371094,9.984964654263164,1.0,0.892578125,0.09523809523809523,20251028031-1.nii.gz,train,145,0
68,0.2708765411376953,10.803791222620127,0.4117647058823529,1.9958653627293044,0.08585858585858586,20251028031-1.nii.gz,train,150,0
30,0.11950435638427734,7.461315795102363,0.0,71.04484323986198,0.35714285714285715,20251028031-1.nii.gz,train,151,0
5,0.019917392730712892,50.0,1.0,0.892578125,0.3333333333333333,20251028031-1.nii.gz,train,154,0
44,0.17527305603027343,12.788139141925752,0.7272727272727273,0.892578125,0.1543859649122807,20251028031-1.nii.gz,train,155,0
10,0.039834785461425784,3.484728786515257,0.9,0.892578125,0.16666666666666666,20251028031-1.nii.gz,train,156,0
39,0.15535566329956055,4.471821821090235,0.7435897435897436,1.78515625,0.14444444444444443,20251028031-1.nii.gz,train,161,0
5,0.019917392730712892,32.20908571730055,1.0,0.892578125,0.18518518518518517,20251028031-1.nii.gz,train,168,0
9,0.0358513069152832,50.0,0.5555555555555556,1.9958653627293044,0.5625,20251028031-1.nii.gz,train,170,0
5,0.019917392730712892,50.0,0.0,8.467739593927437,1.0,20251028031-1.nii.gz,train,171,0
6,0.02390087127685547,6.94270454993599,0.0,10.505096107126803,0.5,20251028031-1.nii.gz,train,172,0
23,0.09162000656127929,4.517223121406096,0.6521739130434783,1.2622960898525477,0.30666666666666664,20251028031-1.nii.gz,train,176,0
6,0.02390087127685547,50.0,1.0,0.892578125,0.75,20251028031-1.nii.gz,train,177,0
6,0.02390087127685547,50.0,1.0,0.892578125,0.3333333333333333,20251028031-1.nii.gz,train,179,0
9,0.0358513069152832,15.305023036409635,1.0,0.0,0.2,20251028031-1.nii.gz,train,180,0
23,0.09162000656127929,2.5933779922104674,0.782608695652174,1.78515625,0.4107142857142857,20251028031-1.nii.gz,train,182,0
7,0.027884349822998047,5.695209453500032,0.8571428571428571,1.2622960898525477,0.19444444444444445,20251028031-1.nii.gz,train,190,0
17,0.06771913528442383,7.836640964716677,0.7647058823529411,0.892578125,0.40476190476190477,20251028031-1.nii.gz,train,194,0
22,0.08763652801513672,13.336748282403784,0.9545454545454546,1.2622960898525477,0.13095238095238096,20251028031-1.nii.gz,train,201,0
2443,9.731638088226319,10.244324746067734,0.31150225133033155,6.248046875,0.011494631447203741,20251028031-1.nii.gz,train,202,0
22,0.08763652801513672,15.190553798944118,0.7727272727272727,1.2622960898525477,0.1527777777777778,20251028031-1.nii.gz,train,203,0
11,0.04381826400756836,50.0,0.0,1.78515625,0.36666666666666664,20251028031-1.nii.gz,train,215,0
5,0.019917392730712892,50.0,1.0,0.892578125,0.3125,20251028031-1.nii.gz,train,216,0
51,0.2031574058532715,4.914623470975631,0.6862745098039216,0.0,0.1619047619047619,20251028031-1.nii.gz,train,217,0
30,0.11950435638427734,22.455733118353724,0.8666666666666667,0.892578125,0.11538461538461539,20251028031-1.nii.gz,train,218,0
5,0.019917392730712892,50.0,1.0,0.892578125,0.8333333333333334,20251028031-1.nii.gz,train,219,0
17,0.06771913528442383,7.35260685350228,0.7058823529411765,0.892578125,0.17,20251028031-1.nii.gz,train,220,0
7,0.027884349822998047,50.0,1.0,0.892578125,0.4375,20251028031-1.nii.gz,train,221,0
35,0.13942174911499022,5.145365365479372,0.45714285714285713,0.892578125,0.22435897435897437,20251028031-1.nii.gz,train,222,0
626,2.493657569885254,4.215000708838406,0.0,81.76067235968802,0.2630252100840336,20251028031-1.nii.gz,train,223,0
13,0.051785221099853514,3.9689266307627955,0.0,10.725046160405197,0.325,20251028031-1.nii.gz,train,228,0
6,0.02390087127685547,9.29228291451195,1.0,1.78515625,0.3333333333333333,20251028031-1.nii.gz,train,230,0
11,0.04381826400756836,11.483076109208174,0.6363636363636364,1.2622960898525477,0.3055555555555556,20251028031-1.nii.gz,train,233,0
70,0.27884349822998045,3.2030285953738065,0.0,80.50739706895637,0.35353535353535354,20251028031-1.nii.gz,train,235,0
26,0.10357044219970703,50.0,0.0,65.46721900479042,0.5306122448979592,20251028031-1.nii.gz,train,236,0
223,0.888315715789795,2.7719043096369727,0.0,59.153582384323315,0.2608187134502924,20251028031-1.nii.gz,train,239,0
8,0.03186782836914062,50.0,0.0,11.908477494737763,0.6666666666666666,20251028031-1.nii.gz,train,240,0
9,0.0358513069152832,50.0,0.0,18.945345219849322,0.75,20251028031-1.nii.gz,train,241,0
8,0.03186782836914062,50.0,1.0,0.892578125,0.49999999999999994,20251028031-1.nii.gz,train,246,0
7,0.027884349822998047,50.0,0.8571428571428571,0.892578125,0.5833333333333334,20251028031-1.nii.gz,train,247,0
13,0.051785221099853514,50.0,0.0,20.341767526533076,0.65,20251028031-1.nii.gz,train,248,0
85,0.33859567642211913,2.2221072904528634,0.0,15.0,0.21464646464646464,20251028031-1.nii.gz,train,249,0
12,0.04780174255371094,9.056700185945283,0.9166666666666666,0.892578125,0.15,20251028031-1.nii.gz,train,250,0
8,0.03186782836914062,50.0,0.0,11.637794918662541,0.7999999999999999,20251028031-1.nii.gz,train,252,0
123,0.4899678611755371,1.68319343725007,0.0,117.44351145172132,0.5590909090909091,20251028031-1.nii.gz,train,253,0
8,0.03186782836914062,50.0,0.0,11.908477494737763,0.6666666666666666,20251028031-1.nii.gz,train,254,0
6,0.02390087127685547,50.0,0.0,27.690306648272976,0.5,20251028031-1.nii.gz,train,256,0
7,0.027884349822998047,4.270236580688551,0.0,76.27838106866866,0.5833333333333334,20251028031-1.nii.gz,train,259,0
295,1.1751261711120606,3.3959859728918547,0.0,102.20124159878037,0.1891025641025641,20251028031-1.nii.gz,train,260,0
7,0.027884349822998047,50.0,0.0,6.498066834767963,0.5833333333333334,20251028031-1.nii.gz,train,261,0
27,0.10755392074584962,4.847241423805639,0.5555555555555556,1.78515625,0.45,20251028031-1.nii.gz,train,267,0
88,0.35054611206054687,1.8938628606259933,0.0,88.24614754716085,0.4444444444444444,20251028031-1.nii.gz,train,268,0
9,0.0358513069152832,9.172715397308508,1.0,1.2622960898525477,0.375,20251028031-1.nii.gz,train,270,0
5,0.019917392730712892,50.0,0.0,25.0,0.625,20251028031-1.nii.gz,train,271,0
14,0.055768699645996095,7.9144699268777545,0.7857142857142857,1.78515625,0.2916666666666667,20251028031-1.nii.gz,train,273,0
12,0.04780174255371094,4.455158925196451,0.0,89.21054720340148,0.3,20251028031-1.nii.gz,train,274,0
11,0.04381826400756836,50.0,0.0,110.01210511965338,0.7333333333333333,20251028031-1.nii.gz,train,279,0
34,0.13543827056884766,10.390382501147739,0.8235294117647058,1.2622960898525477,0.07407407407407407,20251028031-1.nii.gz,train,280,0
58,0.23104175567626953,5.067608762095431,0.0,91.83149831176576,0.22745098039215686,20251028031-1.nii.gz,train,284,0
84,0.33461219787597657,5.152849185574637,0.0,104.84043321891853,0.14583333333333334,20251028031-1.nii.gz,train,285,0
8,0.03186782836914062,50.0,0.0,30.0,0.39999999999999997,20251028031-1.nii.gz,train,290,0
14,0.055768699645996095,50.0,0.0,43.163498520424696,0.7,20251028031-1.nii.gz,train,292,0
8,0.03186782836914062,50.0,0.0,101.6432460344341,0.6666666666666666,20251028031-1.nii.gz,train,295,0
71,0.28282697677612306,5.191451702360099,0.4647887323943662,2.5245921797050954,0.3480392156862745,20251028031-1.nii.gz,train,297,0
24,0.09560348510742188,6.864932490414639,0.75,2.5245921797050954,0.1411764705882353,20251028031-1.nii.gz,train,298,0
8,0.03186782836914062,50.0,0.0,41.15083739678977,0.6666666666666666,20251028031-1.nii.gz,train,299,0
595,2.370169734954834,3.357301305904197,0.0,96.55429921310186,0.13709677419354838,20251028031-1.nii.gz,train,300,0
1016,4.047214202880859,2.448575595958685,0.0,113.58092141523457,0.34151260504201675,20251028031-1.nii.gz,train,303,0
13,0.051785221099853514,5.571503208214072,0.9230769230769231,0.892578125,0.18055555555555555,20251028031-1.nii.gz,train,306,0
8,0.03186782836914062,50.0,0.0,95.08525301716934,0.9999999999999999,20251028031-1.nii.gz,train,307,0
886,3.529361991882324,2.480902186378128,0.0,58.69110746336176,0.30817391304347824,20251028031-1.nii.gz,train,308,0
33,0.13145479202270507,3.2149791298896684,0.0,107.5694071066485,0.29464285714285715,20251028031-1.nii.gz,train,310,0
630,2.509591484069824,1.5325998734801798,0.0,41.39213465367236,0.37679425837320574,20251028031-1.nii.gz,train,311,0
647,2.577310619354248,2.6722077705772107,0.0,57.18127267419914,0.30634469696969696,20251028031-1.nii.gz,train,313,0
6,0.02390087127685547,50.0,0.0,91.37665139935623,1.0,20251028031-1.nii.gz,train,316,0
5,0.019917392730712892,8.622865950295362,0.8,0.892578125,0.2777777777777778,20251028031-1.nii.gz,train,320,0
20,0.07966957092285157,50.0,0.0,114.78006220949983,0.625,20251028031-1.nii.gz,train,321,0
1156,4.60490119934082,4.659022140904377,0.0,67.08909820364498,0.2038800705467372,20251028031-1.nii.gz,train,322,0
20,0.07966957092285157,50.0,0.0,90.0,0.8333333333333334,20251028031-1.nii.gz,train,331,0
25,0.09958696365356445,7.32784758207573,0.0,2.677734375,0.3472222222222222,20251028031-1.nii.gz,train,332,0
829,3.302303714752197,2.5816541233618815,0.0,74.09796776706817,0.2382183908045977,20251028031-1.nii.gz,train,334,0
7,0.027884349822998047,8.139832943789491,0.7142857142857143,0.892578125,0.25925925925925924,20251028031-1.nii.gz,train,335,0
1213,4.8319594764709475,2.177816815240943,0.0,83.31189454553362,0.07044134727061556,20251028031-1.nii.gz,train,337,0
94,0.37444698333740234,3.0154004618328916,0.0,102.92939104707071,0.373015873015873,20251028031-1.nii.gz,train,338,0
21,0.08365304946899414,50.0,0.0,101.34758454631063,0.875,20251028031-1.nii.gz,train,341,0
15,0.05975217819213867,8.672470089585191,0.6666666666666666,1.2622960898525477,0.23809523809523808,20251028031-1.nii.gz,train,342,0
16,0.06373565673828124,2.7702752586664348,0.0,90.0,0.3333333333333333,20251028031-1.nii.gz,train,345,0
15,0.05975217819213867,50.0,0.0,98.04765914542634,0.8333333333333334,20251028031-1.nii.gz,train,346,0
283,1.1273244285583497,19.515311055967388,0.5159010600706714,1.78515625,0.045135566188197765,20251028031-1.nii.gz,train,347,0
6,0.02390087127685547,50.0,0.0,56.249276389659904,1.0,20251028031-1.nii.gz,train,348,0
5791,23.06832426071167,3.909047391860754,0.26368502849248837,0.0,0.052109203469747685,20251028031-1.nii.gz,train,349,0
94,0.37444698333740234,10.043205842483342,0.5425531914893617,0.892578125,0.11352657004830918,20251028031-1.nii.gz,train,350,0
1913,7.620394458770752,3.0880953457333375,0.0,75.10080102018414,0.4200702678963549,20251028031-1.nii.gz,train,351,0
30,0.11950435638427734,4.167256883110602,0.0,99.9184485736065,0.23809523809523808,20251028031-1.nii.gz,train,353,0
31,0.12348783493041993,50.0,0.0,74.77715910431579,0.44285714285714284,20251028031-1.nii.gz,train,357,0
15,0.05975217819213867,5.503224206109915,0.0,123.83187847044394,0.4166666666666667,20251028031-1.nii.gz,train,359,0
5,0.019917392730712892,50.0,0.0,17.8515625,0.8333333333333334,20251028031-1.nii.gz,train,361,0
2740,10.914731216430663,11.352587488419415,0.22664233576642337,15.588206802409868,0.02053357314148681,20251028031-1.nii.gz,train,362,0
7,0.027884349822998047,10.861257337685114,0.8571428571428571,1.2622960898525477,0.21875,20251028031-1.nii.gz,train,363,0
5,0.019917392730712892,50.0,0.0,107.78634202386677,0.8333333333333334,20251028031-1.nii.gz,train,364,0
299,1.1910600852966309,3.880102330330356,0.07692307692307693,20.0,0.1395891690009337,20251028031-1.nii.gz,train,365,0
65,0.2589261054992676,3.0421046201127875,0.0,32.02576791883398,0.30092592592592593,20251028031-1.nii.gz,train,369,0
18,0.0717026138305664,4.931742944645515,0.0,55.0,0.375,20251028031-1.nii.gz,train,370,0
31,0.12348783493041993,5.985742053879989,0.967741935483871,0.0,0.124,20251028031-1.nii.gz,train,373,0
20,0.07966957092285157,50.0,0.0,91.83149831176576,0.8333333333333334,20251028031-1.nii.gz,train,374,0
57,0.22705827713012694,5.182065707894936,0.0,113.06915936698776,0.23949579831932774,20251028031-1.nii.gz,train,375,0
10,0.039834785461425784,50.0,0.0,10.461823224382195,0.4166666666666667,20251028031-1.nii.gz,train,378,0
7,0.027884349822998047,50.0,0.0,15.0,0.4375,20251028031-1.nii.gz,train,379,0
3109,12.384634799957276,8.328516141994577,0.5336120939208748,10.0,0.031027944111776447,20251028031-1.nii.gz,train,385,0
15,0.05975217819213867,17.63779330269114,1.0,0.892578125,0.1282051282051282,20251028031-1.nii.gz,train,387,0
13,0.051785221099853514,10.000185031229746,0.0,26.378358310751832,0.3611111111111111,20251028031-1.nii.gz,train,389,0
6,0.02390087127685547,9.710776743099315,1.0,0.892578125,0.3333333333333333,20251028031-1.nii.gz,train,391,0
19,0.07568609237670898,6.182467527217817,0.8421052631578947,1.2622960898525477,0.19791666666666666,20251028031-1.nii.gz,train,393,0
7,0.027884349822998047,50.0,0.0,63.95754514657952,0.5833333333333334,20251028031-1.nii.gz,train,394,0
8,0.03186782836914062,4.105480255842727,0.0,102.99386980276769,0.3333333333333333,20251028031-1.nii.gz,train,395,0
104,0.4142817687988281,3.1081481962780955,0.38461538461538464,2.5245921797050954,0.2139917695473251,20251028031-1.nii.gz,train,398,0
13,0.051785221099853514,4.3580879999329,0.0,14.962335856851125,0.40625,20251028031-1.nii.gz,train,400,0
403,1.605341854095459,5.362179617173241,0.0,31.108184377819672,0.12461348175633889,20251028031-1.nii.gz,train,402,0
48,0.19120697021484376,2.8108164959124418,0.0,103.69059941015085,0.42857142857142855,20251028031-1.nii.gz,train,403,0
13,0.051785221099853514,7.682853157092771,0.0,10.895304524199808,0.24074074074074073,20251028031-1.nii.gz,train,404,0
41,0.1633226203918457,20.865273975360417,0.36585365853658536,2.5245921797050954,0.07321428571428572,20251028031-1.nii.gz,train,406,0
36,0.1434052276611328,2.836301460171977,0.75,5.0,0.4,20251028031-1.nii.gz,train,407,0
33,0.13145479202270507,5.520424377173052,0.0,18.279696719702617,0.22916666666666666,20251028031-1.nii.gz,train,408,0
9,0.0358513069152832,6.0072524328549335,0.0,11.82517591672216,0.225,20251028031-1.nii.gz,train,411,0
5,0.019917392730712892,50.0,0.0,28.20488174335241,0.8333333333333334,20251028031-1.nii.gz,train,413,0
82,0.3266452407836914,8.774979288146238,0.524390243902439,1.2622960898525477,0.056049213943950786,20251028031-1.nii.gz,train,418,0
9,0.0358513069152832,50.0,0.0,17.111410275991304,0.75,20251028031-1.nii.gz,train,424,0
85,0.33859567642211913,3.766441639406222,0.5058823529411764,0.0,0.14756944444444445,20251028031-1.nii.gz,train,425,0
8,0.03186782836914062,22.357476293887768,0.875,0.892578125,0.19999999999999998,20251028031-1.nii.gz,train,426,0
15,0.05975217819213867,50.0,0.0,22.904995372599377,0.9375,20251028031-1.nii.gz,train,427,0
67,0.2668930625915527,2.1372629829099594,0.0,65.40459995949686,0.5583333333333333,20251028031-1.nii.gz,train,428,0
12,0.04780174255371094,50.0,0.0,24.478029481703157,0.48,20251028031-1.nii.gz,train,430,0
123,0.4899678611755371,21.455196619689133,0.6991869918699187,0.892578125,0.06101190476190476,20251028031-1.nii.gz,train,432,0
8,0.03186782836914062,50.0,0.375,2.822579864642479,0.5333333333333333,20251028031-1.nii.gz,train,433,0
5,0.019917392730712892,50.0,1.0,0.892578125,0.3333333333333333,20251028031-1.nii.gz,train,434,0
216,0.8604313659667969,3.7582556373340266,0.013888888888888888,7.593716091504155,0.34285714285714286,20251028031-1.nii.gz,train,437,0
197,0.7847452735900879,1.7666992859612325,0.025380710659898477,10.0,0.3157051282051282,20251028031-1.nii.gz,train,438,0
7,0.027884349822998047,50.0,1.0,0.892578125,0.3333333333333333,20251028031-1.nii.gz,train,439,0
17,0.06771913528442383,16.321687937857774,1.0,0.892578125,0.05782312925170068,20251028031-1.nii.gz,train,444,0
5,0.019917392730712892,50.0,1.0,5.0,0.8333333333333334,20251028031-1.nii.gz,train,445,0
614,2.445855827331543,4.540696664522274,0.0,70.53919293895072,0.25841750841750843,20251028031-1.nii.gz,train,447,0
313,1.246828784942627,2.6469193676247005,0.0,68.21072453723484,0.38641975308641974,20251028031-1.nii.gz,train,451,0
25,0.09958696365356445,4.233296614757303,0.0,25.953775029134768,0.3125,20251028031-1.nii.gz,train,456,0
63,0.2509591484069824,4.047972536066486,0.7142857142857143,0.892578125,0.28125,20251028031-1.nii.gz,train,459,0
7,0.027884349822998047,50.0,0.0,61.57924703927511,0.3888888888888889,20251028031-1.nii.gz,train,460,0
9,0.0358513069152832,50.0,0.5555555555555556,1.9958653627293044,1.0,20251028031-1.nii.gz,train,467,0
46,0.18324001312255858,16.938048672642594,0.41304347826086957,1.78515625,0.12169312169312169,20251028031-1.nii.gz,train,473,0
8,0.03186782836914062,50.0,0.0,66.30671127321415,0.6666666666666666,20251028031-1.nii.gz,train,481,0
6,0.02390087127685547,50.0,0.0,62.48684398278533,0.375,20251028031-1.nii.gz,train,482,0
12,0.04780174255371094,50.0,1.0,0.892578125,0.2,20251028031-1.nii.gz,train,487,0
17,0.06771913528442383,50.0,1.0,0.892578125,0.5666666666666667,20251028031-1.nii.gz,train,490,0
16,0.06373565673828124,50.0,0.1875,1.9958653627293044,0.6399999999999999,20251028031-1.nii.gz,train,491,0
18,0.0717026138305664,5.693285365377342,0.0,47.983857698922144,0.1875,20251028031-1.nii.gz,train,493,0
18,0.0717026138305664,50.0,0.0,55.70945004028943,0.75,20251028031-1.nii.gz,train,497,0
7,0.027884349822998047,50.0,1.0,0.892578125,0.4375,20251028031-1.nii.gz,train,500,0
136,0.5417530822753907,2.6011952541934695,0.0,58.87307849510231,0.4444444444444444,20251028031-1.nii.gz,train,501,0
15,0.05975217819213867,37.98068301121058,0.06666666666666667,3.218236197045006,0.10714285714285714,20251028031-1.nii.gz,train,504,0
27,0.10755392074584962,3.156086064687846,0.0,20.62751227597047,0.421875,20251028031-1.nii.gz,train,505,0
10,0.039834785461425784,50.0,1.0,0.892578125,0.1388888888888889,20251028031-1.nii.gz,train,508,0
13,0.051785221099853514,4.9435839663198635,0.0,44.98788208456079,0.325,20251028031-1.nii.gz,train,511,0
5,0.019917392730712892,50.0,0.0,3.6801938884907632,0.8333333333333334,20251028031-1.nii.gz,train,512,0
532,2.1192105865478514,7.911554678815716,0.2800751879699248,3.5703125,0.07869822485207101,20251028031-1.nii.gz,train,515,0
24,0.09560348510742188,8.481925615694275,0.75,0.892578125,0.18461538461538463,20251028031-1.nii.gz,train,517,0
35,0.13942174911499022,7.892683720632388,0.42857142857142855,1.2622960898525477,0.11666666666666667,20251028031-1.nii.gz,train,521,0
7,0.027884349822998047,50.0,1.0,0.892578125,0.2916666666666667,20251028031-1.nii.gz,train,525,0
19,0.07568609237670898,50.0,0.21052631578947367,1.9958653627293044,0.30158730158730157,20251028031-1.nii.gz,train,535,0
10,0.039834785461425784,50.0,0.5,1.2622960898525477,0.4166666666666667,20251028031-1.nii.gz,train,536,0
8,0.03186782836914062,50.0,0.875,0.892578125,0.38095238095238093,20251028031-1.nii.gz,train,547,0
6,0.02390087127685547,50.0,1.0,0.892578125,0.375,20251028031-1.nii.gz,train,548,0
20,0.07966957092285157,4.655658845893013,0.45,1.78515625,0.2222222222222222,20251028031-1.nii.gz,train,554,0
12,0.04780174255371094,12.318593860484619,1.0,0.892578125,0.21428571428571427,20251028031-1.nii.gz,train,555,0
33,0.13145479202270507,14.359729039382016,0.6666666666666666,1.78515625,0.03173076923076923,20251028031-1.nii.gz,train,556,0
202,0.8046626663208007,18.475590229691676,0.5,3.5703125,0.05611111111111111,20251028031-1.nii.gz,train,558,0
32,0.1274713134765625,10.362014066266303,0.8125,1.78515625,0.24615384615384614,20251028031-1.nii.gz,train,572,0
22,0.08763652801513672,50.0,0.6363636363636364,1.2622960898525477,0.2619047619047619,20251028031-1.nii.gz,train,576,0
7,0.027884349822998047,50.0,1.0,0.892578125,0.12962962962962962,20251028031-1.nii.gz,train,578,0
10,0.039834785461425784,13.431204941874629,0.9,0.892578125,0.13333333333333333,20251028031-1.nii.gz,train,585,0
19,0.07568609237670898,14.804434474906662,0.6842105263157895,0.892578125,0.13194444444444445,20251028031-1.nii.gz,train,588,0
609,2.42593843460083,16.11774364927663,0.3727422003284072,2.677734375,0.031634720274271465,20251028031-1.nii.gz,train,590,0
33,0.13145479202270507,50.0,0.0,3.9917307254586087,0.24812030075187969,20251028031-1.nii.gz,train,592,0
231,0.9201835441589356,8.810711175055422,0.5584415584415584,0.892578125,0.08542899408284024,20251028031-1.nii.gz,train,593,0
33,0.13145479202270507,15.72314148514059,0.21212121212121213,1.9958653627293044,0.15714285714285714,20251028031-1.nii.gz,train,594,0
86,0.34257915496826175,9.032050603993481,0.5232558139534884,1.2622960898525477,0.08958333333333333,20251028031-1.nii.gz,train,601,0
6,0.02390087127685547,12.633909518915365,1.0,0.892578125,0.25,20251028031-1.nii.gz,train,605,0
50,0.1991739273071289,5.653870092087753,0.32,1.2622960898525477,0.1736111111111111,20251028031-1.nii.gz,train,610,0
32,0.1274713134765625,3.7908639154036314,0.75,1.78515625,0.3555555555555555,20251028031-1.nii.gz,train,611,0
18,0.0717026138305664,23.654448403579714,0.9444444444444444,1.2622960898525477,0.04090909090909091,20251028031-1.nii.gz,train,613,0
7,0.027884349822998047,50.0,1.0,1.2622960898525477,0.7777777777777778,20251028031-1.nii.gz,train,614,0
104,0.4142817687988281,15.916807261908334,0.5288461538461539,1.2622960898525477,0.037477477477477476,20251028031-1.nii.gz,train,616,0
6,0.02390087127685547,14.193231051188071,1.0,0.892578125,0.25,20251028031-1.nii.gz,train,618,0
46,0.18324001312255858,15.786245197337038,0.5,1.78515625,0.08518518518518518,20251028031-1.nii.gz,train,622,0
124,0.4939513397216797,9.407922542540541,0.49193548387096775,1.9958653627293044,0.041292041292041295,20251028031-1.nii.gz,train,623,0
54,0.21510784149169923,6.880625711304054,0.6111111111111112,0.892578125,0.10909090909090909,20251028031-1.nii.gz,train,625,0
34,0.13543827056884766,7.794614546681386,0.8529411764705882,1.2622960898525477,0.11805555555555555,20251028031-1.nii.gz,train,631,0
27,0.10755392074584962,13.866374101689114,0.8888888888888888,0.892578125,0.08766233766233766,20251028031-1.nii.gz,train,635,0
5,0.019917392730712892,27.319665443954577,1.0,0.0,0.18518518518518517,20251028031-1.nii.gz,train,636,0
19,0.2391646559954097,13.790587339232529,0.7894736842105263,1.3120145354047268,0.12179487179487179,20251028034-1.nii.gz,holdout,4,0
43,0.5412673793580325,30.581242241402443,0.6511627906976745,0.927734375,0.1365079365079365,20251028034-1.nii.gz,holdout,5,0
45,0.5664426063049177,15.933476180745727,0.7111111111111111,2.0744771275632816,0.13636363636363635,20251028034-1.nii.gz,holdout,6,0
1698,21.373767677905562,11.047525919273623,0.4552414605418139,15.356736415414558,0.007392379492894957,20251028034-1.nii.gz,holdout,7,0
9386,118.1473400617324,5.956777628469421,0.15981248668229278,12.060546875,0.0463739760274311,20251028034-1.nii.gz,holdout,12,0
8,0.10070090778754093,33.871174610265506,0.875,1.3120145354047268,0.16666666666666666,20251028034-1.nii.gz,holdout,13,0
604,7.60291853795934,50.0,0.20695364238410596,3.344993859073037,0.3268398268398268,20251028034-1.nii.gz,holdout,14,0
248,3.1217281414137688,9.800483522785095,0.6169354838709677,1.85546875,0.1222879684418146,20251028034-1.nii.gz,holdout,15,0
36,0.4531540850439342,20.92945310444783,0.3888888888888889,1.85546875,0.1875,20251028034-1.nii.gz,holdout,17,0
96,1.2084108934504911,15.4886273173155,0.8958333333333334,0.927734375,0.06237816764132553,20251028034-1.nii.gz,holdout,20,0
8,0.10070090778754093,50.0,0.875,1.3120145354047268,0.38095238095238093,20251028034-1.nii.gz,holdout,23,0
11,0.13846374820786878,50.0,1.0,0.927734375,0.39285714285714285,20251028034-1.nii.gz,holdout,24,0
40,0.5035045389377046,22.398506682110558,0.925,0.0,0.053475935828877004,20251028034-1.nii.gz,holdout,28,0
56,0.7049063545127865,27.182067967976156,0.7678571428571429,0.927734375,0.0374331550802139,20251028034-1.nii.gz,holdout,31,0
11,0.13846374820786878,50.0,0.2727272727272727,1.85546875,0.6111111111111112,20251028034-1.nii.gz,holdout,33,0
7,0.08811329431409831,50.0,0.0,2.0744771275632816,0.7,20251028034-1.nii.gz,holdout,37,0
541,6.809898889132455,50.0,0.20517560073937152,2.783203125,0.17796052631578949,20251028034-1.nii.gz,holdout,38,0
12,0.1510513616813114,50.0,0.0,1.85546875,0.24,20251028034-1.nii.gz,holdout,41,0
609,7.665856605326553,50.0,0.17569786535303777,2.0744771275632816,0.10252525252525252,20251028034-1.nii.gz,holdout,42,0
5,0.06293806736721308,50.0,0.0,2.0744771275632816,0.625,20251028034-1.nii.gz,holdout,43,0
38,0.4783293119908194,19.10039897540774,0.6842105263157895,2.0744771275632816,0.08444444444444445,20251028034-1.nii.gz,holdout,44,0
18,0.2265770425219671,31.55872241040621,0.0,2.0744771275632816,0.3333333333333333,20251028034-1.nii.gz,holdout,45,0
35239,443.5749111906444,3.6224715571001536,0.11708618292233038,49.099854262809686,0.009977095065388068,20251028034-1.nii.gz,holdout,48,0
2470,31.09140527940326,50.0,0.15708502024291499,3.344993859073037,0.07585995085995086,20251028034-1.nii.gz,holdout,49,0
11,0.13846374820786878,29.751916703644536,0.0,2.0744771275632816,0.4583333333333333,20251028034-1.nii.gz,holdout,52,0
83,1.0447719182957371,8.78648885356503,0.7349397590361446,0.0,0.12205882352941176,20251028034-1.nii.gz,holdout,53,0
8,0.10070090778754093,50.0,0.0,19.756834706601147,0.8,20251028034-1.nii.gz,holdout,55,0
7487,94.24346207566487,3.8768026182967015,0.4844396954721517,9.461071363111612,0.08143708666898712,20251028034-1.nii.gz,holdout,56,0
5,0.06293806736721308,50.0,0.0,11.808130818642542,0.5,20251028034-1.nii.gz,holdout,59,0
7,0.08811329431409831,50.0,0.0,2.783203125,0.3333333333333333,20251028034-1.nii.gz,holdout,60,0
11,0.13846374820786878,14.313730403940495,0.8181818181818182,2.0744771275632816,0.34375,20251028034-1.nii.gz,holdout,64,0
18,0.2265770425219671,7.998346796755286,0.7777777777777778,1.3120145354047268,0.45,20251028034-1.nii.gz,holdout,65,0
82,1.0321843048222945,7.011372284703687,0.524390243902439,1.85546875,0.1423611111111111,20251028034-1.nii.gz,holdout,66,0
5,0.06293806736721308,17.278571957412932,1.0,1.3120145354047268,0.4166666666666667,20251028034-1.nii.gz,holdout,67,0
32,0.4028036311501637,50.0,1.0,0.927734375,0.38095238095238093,20251028034-1.nii.gz,holdout,69,0
8,0.10070090778754093,50.0,1.0,1.3120145354047268,0.6666666666666666,20251028034-1.nii.gz,holdout,72,0
5,0.06293806736721308,50.0,0.0,93.64838909753554,0.5555555555555556,20251028034-1.nii.gz,holdout,73,0
8,0.10070090778754093,50.0,1.0,1.3120145354047268,0.8,20251028034-1.nii.gz,holdout,74,0
5,0.06293806736721308,50.0,1.0,1.3120145354047268,0.625,20251028034-1.nii.gz,holdout,77,0
15,0.18881420210163924,50.0,0.0,16.413296594049243,0.625,20251028034-1.nii.gz,holdout,79,0
8,0.10070090778754093,50.0,0.0,9.184101747833088,0.4444444444444444,20251028034-1.nii.gz,holdout,80,0
11349,142.85682531010025,4.739026075788184,0.0,43.603515625,0.1491248817407758,20251028034-1.nii.gz,holdout,83,1
5,0.06293806736721308,50.0,0.0,11.17140122055926,0.4166666666666667,20251028034-1.nii.gz,holdout,84,0
54,0.6797311275659013,50.0,0.0,85.35660438572965,0.25,20251028034-1.nii.gz,holdout,87,0
26,0.327277950309508,50.0,0.0,72.38706540224453,0.4642857142857143,20251028034-1.nii.gz,holdout,88,0
81,1.019596691348852,50.0,0.0,102.8239543064935,0.7788461538461539,20251028034-1.nii.gz,holdout,91,0
10,0.12587613473442616,50.0,0.0,86.32417557601923,0.7142857142857143,20251028034-1.nii.gz,holdout,94,0
6,0.0755256808406557,50.0,0.0,63.910026830421884,0.75,20251028034-1.nii.gz,holdout,95,0
11,0.13846374820786878,50.0,0.0,93.92594675171269,0.36666666666666664,20251028034-1.nii.gz,holdout,96,0
7,0.08811329431409831,14.554586312152798,0.14285714285714285,1.85546875,0.35,20251028034-1.nii.gz,holdout,97,0
15,0.18881420210163924,50.0,0.0,33.527041893775426,0.46875,20251028034-1.nii.gz,holdout,98,0
59,0.7426691949331143,9.20792682610988,1.0,2.0744771275632816,0.19666666666666666,20251028034-1.nii.gz,holdout,100,0
75,0.9440710105081962,13.001380605199243,0.76,0.0,0.16741071428571427,20251028034-1.nii.gz,holdout,102,0
16,0.20140181557508186,11.637798388397123,0.0,43.875022888183594,0.3333333333333333,20251028034-1.nii.gz,holdout,104,0
18,0.2265770425219671,50.0,0.0,104.24118555435557,0.6428571428571429,20251028034-1.nii.gz,holdout,106,0
5,0.06293806736721308,50.0,1.0,0.927734375,1.0,20251028034-1.nii.gz,holdout,108,0
14,0.17622658862819662,50.0,0.0,43.875022888183594,0.56,20251028034-1.nii.gz,holdout,110,0
8,0.10070090778754093,17.975129427471593,0.875,0.927734375,0.26666666666666666,20251028034-1.nii.gz,holdout,111,0
748,9.415534878135077,1.5013683731054628,0.0,105.83735631570786,0.3816326530612245,20251028034-1.nii.gz,holdout,113,0
40,0.5035045389377046,50.0,0.0,51.973916939831845,0.7142857142857143,20251028034-1.nii.gz,holdout,114,0
53,0.6671435140924586,4.987869177276674,0.0,105.02420809383986,0.4818181818181818,20251028034-1.nii.gz,holdout,117,0
5,0.06293806736721308,50.0,0.0,81.8985073908426,0.625,20251028034-1.nii.gz,holdout,118,0
8,0.10070090778754093,50.0,0.0,97.6261834086301,0.8888888888888888,20251028034-1.nii.gz,holdout,119,0
114,1.4349879359724582,3.882839870006669,0.0,50.25240361932229,0.5277777777777778,20251028034-1.nii.gz,holdout,120,0
11,0.13846374820786878,50.0,1.0,1.85546875,0.6875,20251028034-1.nii.gz,holdout,121,0
34,0.42797885809704894,18.924989261839336,0.9705882352941176,1.85546875,0.13709677419354838,20251028034-1.nii.gz,holdout,125,0
24,0.3021027233626228,50.0,1.0,0.927734375,0.7272727272727273,20251028034-1.nii.gz,holdout,126,0
118,1.4853383898662287,4.13983608540752,0.0,103.53857010958664,0.6145833333333334,20251028034-1.nii.gz,holdout,127,0
18,0.2265770425219671,10.06184969998362,0.0,126.51792062319011,0.6,20251028034-1.nii.gz,holdout,128,0
199,2.5049350812150806,5.2033164468222575,0.0,49.62811252240543,0.24033816425120774,20251028034-1.nii.gz,holdout,129,0
12,0.1510513616813114,50.0,0.0,44.87780191923997,0.8,20251028034-1.nii.gz,holdout,130,0
77,0.9692462374550814,50.0,0.14285714285714285,1.85546875,0.150390625,20251028034-1.nii.gz,holdout,131,0
26,0.327277950309508,16.76946882415357,0.8461538461538461,1.85546875,0.5909090909090909,20251028034-1.nii.gz,holdout,132,0
257,3.2350166626747523,2.925905761726541,0.0,63.1507814088687,0.3893939393939394,20251028034-1.nii.gz,holdout,133,0
9,0.11328852126098354,50.0,0.0,88.86303030498665,0.75,20251028034-1.nii.gz,holdout,136,0
6,0.0755256808406557,50.0,1.0,0.927734375,1.0,20251028034-1.nii.gz,holdout,138,0
232,2.920326325838687,4.805765462425748,0.0,59.33519984999175,0.25272331154684097,20251028034-1.nii.gz,holdout,140,0
57,0.7174939679862291,5.294268324377103,0.0,87.70777828256199,0.5816326530612245,20251028034-1.nii.gz,holdout,143,0
7,0.08811329431409831,50.0,0.0,44.67207518376865,0.7777777777777778,20251028034-1.nii.gz,holdout,144,0
5,0.06293806736721308,16.351306093714584,0.0,121.49635492359585,0.4166666666666667,20251028034-1.nii.gz,holdout,146,0
8,0.10070090778754093,50.0,0.0,3.7109375,1.0,20251028034-1.nii.gz,holdout,147,0
42,0.5286797658845899,50.0,0.0,46.77102104891885,0.84,20251028034-1.nii.gz,holdout,148,0
66,0.8307824892472127,39.08875208593174,0.6363636363636364,1.85546875,0.1774193548387097,20251028034-1.nii.gz,holdout,150,0
9,0.11328852126098354,50.0,0.0,43.92403771047714,0.75,20251028034-1.nii.gz,holdout,152,0
16,0.20140181557508186,50.0,1.0,0.927734375,0.5333333333333333,20251028034-1.nii.gz,holdout,153,0
11,0.13846374820786878,50.0,0.0,117.6672807565812,0.9166666666666666,20251028034-1.nii.gz,holdout,154,0
5,0.06293806736721308,50.0,1.0,1.3120145354047268,0.5555555555555556,20251028034-1.nii.gz,holdout,155,0
49,0.6167930601986882,6.422079605849271,0.0,85.19897928791463,0.5833333333333334,20251028034-1.nii.gz,holdout,156,0
7,0.08811329431409831,50.0,1.0,0.927734375,1.0,20251028034-1.nii.gz,holdout,157,0
11,0.13846374820786878,50.0,1.0,0.927734375,0.55,20251028034-1.nii.gz,holdout,159,0
1007,12.675726767756714,3.368379814114914,0.23932472691161866,27.040084718143714,0.1956099456099456,20251028034-1.nii.gz,holdout,160,0
15,0.18881420210163924,10.815382765945383,0.0,99.72173599176574,0.21428571428571427,20251028034-1.nii.gz,holdout,161,0
9,0.11328852126098354,50.0,0.0,44.545845825338844,0.6,20251028034-1.nii.gz,holdout,163,0
8,0.10070090778754093,50.0,0.0,82.68171960027921,0.6666666666666666,20251028034-1.nii.gz,holdout,164,0
328,4.128737219289178,4.4923241056011,0.0,96.9561980542024,0.1726315789473684,20251028034-1.nii.gz,holdout,168,0
87,1.0951223721895076,4.290856154273544,0.0,56.35946693338933,0.32706766917293234,20251028034-1.nii.gz,holdout,171,0
35,0.44056647157049156,16.42099257476764,0.0,84.4442154298432,0.25925925925925924,20251028034-1.nii.gz,holdout,176,0
7,0.08811329431409831,50.0,0.0,33.05535404738812,0.5833333333333334,20251028034-1.nii.gz,holdout,180,0
151,1.900729634489835,3.835049248715128,0.0,90.03326331141419,0.3416289592760181,20251028034-1.nii.gz,holdout,185,0
11,0.13846374820786878,50.0,0.0,2.783203125,0.6111111111111112,20251028034-1.nii.gz,holdout,186,0
15,0.18881420210163924,50.0,0.0,15.771484375,0.75,20251028034-1.nii.gz,holdout,187,0
27,0.33986556378295063,50.0,0.0,51.90340114907967,0.5510204081632653,20251028034-1.nii.gz,holdout,190,0
105,1.3216994147114747,2.9896586063573065,0.0,56.431878943196374,0.3645833333333333,20251028034-1.nii.gz,holdout,193,0
81,1.019596691348852,16.486351157632022,0.7037037037037037,0.927734375,0.16666666666666666,20251028034-1.nii.gz,holdout,194,0
3425,43.11257614654096,10.151127479352178,0.22335766423357664,5.940398462462116,0.029938811188811188,20251028034-1.nii.gz,holdout,195,0
14,0.17622658862819662,50.0,0.0,48.38470535111341,0.5833333333333334,20251028034-1.nii.gz,holdout,197,0
35,0.44056647157049156,14.051768195865181,0.0,60.15983669933516,0.2777777777777778,20251028034-1.nii.gz,holdout,198,0
14,0.17622658862819662,50.0,1.0,0.927734375,0.5833333333333334,20251028034-1.nii.gz,holdout,205,0
16,0.20140181557508186,22.407190501182683,0.4375,0.927734375,0.2962962962962963,20251028034-1.nii.gz,holdout,209,0
9,0.11328852126098354,50.0,0.0,2.0744771275632816,0.28125,20251028034-1.nii.gz,holdout,210,0
23,0.28951510988918017,50.0,0.0,2.783203125,0.23958333333333334,20251028034-1.nii.gz,holdout,211,0
32,0.4028036311501637,18.592973868060838,0.0,1.85546875,0.1,20251028034-1.nii.gz,holdout,212,0
15,0.18881420210163924,50.0,0.0,2.0744771275632816,0.22727272727272727,20251028034-1.nii.gz,holdout,213,0
11,0.13846374820786878,50.0,0.0,2.6240290708094536,0.6111111111111112,20251028034-1.nii.gz,holdout,214,0
711,8.9497931796177,50.0,0.3136427566807314,2.6240290708094536,0.12208104395604395,20251028034-1.nii.gz,holdout,215,0
53,0.6671435140924586,21.93222081264191,0.0,1.85546875,0.07066666666666667,20251028034-1.nii.gz,holdout,216,0
52,0.654555900619016,18.08659450151667,0.9615384615384616,0.927734375,0.07428571428571429,20251028034-1.nii.gz,holdout,217,0
9,0.11328852126098354,50.0,0.0,2.0744771275632816,0.375,20251028034-1.nii.gz,holdout,218,0
532,6.696610367871472,50.0,0.15789473684210525,2.783203125,0.10747474747474747,20251028034-1.nii.gz,holdout,219,0
581,7.31340342807016,50.0,0.2134251290877797,3.344993859073037,0.38425925925925924,20251028034-1.nii.gz,holdout,225,0
31,0.3902160176767211,2.588362410773179,1.0,3.9360436062141804,0.2152777777777778,20251028034-1.nii.gz,holdout,228,0
12,0.1510513616813114,50.0,0.0,2.783203125,0.5,20251028034-1.nii.gz,holdout,229,0
126,1.5860392976537696,50.0,0.38095238095238093,0.0,0.175,20251028034-1.nii.gz,holdout,232,0
95,1.1958232799770485,50.0,0.6947368421052632,0.0,0.07539682539682539,20251028034-1.nii.gz,holdout,233,0
747,9.402947264661634,50.0,0.18072289156626506,2.783203125,0.28295454545454546,20251028034-1.nii.gz,holdout,235,0
22,0.27692749641573755,30.710948949743436,0.8636363636363636,0.927734375,0.22916666666666666,20251028034-1.nii.gz,holdout,237,0
8,0.10070090778754093,50.0,1.0,0.927734375,0.5,20251028034-1.nii.gz,holdout,239,0
156,1.405438627420168,16.45935049396653,0.42948717948717946,2.455078125,0.2496,20251028036-1.nii.gz,train,2,0
62,0.5585717621798103,8.199045744480063,0.6290322580645161,1.829907192524242,0.28703703703703703,20251028036-1.nii.gz,train,3,0
322,2.900969474546757,7.247075595773032,0.7639751552795031,4.091796875,0.09173789173789174,20251028036-1.nii.gz,train,5,0
2136,19.24369812929153,5.412095742345415,0.24625468164794007,12.939397847759286,0.016512059369202227,20251028036-1.nii.gz,train,6,0
1371,12.351643321750322,5.619815843983648,0.40554339897884756,4.771814148320666,0.07019969278033794,20251028036-1.nii.gz,train,8,0
224,2.018065721423831,13.442634554661364,0.35714285714285715,2.314669854040339,0.06708595387840671,20251028036-1.nii.gz,train,10,0
18,0.16216599547155783,50.0,1.0,0.818359375,0.17647058823529413,20251028036-1.nii.gz,train,13,0
30,0.2702766591192631,33.27449792124253,0.8666666666666667,0.818359375,0.07142857142857142,20251028036-1.nii.gz,train,18,0
8,0.07207377576513682,50.0,1.0,0.818359375,0.09523809523809523,20251028036-1.nii.gz,train,24,0
116,1.0450697485944838,38.57391564852435,0.8879310344827587,0.818359375,0.04131054131054131,20251028036-1.nii.gz,train,25,0
1178,10.612863481416396,12.476143294409296,0.47368421052631576,5.9012733766383265,0.006980740740740741,20251028036-1.nii.gz,train,26,0
339,3.0541262480476727,8.927081191682745,0.2743362831858407,1.829907192524242,0.07690562613430127,20251028036-1.nii.gz,train,28,0
11,0.09910144167706313,47.357344851635744,1.0,0.0,0.1527777777777778,20251028036-1.nii.gz,train,30,0
5,0.04504610985321051,50.0,1.0,0.818359375,0.3333333333333333,20251028036-1.nii.gz,train,33,0
89,0.801820755387147,23.91978831122259,0.5955056179775281,1.829907192524242,0.14833333333333334,20251028036-1.nii.gz,train,34,0
235,2.117167163100894,19.766294827111338,0.48936170212765956,0.818359375,0.055112570356472795,20251028036-1.nii.gz,train,36,0
11,0.09910144167706313,50.0,0.9090909090909091,1.1573349270201696,0.15714285714285714,20251028036-1.nii.gz,train,38,0
87,0.7838023114458629,18.53778108333397,1.0,0.818359375,0.038157894736842106,20251028036-1.nii.gz,train,45,0
1810,16.306691766862205,10.607934371070836,0.530939226519337,2.455078125,0.010915121362882557,20251028036-1.nii.gz,train,49,0
165,1.4865216251559468,12.651892428431376,0.44242424242424244,2.314669854040339,0.2,20251028036-1.nii.gz,train,50,0
18,0.16216599547155783,50.0,1.0,2.9506366883191633,0.3673469387755102,20251028036-1.nii.gz,train,54,0
80,0.7207377576513682,6.36038045443081,0.6625,2.314669854040339,0.26666666666666666,20251028036-1.nii.gz,train,56,0
102,0.9189406410054944,50.0,1.0,13.452381134033203,0.3434343434343434,20251028036-1.nii.gz,train,57,0
8,0.07207377576513682,17.250577128345864,1.0,0.818359375,0.3333333333333333,20251028036-1.nii.gz,train,58,0
39,0.351359656855042,50.0,0.5897435897435898,0.818359375,0.24375,20251028036-1.nii.gz,train,60,0
64,0.5765902061210946,50.0,1.0,13.452381134033203,0.15763546798029557,20251028036-1.nii.gz,train,62,0
24,0.21622132729541044,50.0,0.0,53.2374066429278,0.6857142857142857,20251028036-1.nii.gz,train,63,0
17,0.15315677350091572,24.71215297980222,0.8823529411764706,0.818359375,0.2833333333333333,20251028036-1.nii.gz,train,66,0
5,0.04504610985321051,50.0,1.0,1.1573349270201696,0.625,20251028036-1.nii.gz,train,67,0
295,2.65772048133942,10.058096089101262,0.39661016949152544,2.9506366883191633,0.13507326007326007,20251028036-1.nii.gz,train,72,0
7,0.06306455379449472,50.0,1.0,0.818359375,1.0,20251028036-1.nii.gz,train,73,0
1400,12.612910758898943,5.6792747261516805,0.45071428571428573,2.314669854040339,0.08988186954288649,20251028036-1.nii.gz,train,74,0
1857,16.730125199482384,7.475670817137269,0.9273021001615509,4.91015625,0.16580357142857144,20251028036-1.nii.gz,train,81,0
5,0.04504610985321051,50.0,1.0,0.818359375,0.5,20251028036-1.nii.gz,train,83,0
9,0.08108299773577891,50.0,0.0,53.111460389744934,0.75,20251028036-1.nii.gz,train,84,0
410,3.6937810079632616,50.0,0.0,35.15136929011402,0.400390625,20251028036-1.nii.gz,train,86,0
34,0.30631354700183144,6.026617905789376,1.0,1.829907192524242,0.37777777777777777,20251028036-1.nii.gz,train,89,0
1817,16.3697563206567,3.458034043617849,0.0,37.48407549656947,0.48324468085106376,20251028036-1.nii.gz,train,91,0
80589,726.0441893920763,7.839732244243433,0.0,44.94275907215286,0.12370236770405618,20251028036-1.nii.gz,train,92,1
5,0.04504610985321051,31.465862495266787,0.0,49.271759067519255,0.3125,20251028036-1.nii.gz,train,93,0
590,5.31544096267884,18.08588662611891,0.3677966101694915,2.5878795695518573,0.02640529896168994,20251028036-1.nii.gz,train,94,0
8,0.07207377576513682,50.0,0.0,45.7842633293987,0.6666666666666666,20251028036-1.nii.gz,train,98,0
35,0.3153227689724736,5.461165189796364,0.0,57.94894824209276,0.10802469135802469,20251028036-1.nii.gz,train,102,0
581,5.234357964943062,9.82841998618595,0.3287435456110155,4.172830422256595,0.020550367855121675,20251028036-1.nii.gz,train,104,0
88,0.792811533416505,17.209369196320303,0.5909090909090909,1.63671875,0.05751633986928104,20251028036-1.nii.gz,train,108,0
154,1.3874201834788837,20.53188135998837,0.9805194805194806,0.0,0.07051282051282051,20251028036-1.nii.gz,train,109,0
30,0.2702766591192631,12.763185713477565,0.0,49.69765969631289,0.08823529411764706,20251028036-1.nii.gz,train,110,0
6,0.05405533182385261,50.0,0.0,61.61353471802648,0.375,20251028036-1.nii.gz,train,111,0
21,0.18919366138348415,50.0,0.5714285714285714,1.63671875,0.35,20251028036-1.nii.gz,train,115,0
40,0.3603688788256841,50.0,0.0,16.851050894818567,0.2631578947368421,20251028036-1.nii.gz,train,118,0
10,0.09009221970642102,10.39645066355442,0.8,1.1573349270201696,0.4166666666666667,20251028036-1.nii.gz,train,119,0
36,0.32433199094311566,31.255666872367517,0.5833333333333334,0.818359375,0.16363636363636364,20251028036-1.nii.gz,train,121,0
5,0.04504610985321051,50.0,1.0,0.818359375,0.5555555555555556,20251028036-1.nii.gz,train,130,0
197,1.7748167282164942,14.881710228999175,0.7309644670050761,0.0,0.11726190476190476,20251028036-1.nii.gz,train,131,0
20,0.18018443941284204,34.961000765943695,1.0,1.1573349270201696,0.15384615384615385,20251028036-1.nii.gz,train,134,0
5,0.04504610985321051,50.0,0.6,1.1573349270201696,0.5555555555555556,20251028036-1.nii.gz,train,136,0
9,0.08108299773577891,22.91730187873704,1.0,1.1573349270201696,0.1875,20251028036-1.nii.gz,train,152,0
619,5.576708399827461,2.5150903830870655,0.0,57.16939028390624,0.42986111111111114,20251028036-1.nii.gz,train,157,0
60,0.5405533182385261,22.3974418862606,0.9833333333333333,0.0,0.10869565217391304,20251028036-1.nii.gz,train,161,0
324,2.918987918488041,10.76170241540255,0.5925925925925926,1.63671875,0.11868131868131868,20251028036-1.nii.gz,train,167,0
8,0.07207377576513682,50.0,1.0,0.818359375,0.2962962962962963,20251028036-1.nii.gz,train,168,0
65,0.5855994280917366,50.0,1.0,13.452381134033203,0.5909090909090909,20251028036-1.nii.gz,train,169,0
14,0.12612910758898943,50.0,1.0,0.818359375,0.3111111111111111,20251028036-1.nii.gz,train,175,0
55,0.4955072083853156,4.32247076356726,0.0,54.581855402102065,0.2864583333333333,20251028036-1.nii.gz,train,183,0
7,0.06306455379449472,50.0,1.0,0.818359375,1.0,20251028036-1.nii.gz,train,185,0
7,0.06306455379449472,50.0,1.0,0.818359375,0.15555555555555556,20251028036-1.nii.gz,train,186,0
47,0.4234334326201788,50.0,0.0,77.25783846745469,0.7833333333333333,20251028036-1.nii.gz,train,189,0
49,0.441451876561463,50.0,0.0,57.15560296045089,0.5104166666666666,20251028036-1.nii.gz,train,192,0
260,2.3423977123669464,12.571433432448675,0.4,0.818359375,0.18055555555555555,20251028036-1.nii.gz,train,193,0
116,1.0450697485944838,4.167581237573637,0.9913793103448276,13.452381134033203,0.2230769230769231,20251028036-1.nii.gz,train,196,0
16,0.14414755153027364,50.0,0.625,1.63671875,0.8,20251028036-1.nii.gz,train,197,0
6,0.05405533182385261,50.0,1.0,0.0,0.25,20251028036-1.nii.gz,train,201,0
30,0.2702766591192631,27.617081350302605,0.8666666666666667,1.1573349270201696,0.4166666666666667,20251028036-1.nii.gz,train,202,0
9,0.08108299773577891,50.0,1.0,0.818359375,1.0,20251028036-1.nii.gz,train,203,0
110,0.9910144167706312,16.842819991537766,0.4818181818181818,1.63671875,0.17973856209150327,20251028036-1.nii.gz,train,205,0
13,0.11711988561834732,22.666347252067695,1.0,0.818359375,0.24074074074074073,20251028036-1.nii.gz,train,206,0
5,0.04504610985321051,50.0,1.0,0.818359375,1.0,20251028036-1.nii.gz,train,209,0
189,1.7027429524513573,50.0,0.0,36.9260581121272,0.7875,20251028036-1.nii.gz,train,210,0
17,0.15315677350091572,50.0,1.0,13.452381134033203,0.8095238095238095,20251028036-1.nii.gz,train,211,0
11,0.09910144167706313,50.0,1.0,0.818359375,1.0,20251028036-1.nii.gz,train,212,0
424,3.819910115552251,9.653593287345029,0.43160377358490565,0.0,0.04717925892956493,20251028036-1.nii.gz,train,220,0
1809,16.29768254489156,3.0721226765761527,0.0,52.593299339799934,0.33253676470588234,20251028036-1.nii.gz,train,221,0
267,2.4054622661614413,3.4877357683096855,0.36329588014981273,4.091796875,0.1545138888888889,20251028036-1.nii.gz,train,222,0
8,0.07207377576513682,50.0,1.0,0.818359375,1.0,20251028036-1.nii.gz,train,224,0
68,0.6126270940036629,8.907139756926941,0.5147058823529411,0.0,0.1827956989247312,20251028036-1.nii.gz,train,228,0
18,0.16216599547155783,50.0,0.8888888888888888,0.818359375,0.5625,20251028036-1.nii.gz,train,230,0
43,0.38739654473761037,25.068983198131644,0.813953488372093,0.818359375,0.19196428571428573,20251028036-1.nii.gz,train,231,0
143,1.2883187418018205,4.077523922794859,0.0,76.83525341731412,0.2837301587301587,20251028036-1.nii.gz,train,232,0
6,0.05405533182385261,19.139722234590735,1.0,0.818359375,0.5,20251028036-1.nii.gz,train,233,0
800,7.207377576513681,18.0874819414441,0.37875,2.455078125,0.047619047619047616,20251028036-1.nii.gz,train,236,0
45,0.4054149886788946,50.0,0.0,39.501096237288245,0.4945054945054945,20251028036-1.nii.gz,train,237,0
10,0.09009221970642102,50.0,1.0,0.818359375,0.8333333333333334,20251028036-1.nii.gz,train,239,0
1202,10.829084808711807,9.751784999083768,0.3668885191347754,4.091796875,0.059223492313756405,20251028036-1.nii.gz,train,240,0
105,0.9459683069174207,4.2818135238474735,0.02857142857142857,24.86540845628717,0.12280701754385964,20251028036-1.nii.gz,train,241,0
7,0.06306455379449472,50.0,1.0,1.1573349270201696,0.2916666666666667,20251028036-1.nii.gz,train,242,0
26,0.23423977123669465,50.0,1.0,13.452381134033203,0.7428571428571429,20251028036-1.nii.gz,train,243,0
54,0.4864979864146735,18.271559074308964,0.7407407407407407,0.818359375,0.2076923076923077,20251028036-1.nii.gz,train,246,0
24,0.21622132729541044,50.0,1.0,1.829907192524242,0.42857142857142855,20251028036-1.nii.gz,train,248,0
14,0.12612910758898943,50.0,0.0,75.29350997393837,0.7,20251028036-1.nii.gz,train,251,0
438,3.9460392231412404,3.443949353100213,0.4497716894977169,20.364087738867134,0.12762237762237763,20251028036-1.nii.gz,train,253,0
41,0.36937810079632616,32.478659265373906,0.7804878048780488,0.818359375,0.18636363636363637,20251028036-1.nii.gz,train,256,0
6,0.05405533182385261,50.0,1.0,0.818359375,0.5,20251028036-1.nii.gz,train,257,0
161,1.4504847372733785,4.037326836396633,0.0,66.02827456890071,0.6192307692307693,20251028036-1.nii.gz,train,258,0
9,0.08108299773577891,50.0,1.0,0.818359375,0.3333333333333333,20251028036-1.nii.gz,train,259,0
31,0.27928588108990515,5.021814854767645,0.12903225806451613,16.14056981419807,0.1409090909090909,20251028036-1.nii.gz,train,261,0
377,3.3964766829320725,50.0,1.0,7.319628770096968,0.27925925925925926,20251028036-1.nii.gz,train,264,0
44,0.3964057667082525,50.0,0.5909090909090909,1.1573349270201696,0.28205128205128205,20251028036-1.nii.gz,train,266,0
6,0.05405533182385261,19.861155134343218,0.5,6.748364285678905,0.3,20251028036-1.nii.gz,train,270,0
1370,12.34263409977968,2.571458145612539,0.38394160583941606,2.9506366883191633,0.10209404575601759,20251028036-1.nii.gz,train,272,0
13,0.11711988561834732,13.311339378853587,0.0,62.81067801966118,0.7222222222222222,20251028036-1.nii.gz,train,278,0
66,0.5946086500623787,50.0,0.0,52.16497318105535,0.7333333333333333,20251028036-1.nii.gz,train,284,0
301,2.7117758131632725,2.7135293660899307,0.8571428571428571,4.091796875,0.24274193548387096,20251028036-1.nii.gz,train,285,0
14,0.12612910758898943,31.607478934127556,0.9285714285714286,0.818359375,0.2916666666666667,20251028036-1.nii.gz,train,287,0
5,0.04504610985321051,50.0,1.0,1.829907192524242,0.5555555555555556,20251028036-1.nii.gz,train,290,0
261,2.3514069343375885,13.201840571804011,0.4521072796934866,2.5878795695518573,0.04931972789115646,20251028036-1.nii.gz,train,293,0
66,0.5946086500623787,50.0,0.0,55.83595589257209,0.4583333333333333,20251028036-1.nii.gz,train,295,0
33,0.29730432503118936,50.0,0.0,39.36640347084051,0.825,20251028036-1.nii.gz,train,297,0
187,1.684724508510073,50.0,1.0,1.829907192524242,0.3541666666666667,20251028036-1.nii.gz,train,299,0
5,0.04504610985321051,50.0,1.0,0.818359375,0.4166666666666667,20251028036-1.nii.gz,train,302,0
12,0.10811066364770522,50.0,1.0,2.5878795695518573,0.75,20251028036-1.nii.gz,train,304,0
29,0.26126743714862094,50.0,1.0,0.818359375,0.5178571428571429,20251028036-1.nii.gz,train,305,0
403,3.630716454168767,4.832842752769129,0.0,57.046255197286484,0.4305555555555556,20251028036-1.nii.gz,train,306,0
7,0.06306455379449472,50.0,1.0,1.1573349270201696,0.7777777777777778,20251028036-1.nii.gz,train,307,0
8,0.07207377576513682,16.684029492213273,0.75,1.1573349270201696,0.6666666666666666,20251028036-1.nii.gz,train,313,0
628,5.65779139756324,9.362404117643004,0.839171974522293,2.314669854040339,0.14377289377289376,20251028036-1.nii.gz,train,318,0
14,0.12612910758898943,50.0,1.0,1.63671875,0.7,20251028036-1.nii.gz,train,326,0
5,0.04504610985321051,50.0,1.0,0.818359375,0.8333333333333334,20251028036-1.nii.gz,train,331,0
1763,15.883258334242026,8.427686420040338,0.2750992626205332,4.091796875,0.0396536212325686,20251028036-1.nii.gz,train,336,0
33,0.29730432503118936,10.630733677913948,1.0,1.1573349270201696,0.10576923076923077,20251028036-1.nii.gz,train,341,0
10,0.09009221970642102,50.0,1.0,1.63671875,1.0,20251028036-1.nii.gz,train,342,0
12,0.10811066364770522,50.0,0.0,2.5878795695518573,0.48,20251028036-1.nii.gz,train,346,0
18,0.16216599547155783,13.304648298558305,0.6666666666666666,0.818359375,0.1111111111111111,20251028036-1.nii.gz,train,353,0
5,0.04504610985321051,50.0,1.0,0.818359375,0.3333333333333333,20251028036-1.nii.gz,train,357,0
7,0.06306455379449472,21.352772952870005,1.0,1.1573349270201696,0.175,20251028036-1.nii.gz,train,358,0
142,1.2793095198311786,7.036086328311109,0.8591549295774648,2.5878795695518573,0.2286634460547504,20251028036-1.nii.gz,train,364,0
62,0.5585717621798103,14.100210669342092,0.7419354838709677,0.818359375,0.20666666666666667,20251028036-1.nii.gz,train,367,0
107,0.9639867508587049,15.79486777661008,0.4766355140186916,2.455078125,0.17833333333333334,20251028036-1.nii.gz,train,368,0
32,0.2882951030605473,17.69803695007395,0.78125,1.1573349270201696,0.06722689075630252,20251028036-1.nii.gz,train,370,0
427,3.8469377814641774,10.981740249761579,0.5714285714285714,4.091796875,0.02075435015067561,20251028036-1.nii.gz,train,374,0
11,0.09910144167706313,50.0,1.0,0.818359375,0.11458333333333333,20251028036-1.nii.gz,train,375,0
12,0.10811066364770522,30.4880016987816,1.0,0.818359375,0.09523809523809523,20251028036-1.nii.gz,train,376,0
32,0.2882951030605473,20.856821122468727,0.78125,1.63671875,0.11764705882352941,20251028036-1.nii.gz,train,378,0
83,0.7477654235632945,36.98383260287399,0.8313253012048193,1.1573349270201696,0.10586734693877552,20251028036-1.nii.gz,train,385,0
31,0.27928588108990515,45.557473864402304,1.0,0.0,0.0775,20251028036-1.nii.gz,train,392,0
50,0.38851318359375,50.0,0.56,1.609375,0.09090909090909091,20251028039-1.nii.gz,train,1,0
126,0.97905322265625,22.26254499861995,0.1349206349206349,1.799335950644362,0.075,20251028039-1.nii.gz,train,2,0
25,0.194256591796875,20.00327009838325,0.8,0.8046875,0.13736263736263737,20251028039-1.nii.gz,train,3,0
9830,76.38169189453124,2.520258074846737,0.15320447609359106,29.06232568832134,0.0055738989564958034,20251028039-1.nii.gz,train,7,0
5,0.038851318359375,50.0,1.0,0.8046875,0.4166666666666667,20251028039-1.nii.gz,train,11,0
5,0.038851318359375,50.0,1.0,0.8046875,0.4166666666666667,20251028039-1.nii.gz,train,13,0
5,0.038851318359375,50.0,1.0,0.8046875,0.4166666666666667,20251028039-1.nii.gz,train,15,0
5,0.038851318359375,50.0,1.0,0.8046875,1.0,20251028039-1.nii.gz,train,16,0
5,0.038851318359375,50.0,1.0,0.8046875,0.4166666666666667,20251028039-1.nii.gz,train,17,0
5,0.038851318359375,50.0,1.0,0.8046875,0.4166666666666667,20251028039-1.nii.gz,train,20,0
5,0.038851318359375,50.0,1.0,0.8046875,0.4166666666666667,20251028039-1.nii.gz,train,22,0
29,0.225337646484375,28.892553859298644,1.0,0.8046875,0.2543859649122807,20251028039-1.nii.gz,train,23,0
7,0.054391845703125,50.0,1.0,0.8046875,1.0,20251028039-1.nii.gz,train,24,0
116,0.9013505859375,9.88002705412187,0.5258620689655172,0.0,0.09914529914529914,20251028039-1.nii.gz,train,27,0
22,0.17094580078125,25.67988843545308,0.9090909090909091,0.8046875,0.18333333333333332,20251028039-1.nii.gz,train,29,0
64,0.497296875,17.38825778073909,0.640625,0.8046875,0.05228758169934641,20251028039-1.nii.gz,train,31,0
121,0.940201904296875,16.62475910408316,0.4380165289256198,1.799335950644362,0.13504464285714285,20251028039-1.nii.gz,train,34,0
12726,98.88437548828125,3.4511690951369345,0.4603960396039604,4.103117264844194,0.05971283783783784,20251028039-1.nii.gz,train,36,0
129904,1009.38833203125,3.2027249631615664,0.0,63.22583414645967,0.13948673896703534,20251028039-1.nii.gz,train,39,1
7,0.054391845703125,50.0,0.0,2.2759999519442,0.25,20251028039-1.nii.gz,train,40,0
7,0.054391845703125,50.0,0.0,17.618545540783334,0.7777777777777778,20251028039-1.nii.gz,train,44,0
7,0.054391845703125,27.699213379761567,1.0,0.8046875,0.21875,20251028039-1.nii.gz,train,45,0
5,0.038851318359375,50.0,1.0,0.8046875,0.25,20251028039-1.nii.gz,train,49,0
66,0.51283740234375,50.0,1.0,1.799335950644362,0.4583333333333333,20251028039-1.nii.gz,train,51,0
14,0.10878369140625,50.0,1.0,0.8046875,0.5833333333333334,20251028039-1.nii.gz,train,54,0
9,0.069932373046875,50.0,1.0,0.8046875,0.25,20251028039-1.nii.gz,train,58,0
22,0.17094580078125,17.469401400632297,0.0,2.2759999519442,0.0763888888888889,20251028039-1.nii.gz,train,60,0
5,0.038851318359375,50.0,1.0,1.1379999759721,0.5555555555555556,20251028039-1.nii.gz,train,64,0
26,0.20202685546875,50.0,0.0,30.588711160954155,0.5777777777777777,20251028039-1.nii.gz,train,65,0
8,0.062162109375,50.0,1.0,1.1379999759721,0.6666666666666666,20251028039-1.nii.gz,train,66,0
11,0.085472900390625,50.0,1.0,1.609375,0.7333333333333333,20251028039-1.nii.gz,train,69,0
6,0.04662158203125,9.626055695428143,0.8333333333333334,1.1379999759721,0.3333333333333333,20251028039-1.nii.gz,train,70,0
5,0.038851318359375,50.0,0.0,2.901342041974929,0.625,20251028039-1.nii.gz,train,71,0
6,0.04662158203125,50.0,1.0,0.8046875,0.75,20251028039-1.nii.gz,train,73,0
29,0.225337646484375,8.590881888894172,0.0,3.317811558114211,0.32954545454545453,20251028039-1.nii.gz,train,75,0
15,0.116553955078125,50.0,0.0,35.084744120764675,0.625,20251028039-1.nii.gz,train,78,0
31,0.240878173828125,7.876338647915985,0.7096774193548387,1.609375,0.44285714285714284,20251028039-1.nii.gz,train,79,0
7,0.054391845703125,50.0,1.0,1.1379999759721,0.4375,20251028039-1.nii.gz,train,82,0
335,2.603038330078125,25.867377279788524,0.04477611940298507,2.4140625,0.04105392156862745,20251028039-1.nii.gz,train,83,0
10,0.07770263671875,9.431569875764318,0.8,1.1379999759721,0.4166666666666667,20251028039-1.nii.gz,train,84,0
49,0.380742919921875,50.0,1.0,1.609375,0.47115384615384615,20251028039-1.nii.gz,train,87,0
26,0.20202685546875,11.35394132301453,0.038461538461538464,2.4140625,0.28888888888888886,20251028039-1.nii.gz,train,88,0
5,0.038851318359375,23.167945123563538,0.0,1.609375,0.4166666666666667,20251028039-1.nii.gz,train,91,0
110,0.85472900390625,16.9957358690524,0.9090909090909091,3.21875,0.07246376811594203,20251028039-1.nii.gz,train,93,0
31,0.240878173828125,3.2782467628685383,1.0,2.5446453046667425,0.3229166666666667,20251028039-1.nii.gz,train,97,0
124,0.9635126953125,15.437863128270239,0.4032258064516129,1.799335950644362,0.04133333333333333,20251028039-1.nii.gz,train,100,0
14,0.10878369140625,24.62863494609097,1.0,0.8046875,0.06481481481481481,20251028039-1.nii.gz,train,103,0
39,0.303040283203125,50.0,1.0,2.5446453046667425,0.6964285714285714,20251028039-1.nii.gz,train,105,0
14,0.10878369140625,50.0,1.0,1.609375,0.7,20251028039-1.nii.gz,train,106,0
12,0.0932431640625,50.0,1.0,1.609375,0.6,20251028039-1.nii.gz,train,113,0
8,0.062162109375,50.0,1.0,1.1379999759721,0.6666666666666666,20251028039-1.nii.gz,train,116,0
15,0.116553955078125,50.0,0.7333333333333333,0.8046875,0.6818181818181818,20251028039-1.nii.gz,train,117,0
6,0.04662158203125,50.0,1.0,0.8046875,0.25,20251028039-1.nii.gz,train,123,0
112,0.87026953125,6.63831783487832,0.0,87.42431227053812,0.24888888888888888,20251028039-1.nii.gz,train,126,0
46,0.35743212890625,50.0,1.0,2.4140625,0.696969696969697,20251028039-1.nii.gz,train,127,0
30,0.23310791015625,50.0,1.0,1.799335950644362,0.5555555555555556,20251028039-1.nii.gz,train,129,0
89,0.691553466796875,50.0,0.7078651685393258,1.609375,0.0882936507936508,20251028039-1.nii.gz,train,130,0
8,0.062162109375,50.0,1.0,1.1379999759721,0.6666666666666666,20251028039-1.nii.gz,train,131,0
21,0.163175537109375,20.049139800090675,0.6190476190476191,0.8046875,0.2692307692307692,20251028039-1.nii.gz,train,132,0
6,0.04662158203125,50.0,1.0,1.1379999759721,0.25,20251028039-1.nii.gz,train,134,0
166,1.28986376953125,50.0,1.0,2.901342041974929,0.42346938775510207,20251028039-1.nii.gz,train,136,0
5,0.038851318359375,50.0,1.0,0.8046875,0.5,20251028039-1.nii.gz,train,137,0
10,0.07770263671875,28.744393030140497,1.0,0.8046875,0.1388888888888889,20251028039-1.nii.gz,train,138,0
90,0.69932373046875,18.74089111185191,0.6888888888888889,1.609375,0.075,20251028039-1.nii.gz,train,139,0
30,0.23310791015625,50.0,1.0,1.1379999759721,0.23809523809523808,20251028039-1.nii.gz,train,140,0
17,0.132094482421875,31.32754485412793,0.8235294117647058,0.8046875,0.2361111111111111,20251028039-1.nii.gz,train,143,0
55,0.427364501953125,2.3026211047914096,0.0,55.78218005177034,0.3395061728395062,20251028039-1.nii.gz,train,144,0
33,0.256418701171875,50.0,1.0,2.2759999519442,0.44,20251028039-1.nii.gz,train,145,0
5,0.038851318359375,50.0,0.0,1.609375,1.0,20251028039-1.nii.gz,train,146,0
47,0.365202392578125,7.579043339004926,0.0,69.53238104768279,0.42727272727272725,20251028039-1.nii.gz,train,147,0
530,4.11823974609375,3.667187932119134,0.0,49.364717209519,0.22844827586206898,20251028039-1.nii.gz,train,149,0
19,0.147635009765625,50.0,1.0,0.8046875,1.0,20251028039-1.nii.gz,train,151,0
74,0.57499951171875,22.80398436284186,0.5135135135135135,0.8046875,0.20555555555555555,20251028039-1.nii.gz,train,152,0
18,0.13986474609375,50.0,1.0,1.1379999759721,0.5,20251028039-1.nii.gz,train,153,0
28,0.2175673828125,50.0,0.0,1.609375,0.6666666666666666,20251028039-1.nii.gz,train,155,0
5,0.038851318359375,50.0,1.0,0.8046875,1.0,20251028039-1.nii.gz,train,156,0
6,0.04662158203125,50.0,1.0,0.8046875,1.0,20251028039-1.nii.gz,train,157,0
79,0.613850830078125,19.599930107230055,0.7088607594936709,1.609375,0.5984848484848485,20251028039-1.nii.gz,train,158,0
123,0.955742431640625,31.658837518864125,0.22764227642276422,2.4140625,0.1423611111111111,20251028039-1.nii.gz,train,159,0
103,0.800337158203125,50.0,0.8737864077669902,0.0,0.24523809523809523,20251028039-1.nii.gz,train,160,0
34,0.26418896484375,50.0,1.0,1.609375,0.5,20251028039-1.nii.gz,train,162,0
3291,25.571937744140627,6.400025133077523,0.21027043451838348,15.032803080498036,0.00835703402742509,20251028039-1.nii.gz,train,163,0
6,0.04662158203125,50.0,0.0,59.75066193409492,0.6666666666666666,20251028039-1.nii.gz,train,164,0
29,0.225337646484375,6.840098385337841,0.0,34.139999279163,0.453125,20251028039-1.nii.gz,train,165,0
8,0.062162109375,50.0,0.0,1.609375,1.0,20251028039-1.nii.gz,train,166,0
126,0.97905322265625,15.050012067630924,0.6349206349206349,1.609375,0.10413223140495868,20251028039-1.nii.gz,train,167,0
406,3.15472705078125,12.018685949946558,0.7142857142857143,5.152514034809245,0.04903381642512077,20251028039-1.nii.gz,train,168,0
6,0.04662158203125,50.0,1.0,1.1379999759721,0.5,20251028039-1.nii.gz,train,169,0
10,0.07770263671875,50.0,1.0,1.799335950644362,0.25,20251028039-1.nii.gz,train,171,0
10560,82.053984375,2.7928560326723137,0.2790719696969697,10.73587030160166,0.07622017236152613,20251028039-1.nii.gz,train,172,0
27,0.209797119140625,50.0,1.0,0.8046875,0.125,20251028039-1.nii.gz,train,173,0
46,0.35743212890625,50.0,0.0,34.40450793160142,0.6571428571428571,20251028039-1.nii.gz,train,174,0
10,0.07770263671875,50.0,1.0,0.8046875,1.0,20251028039-1.nii.gz,train,177,0
5,0.038851318359375,50.0,1.0,0.8046875,0.625,20251028039-1.nii.gz,train,183,0
11,0.085472900390625,50.0,1.0,0.8046875,1.0,20251028039-1.nii.gz,train,184,0
11,0.085472900390625,50.0,1.0,1.609375,0.6875,20251028039-1.nii.gz,train,186,0
5,0.038851318359375,50.0,0.0,83.1222567686447,0.8333333333333334,20251028039-1.nii.gz,train,187,0
5,0.038851318359375,50.0,0.0,1.609375,1.0,20251028039-1.nii.gz,train,188,0
1314,10.21012646484375,2.568904516115237,0.0,20.875399100320365,0.420076726342711,20251028039-1.nii.gz,train,189,0
22,0.17094580078125,5.28630654078338,0.0,73.65497884191622,0.36666666666666664,20251028039-1.nii.gz,train,190,0
6,0.04662158203125,50.0,1.0,0.8046875,0.6666666666666666,20251028039-1.nii.gz,train,191,0
63,0.489526611328125,50.0,0.015873015873015872,1.609375,0.45,20251028039-1.nii.gz,train,193,0
5,0.038851318359375,50.0,1.0,0.8046875,1.0,20251028039-1.nii.gz,train,196,0
13,0.101013427734375,50.0,0.0,70.60728353909057,0.8666666666666667,20251028039-1.nii.gz,train,197,0
5,0.038851318359375,50.0,1.0,0.8046875,1.0,20251028039-1.nii.gz,train,198,0
8,0.062162109375,50.0,1.0,0.8046875,1.0,20251028039-1.nii.gz,train,199,0
2189,17.009107177734375,28.944121542931246,0.2617633622658748,0.8046875,0.009153327646478332,20251028039-1.nii.gz,train,201,0
22,0.17094580078125,19.037663357435278,0.5,1.1379999759721,0.36666666666666664,20251028039-1.nii.gz,train,203,0
46,0.35743212890625,8.457109542716836,0.5652173913043478,1.799335950644362,0.3129251700680272,20251028039-1.nii.gz,train,206,0
168,1.305404296875,3.234401551295054,0.0,56.20951722493404,0.5,20251028039-1.nii.gz,train,211,0
13,0.101013427734375,50.0,0.0,23.424372625753634,0.52,20251028039-1.nii.gz,train,212,0
22,0.17094580078125,20.298066371658674,0.7272727272727273,0.8046875,0.22916666666666666,20251028039-1.nii.gz,train,213,0
52,0.4040537109375,50.0,0.0,16.569529758150953,0.5252525252525253,20251028039-1.nii.gz,train,214,0
5,0.038851318359375,50.0,1.0,0.8046875,1.0,20251028039-1.nii.gz,train,221,0
26,0.20202685546875,50.0,0.0,83.29769786570672,0.7222222222222222,20251028039-1.nii.gz,train,223,0
158,1.22770166015625,6.24851080100967,0.4620253164556962,2.901342041974929,0.15674603174603174,20251028039-1.nii.gz,train,228,0
59,0.458445556640625,19.98776819710209,0.7796610169491526,1.609375,0.15051020408163265,20251028039-1.nii.gz,train,236,0
76,0.5905400390625,10.814373994023603,0.7368421052631579,0.8046875,0.34545454545454546,20251028039-1.nii.gz,train,238,0
9,0.069932373046875,40.30191307997503,1.0,1.1379999759721,0.1875,20251028039-1.nii.gz,train,244,0
12,0.0932431640625,50.0,1.0,0.8046875,0.3,20251028039-1.nii.gz,train,247,0
387,3.007092041015625,4.046700040928477,0.4780361757105943,1.1379999759721,0.19457013574660634,20251028039-1.nii.gz,train,253,0
46,0.35743212890625,50.0,1.0,2.2759999519442,0.575,20251028039-1.nii.gz,train,254,0
56,0.435134765625,3.8611200531581265,0.9464285714285714,2.2759999519442,0.28,20251028039-1.nii.gz,train,257,0
11,0.085472900390625,11.139128417645104,0.8181818181818182,1.1379999759721,0.36666666666666664,20251028039-1.nii.gz,train,266,0
6,0.04662158203125,50.0,1.0,0.8046875,0.16666666666666666,20251028039-1.nii.gz,train,280,0
18,0.13986474609375,50.0,1.0,1.1379999759721,0.375,20251028039-1.nii.gz,train,281,0
21,0.163175537109375,25.939621571836184,0.8571428571428571,0.0,0.1076923076923077,20251028039-1.nii.gz,train,282,0
50,0.38851318359375,18.97159082861676,1.0,1.1379999759721,0.036656891495601175,20251028039-1.nii.gz,train,287,0
62,0.48175634765625,25.63376057542064,0.8387096774193549,0.8046875,0.03546910755148741,20251028039-1.nii.gz,train,288,0
9,0.069932373046875,20.01641879755762,0.1111111111111111,1.799335950644362,0.140625,20251028039-1.nii.gz,train,300,0
15,0.116553955078125,31.83900588118973,1.0,1.1379999759721,0.1875,20251028039-1.nii.gz,train,301,0
16,0.12432421875,50.0,1.0,0.0,0.19047619047619047,20251028039-1.nii.gz,train,315,0
99,0.769256103515625,50.0,0.696969696969697,1.1379999759721,0.0275,20251028039-1.nii.gz,train,317,0
11,0.085472900390625,50.0,1.0,1.1379999759721,0.44,20251028039-1.nii.gz,train,318,0
28,0.1349622762921863,13.595646932360095,0.7857142857142857,1.2512475463965078,0.10294117647058823,20251028054-1.nii.gz,train,7,0
10,0.0482008129614951,22.437660453254363,1.0,0.884765625,0.4166666666666667,20251028054-1.nii.gz,train,9,0
54,0.26028438999207354,28.6868637203768,0.9444444444444444,0.884765625,0.04603580562659847,20251028054-1.nii.gz,train,11,0
30,0.14460243888448532,6.965186609320801,0.6666666666666666,0.884765625,0.26785714285714285,20251028054-1.nii.gz,train,12,0
56,0.2699245525843726,8.239443609503668,0.6428571428571429,1.2512475463965078,0.10144927536231885,20251028054-1.nii.gz,train,14,0
10,0.0482008129614951,50.0,1.0,0.884765625,0.1,20251028054-1.nii.gz,train,21,0
11,0.05302089425764461,10.81248735198082,0.9090909090909091,0.884765625,0.22916666666666666,20251028054-1.nii.gz,train,25,0
208,1.0025769095990982,12.71561038367149,0.5865384615384616,1.2512475463965078,0.037477477477477476,20251028054-1.nii.gz,train,26,0
14,0.06748113814609315,5.643433318680704,0.7142857142857143,0.884765625,0.15555555555555556,20251028054-1.nii.gz,train,31,0
21,0.10122170721913971,9.558841147899738,0.9523809523809523,0.884765625,0.058333333333333334,20251028054-1.nii.gz,train,36,0
12,0.057840975553794124,50.0,1.0,0.884765625,0.12,20251028054-1.nii.gz,train,40,0
49,0.236183983511326,14.919284049445325,0.6122448979591837,0.884765625,0.21875,20251028054-1.nii.gz,train,41,0
5,0.02410040648074755,50.0,1.0,0.884765625,0.20833333333333334,20251028054-1.nii.gz,train,44,0
27,0.13014219499603677,6.428097569521233,0.7037037037037037,1.2512475463965078,0.06428571428571428,20251028054-1.nii.gz,train,48,0
24,0.11568195110758825,19.78371853657776,0.8333333333333334,1.2512475463965078,0.13333333333333333,20251028054-1.nii.gz,train,50,0
18,0.08676146333069118,13.040161358969588,0.9444444444444444,0.884765625,0.3,20251028054-1.nii.gz,train,51,0
9,0.04338073166534559,15.623191577153259,1.0,0.884765625,0.09375,20251028054-1.nii.gz,train,52,0
5,0.02410040648074755,7.841441555356071,1.0,0.884765625,0.3125,20251028054-1.nii.gz,train,57,0
6,0.028920487776897062,50.0,1.0,0.0,0.4,20251028054-1.nii.gz,train,60,0
42,0.20244341443827943,20.11991114472939,0.7380952380952381,0.0,0.037333333333333336,20251028054-1.nii.gz,train,61,0
26241,126.4837532922593,4.331304974290794,0.13600853626005108,0.0,0.06027757869783339,20251028054-1.nii.gz,train,71,0
31,0.14942252018063482,8.840582986917362,0.7096774193548387,0.884765625,0.17222222222222222,20251028054-1.nii.gz,train,72,0
8,0.038560650369196085,50.0,0.0,47.493315242631475,0.6666666666666666,20251028054-1.nii.gz,train,77,0
22,0.10604178851528923,2.104758521700476,0.0,42.69853606204832,0.3142857142857143,20251028054-1.nii.gz,train,83,0
11,0.05302089425764461,50.0,0.0,41.94946191235745,0.9166666666666666,20251028054-1.nii.gz,train,85,0
9,0.04338073166534559,10.240802771490769,1.0,0.884765625,0.1125,20251028054-1.nii.gz,train,86,0
41,0.19762333314212993,4.062534673527223,0.6585365853658537,1.2512475463965078,0.15185185185185185,20251028054-1.nii.gz,train,90,0
35,0.16870284536523286,10.135435704289279,0.7714285714285715,0.884765625,0.08333333333333333,20251028054-1.nii.gz,train,91,0
43,0.20726349573442895,15.73448852599751,0.7441860465116279,0.884765625,0.08958333333333333,20251028054-1.nii.gz,train,92,0
497,2.3955804041863065,2.8028670473819535,0.3199195171026157,1.76953125,0.12181372549019608,20251028054-1.nii.gz,train,94,0
34,0.16388276406908336,4.346105791949017,0.6176470588235294,1.9783960816550874,0.3148148148148148,20251028054-1.nii.gz,train,100,0
11,0.05302089425764461,19.802334118324833,0.8181818181818182,1.2512475463965078,0.22916666666666666,20251028054-1.nii.gz,train,101,0
84,0.40488682887655886,34.09551478772475,0.6904761904761905,1.2512475463965078,0.1346153846153846,20251028054-1.nii.gz,train,102,0
195340,941.5546803898454,7.458759599906351,0.0,41.39940007534259,0.28119786200949803,20251028054-1.nii.gz,train,103,1
8,0.038560650369196085,50.0,0.0,52.91188986898135,0.8888888888888888,20251028054-1.nii.gz,train,107,0
5,0.02410040648074755,50.0,1.0,0.884765625,0.8333333333333334,20251028054-1.nii.gz,train,108,0
14,0.06748113814609315,17.811915159339076,1.0,0.0,0.125,20251028054-1.nii.gz,train,115,0
49,0.236183983511326,9.983901238684702,0.6530612244897959,1.76953125,0.2149122807017544,20251028054-1.nii.gz,train,118,0
12,0.057840975553794124,4.900180959330238,0.6666666666666666,1.76953125,0.5,20251028054-1.nii.gz,train,121,0
258,1.2435809744065736,3.4582928095333743,0.5038759689922481,0.884765625,0.08190476190476191,20251028054-1.nii.gz,train,123,0
20,0.0964016259229902,3.8644086626939824,0.75,1.76953125,0.4166666666666667,20251028054-1.nii.gz,train,129,0
14,0.06748113814609315,50.0,0.0,42.739150635084364,0.875,20251028054-1.nii.gz,train,134,0
65,0.31330528424971815,3.548905468910259,0.0,43.69283215741819,0.18518518518518517,20251028054-1.nii.gz,train,135,0
8,0.038560650369196085,50.0,1.0,1.2512475463965078,0.6666666666666666,20251028054-1.nii.gz,train,136,0
9,0.04338073166534559,7.071031851306612,0.0,46.379738985654114,0.5,20251028054-1.nii.gz,train,137,0
5,0.02410040648074755,50.0,0.4,2.5024950927930156,0.3333333333333333,20251028054-1.nii.gz,train,139,0
9,0.04338073166534559,50.0,0.0,61.43163481592318,0.5625,20251028054-1.nii.gz,train,141,0
5,0.02410040648074755,50.0,0.0,43.088458985987735,0.8333333333333334,20251028054-1.nii.gz,train,142,0
7,0.033740569073046574,50.0,1.0,0.884765625,0.35,20251028054-1.nii.gz,train,147,0
5,0.02410040648074755,50.0,0.0,48.978252943344266,0.8333333333333334,20251028054-1.nii.gz,train,149,0
10,0.0482008129614951,8.020561967294748,0.8,0.884765625,0.2777777777777778,20251028054-1.nii.gz,train,150,0
25,0.12050203240373776,50.0,0.0,31.88144332421972,0.5208333333333334,20251028054-1.nii.gz,train,151,0
22,0.10604178851528923,4.658893907073253,0.0,47.00865817946876,0.1746031746031746,20251028054-1.nii.gz,train,153,0
5,0.02410040648074755,50.0,0.0,62.61800121258338,0.5555555555555556,20251028054-1.nii.gz,train,154,0
24,0.11568195110758825,4.954506293634752,0.0,31.302841105300804,0.375,20251028054-1.nii.gz,train,162,0
9,0.04338073166534559,10.027789632565227,0.0,57.48181999074108,0.28125,20251028054-1.nii.gz,train,163,0
12,0.057840975553794124,50.0,1.0,0.884765625,0.5454545454545454,20251028054-1.nii.gz,train,167,0
38,0.18316308925368138,2.615368764739365,0.0,50.9392317073141,0.14074074074074075,20251028054-1.nii.gz,train,168,0
227,1.0941584542259388,2.868494041408093,0.0,67.63623734504873,0.16814814814814816,20251028054-1.nii.gz,train,169,0
25,0.12050203240373776,17.769839150073306,0.88,1.2512475463965078,0.07102272727272728,20251028054-1.nii.gz,train,171,0
24,0.11568195110758825,8.993029006376164,0.5,1.76953125,0.12121212121212122,20251028054-1.nii.gz,train,172,0
6,0.028920487776897062,11.976189582605556,0.0,44.2889587378783,0.2,20251028054-1.nii.gz,train,173,0
5,0.02410040648074755,50.0,1.0,0.884765625,0.5555555555555556,20251028054-1.nii.gz,train,177,0
17,0.08194138203454168,13.747306242634327,0.8823529411764706,0.884765625,0.20987654320987653,20251028054-1.nii.gz,train,178,0
8,0.038560650369196085,50.0,0.0,46.08799059687301,0.6666666666666666,20251028054-1.nii.gz,train,179,0
20,0.0964016259229902,50.0,0.0,55.08203721957511,0.8,20251028054-1.nii.gz,train,180,0
83,0.40006674758040933,4.7539429374426145,0.7831325301204819,0.884765625,0.11527777777777778,20251028054-1.nii.gz,train,182,0
23,0.11086186981143874,16.599158065421065,0.8695652173913043,0.884765625,0.06388888888888888,20251028054-1.nii.gz,train,187,0
12,0.057840975553794124,3.897409381220732,1.0,1.76953125,0.13333333333333333,20251028054-1.nii.gz,train,188,0
8,0.038560650369196085,50.0,1.0,0.884765625,0.5,20251028054-1.nii.gz,train,191,0
201,0.9688363405260516,23.99673446390013,0.6069651741293532,0.884765625,0.014164904862579281,20251028054-1.nii.gz,train,192,0
5,0.02410040648074755,50.0,0.0,79.80529177844156,0.8333333333333334,20251028054-1.nii.gz,train,195,0
24,0.11568195110758825,6.491844566613398,0.9166666666666666,0.884765625,0.14285714285714285,20251028054-1.nii.gz,train,196,0
6,0.028920487776897062,50.0,1.0,0.0,0.25,20251028054-1.nii.gz,train,199,0
92,0.44344747924575495,5.077396068754004,0.3804347826086957,2.5024950927930156,0.1467304625199362,20251028054-1.nii.gz,train,200,0
14,0.06748113814609315,50.0,0.0,56.6871759474807,0.7777777777777778,20251028054-1.nii.gz,train,201,0
22,0.10604178851528923,3.755956912822639,0.0,56.53114235857189,0.4074074074074074,20251028054-1.nii.gz,train,202,0
13,0.06266105684994364,10.358037413177982,0.0,78.25960348739173,0.21666666666666667,20251028054-1.nii.gz,train,203,0
56,0.2699245525843726,4.309262495806335,0.42857142857142855,1.9783960816550874,0.1037037037037037,20251028054-1.nii.gz,train,204,0
58,0.2795647151766716,3.7817204188999765,0.0,72.40497209642061,0.5272727272727272,20251028054-1.nii.gz,train,207,0
7,0.033740569073046574,12.626531818880073,0.8571428571428571,1.2512475463965078,0.25925925925925924,20251028054-1.nii.gz,train,209,0
6,0.028920487776897062,10.931543228755656,1.0,0.0,0.1875,20251028054-1.nii.gz,train,210,0
128,0.6169704059071374,8.590471601588142,0.7421875,1.9783960816550874,0.11721611721611722,20251028054-1.nii.gz,train,211,0
6,0.028920487776897062,50.0,1.0,0.884765625,0.3333333333333333,20251028054-1.nii.gz,train,212,0
5,0.02410040648074755,50.0,1.0,0.0,0.20833333333333334,20251028054-1.nii.gz,train,215,0
7,0.033740569073046574,50.0,0.0,60.300525959055456,0.7777777777777778,20251028054-1.nii.gz,train,216,0
12,0.057840975553794124,50.0,0.0,10.087880225974795,0.6666666666666666,20251028054-1.nii.gz,train,217,0
11,0.05302089425764461,7.093443978394917,0.0,69.8012231582981,0.275,20251028054-1.nii.gz,train,221,0
455,2.193136989748027,7.760640351450966,0.37362637362637363,3.6479821257906253,0.027131782945736434,20251028054-1.nii.gz,train,222,0
9,0.04338073166534559,50.0,0.5555555555555556,0.884765625,0.28125,20251028054-1.nii.gz,train,225,0
5,0.02410040648074755,50.0,0.0,16.5287859113243,0.8333333333333334,20251028054-1.nii.gz,train,226,0
14,0.06748113814609315,50.0,0.0,94.48783233055255,0.7777777777777778,20251028054-1.nii.gz,train,228,0
45,0.21690365832672798,12.722393743927816,0.7111111111111111,0.884765625,0.05952380952380952,20251028054-1.nii.gz,train,230,0
26,0.12532211369988727,4.2446524375419825,0.7307692307692307,1.76953125,0.37142857142857144,20251028054-1.nii.gz,train,231,0
16,0.07712130073839217,50.0,0.0,90.80571969153642,0.5333333333333333,20251028054-1.nii.gz,train,240,0
12,0.057840975553794124,50.0,1.0,0.884765625,0.08333333333333333,20251028054-1.nii.gz,train,242,0
63,0.30366512165741916,33.550679588714026,0.6031746031746031,1.2512475463965078,0.13125,20251028054-1.nii.gz,train,243,0
14,0.06748113814609315,50.0,0.0,20.349609375,0.5833333333333334,20251028054-1.nii.gz,train,244,0
20,0.0964016259229902,3.6974721473083054,0.0,51.29351927662494,0.35714285714285715,20251028054-1.nii.gz,train,245,0
10,0.0482008129614951,50.0,0.0,18.73600141254904,0.8333333333333334,20251028054-1.nii.gz,train,247,0
12,0.057840975553794124,50.0,0.0,60.61408330905536,0.75,20251028054-1.nii.gz,train,248,0
14,0.06748113814609315,9.13906184551597,0.0,25.435015407066295,0.25925925925925924,20251028054-1.nii.gz,train,252,0
15,0.07230121944224266,10.9354650757701,0.9333333333333333,1.2512475463965078,0.20833333333333334,20251028054-1.nii.gz,train,253,0
7,0.033740569073046574,50.0,0.0,64.87748633828177,0.875,20251028054-1.nii.gz,train,254,0
12,0.057840975553794124,50.0,0.0,58.24307185727512,0.8,20251028054-1.nii.gz,train,257,0
25,0.12050203240373776,5.539747941531587,0.0,90.06128675726681,0.3472222222222222,20251028054-1.nii.gz,train,258,0
81,0.39042658498811034,9.38860281060384,0.6049382716049383,1.9783960816550874,0.05806451612903226,20251028054-1.nii.gz,train,260,0
5,0.02410040648074755,50.0,0.0,61.83872477357788,0.8333333333333334,20251028054-1.nii.gz,train,261,0
13,0.06266105684994364,12.740753705681236,0.46153846153846156,1.2512475463965078,0.5416666666666666,20251028054-1.nii.gz,train,267,0
76,0.36632617850736277,2.8793083797891446,0.6842105263157895,1.76953125,0.3392857142857143,20251028054-1.nii.gz,train,268,0
35,0.16870284536523286,4.679113965284747,0.0,70.43997368533653,0.24305555555555555,20251028054-1.nii.gz,train,269,0
5,0.02410040648074755,50.0,0.8,0.884765625,0.4166666666666667,20251028054-1.nii.gz,train,272,0
6,0.028920487776897062,8.163461143839989,0.0,27.197359563660108,0.5,20251028054-1.nii.gz,train,279,0
6,0.028920487776897062,4.4922510534748765,0.8333333333333334,1.2512475463965078,0.3333333333333333,20251028054-1.nii.gz,train,283,0
5,0.02410040648074755,50.0,0.8,1.2512475463965078,0.625,20251028054-1.nii.gz,train,290,0
8,0.038560650369196085,4.019522977519824,0.0,76.34370174787819,0.4444444444444444,20251028054-1.nii.gz,train,291,0
8,0.038560650369196085,7.4430061326196215,0.875,1.2512475463965078,0.2222222222222222,20251028054-1.nii.gz,train,292,0
24,0.11568195110758825,16.594613628463655,0.4166666666666667,1.2512475463965078,0.13333333333333333,20251028054-1.nii.gz,train,294,0
11,0.05302089425764461,8.119241465509454,0.7272727272727273,1.2512475463965078,0.36666666666666664,20251028054-1.nii.gz,train,296,0
151,0.727832275718576,21.31568384983884,0.6291390728476821,1.76953125,0.039947089947089946,20251028054-1.nii.gz,train,298,0
6,0.028920487776897062,50.0,0.0,21.957431956814673,0.6666666666666666,20251028054-1.nii.gz,train,303,0
9,0.04338073166534559,50.0,1.0,0.884765625,0.25,20251028054-1.nii.gz,train,304,0
34,0.16388276406908336,50.0,0.0,66.8112621605405,0.85,20251028054-1.nii.gz,train,306,0
5,0.02410040648074755,50.0,0.0,61.04815430040491,0.5555555555555556,20251028054-1.nii.gz,train,307,0
8,0.038560650369196085,50.0,0.75,0.884765625,0.26666666666666666,20251028054-1.nii.gz,train,311,0
16,0.07712130073839217,5.536563997258321,0.0,81.55696392344679,0.32,20251028054-1.nii.gz,train,313,0
5,0.02410040648074755,50.0,1.0,0.884765625,0.3333333333333333,20251028054-1.nii.gz,train,314,0
78,0.3759663410996618,2.9299919511857504,0.0,41.535905353014655,0.3333333333333333,20251028054-1.nii.gz,train,316,0
13,0.06266105684994364,50.0,0.0,53.15961683802586,0.52,20251028054-1.nii.gz,train,317,0
6,0.028920487776897062,50.0,0.0,62.23892430985952,1.0,20251028054-1.nii.gz,train,318,0
10,0.0482008129614951,50.0,0.0,56.983302431339,0.8333333333333334,20251028054-1.nii.gz,train,320,0
33,0.15906268277293384,50.0,0.0,63.703125,0.5238095238095238,20251028054-1.nii.gz,train,321,0
11,0.05302089425764461,4.032376937730931,0.0,63.144209393021626,0.34375,20251028054-1.nii.gz,train,322,0
5,0.02410040648074755,50.0,0.0,63.89897322486333,0.8333333333333334,20251028054-1.nii.gz,train,323,0
788,3.798224061365814,10.96904192973571,0.5190355329949239,6.193359375,0.013856163179180587,20251028054-1.nii.gz,train,324,0
5,0.02410040648074755,50.0,0.0,85.60962546001579,0.8333333333333334,20251028054-1.nii.gz,train,326,0
5,0.02410040648074755,7.16132840690147,1.0,1.2512475463965078,0.2777777777777778,20251028054-1.nii.gz,train,327,0
12,0.057840975553794124,7.920795894833788,0.6666666666666666,1.2512475463965078,0.25,20251028054-1.nii.gz,train,328,0
19,0.09158154462684069,5.28075842506518,0.7368421052631579,1.76953125,0.5277777777777778,20251028054-1.nii.gz,train,331,0
65,0.31330528424971815,25.571124386282527,0.8307692307692308,0.884765625,0.09285714285714286,20251028054-1.nii.gz,train,333,0
277,1.3351625190334144,22.045679409155678,0.48375451263537905,3.1900678277054437,0.03935777209434499,20251028054-1.nii.gz,train,337,0
6,0.028920487776897062,50.0,0.0,65.62193971310361,0.6666666666666666,20251028054-1.nii.gz,train,338,0
11,0.05302089425764461,6.2646290619293,0.0,73.8258996868189,0.34375,20251028054-1.nii.gz,train,339,0
90,0.43380731665345595,3.6798016558001656,0.7444444444444445,0.884765625,0.08571428571428572,20251028054-1.nii.gz,train,342,0
31,0.14942252018063482,4.605507298533976,0.0,55.412276821802394,0.28703703703703703,20251028054-1.nii.gz,train,343,0
11,0.05302089425764461,50.0,0.0,69.42694897924743,0.6875,20251028054-1.nii.gz,train,344,0
13,0.06266105684994364,2.367254271893617,0.0,72.12567245872766,0.40625,20251028054-1.nii.gz,train,349,0
8,0.038560650369196085,50.0,0.0,78.42485293135337,1.0,20251028054-1.nii.gz,train,350,0
101,0.48682821091110057,5.158116774241794,0.9405940594059405,3.1900678277054437,0.12625,20251028054-1.nii.gz,train,354,0
25,0.12050203240373776,4.211838964772868,0.0,78.82081330625284,0.4166666666666667,20251028054-1.nii.gz,train,355,0
7,0.033740569073046574,50.0,0.0,64.43884026291198,0.7777777777777778,20251028054-1.nii.gz,train,358,0
7,0.033740569073046574,50.0,0.0,68.82277286425186,0.875,20251028054-1.nii.gz,train,359,0
11,0.05302089425764461,50.0,1.0,0.884765625,0.5,20251028054-1.nii.gz,train,360,0
94,0.45308764183805394,6.600549486877541,0.5425531914893617,0.884765625,0.2611111111111111,20251028054-1.nii.gz,train,363,0
12,0.057840975553794124,50.0,0.0,56.38555703307636,0.6666666666666666,20251028054-1.nii.gz,train,364,0
35,0.16870284536523286,2.941864280951774,0.8857142857142857,0.0,0.16826923076923078,20251028054-1.nii.gz,train,367,0
32,0.15424260147678434,1.9657261065850076,0.0,59.51936642739562,0.25,20251028054-1.nii.gz,train,369,0
11,0.05302089425764461,50.0,0.0,100.42689407608529,0.7333333333333333,20251028054-1.nii.gz,train,372,0
27,0.13014219499603677,50.0,0.0,72.97965575243677,0.48214285714285715,20251028054-1.nii.gz,train,378,0
5,0.02410040648074755,50.0,0.0,69.03440132045637,0.5555555555555556,20251028054-1.nii.gz,train,381,0
10,0.0482008129614951,50.0,0.0,59.797453878876425,0.8333333333333334,20251028054-1.nii.gz,train,383,0
7077,34.11171533285009,3.91958402168705,0.0,59.279296875,0.1875198728139905,20251028054-1.nii.gz,train,385,0
384,1.850911217721412,6.923282015873623,0.2994791666666667,3.6479821257906253,0.14222222222222222,20251028054-1.nii.gz,train,386,0
12,0.057840975553794124,50.0,1.0,0.884765625,0.75,20251028054-1.nii.gz,train,387,0
2473,11.92006104537774,3.98502190737733,0.0,80.74317328298635,0.4761262995764343,20251028054-1.nii.gz,train,394,0
5,0.02410040648074755,50.0,0.0,87.57718838842688,0.8333333333333334,20251028054-1.nii.gz,train,398,0
552,2.6606848754745296,9.602643860458606,0.24456521739130435,5.595749140844828,0.024962691629358297,20251028054-1.nii.gz,train,399,0
12,0.057840975553794124,50.0,0.5833333333333334,0.884765625,0.4444444444444444,20251028054-1.nii.gz,train,400,0
9,0.04338073166534559,50.0,0.8888888888888888,0.884765625,0.28125,20251028054-1.nii.gz,train,403,0
13,0.06266105684994364,50.0,0.0,81.3831410215069,0.8125,20251028054-1.nii.gz,train,405,0
8,0.038560650369196085,50.0,0.0,83.95870650152546,1.0,20251028054-1.nii.gz,train,406,0
6,0.028920487776897062,50.0,1.0,6.157407283782959,0.6666666666666666,20251028054-1.nii.gz,train,407,0
6,0.028920487776897062,21.592250602066606,0.8333333333333334,0.884765625,0.16666666666666666,20251028054-1.nii.gz,train,409,0
648,3.1234126799048827,10.613448351050257,0.22839506172839505,0.0,0.029350484645348313,20251028054-1.nii.gz,train,410,0
5,0.02410040648074755,50.0,0.0,64.17338207345185,0.8333333333333334,20251028054-1.nii.gz,train,412,0
22,0.10604178851528923,20.8975793316702,0.9545454545454546,0.884765625,0.19642857142857142,20251028054-1.nii.gz,train,413,0
6,0.028920487776897062,50.0,0.0,78.76402048914531,0.4,20251028054-1.nii.gz,train,415,0
735,3.54275975266989,6.08237062076938,0.3768707482993197,12.314814567565918,0.20439377085650723,20251028054-1.nii.gz,train,416,0
6,0.028920487776897062,8.971773227938609,0.8333333333333334,0.884765625,0.375,20251028054-1.nii.gz,train,419,0
18,0.08676146333069118,10.443668540845826,0.6111111111111112,1.2512475463965078,0.1875,20251028054-1.nii.gz,train,422,0
1364,6.574590887947932,17.480738185879133,0.18914956011730205,4.423828125,0.03681511470985155,20251028054-1.nii.gz,train,424,0
11,0.05302089425764461,6.9566220039968085,0.45454545454545453,12.314814567565918,0.36666666666666664,20251028054-1.nii.gz,train,425,0
5342,25.748874284030684,2.6109847125199015,0.13777611381505053,8.758732824775555,0.07979088872292756,20251028054-1.nii.gz,train,426,0
17,0.08194138203454168,50.0,0.0,63.626765786361226,0.85,20251028054-1.nii.gz,train,428,0
817,3.9380064189541497,3.2088700910120593,0.0,77.00805848814221,0.24571428571428572,20251028054-1.nii.gz,train,429,0
18,0.08676146333069118,18.069478372387255,0.0,30.787036418914795,0.144,20251028054-1.nii.gz,train,430,0
9,0.04338073166534559,50.0,1.0,0.884765625,0.5,20251028054-1.nii.gz,train,431,0
17,0.08194138203454168,9.559383160527803,0.7647058823529411,1.2512475463965078,0.15454545454545454,20251028054-1.nii.gz,train,432,0
5,0.02410040648074755,50.0,0.0,84.57436054447372,0.8333333333333334,20251028054-1.nii.gz,train,435,0
7,0.033740569073046574,50.0,0.7142857142857143,1.2512475463965078,0.5833333333333334,20251028054-1.nii.gz,train,436,0
10,0.0482008129614951,9.411109001232933,0.0,91.106274549257,0.16666666666666666,20251028054-1.nii.gz,train,438,0
9,0.04338073166534559,15.207464103006785,1.0,0.884765625,0.21428571428571427,20251028054-1.nii.gz,train,439,0
43,0.20726349573442895,18.232058209861233,0.6046511627906976,1.76953125,0.2925170068027211,20251028054-1.nii.gz,train,441,0
6,0.028920487776897062,50.0,0.0,74.17498863165558,0.5,20251028054-1.nii.gz,train,445,0
19,0.09158154462684069,3.872242900744008,0.0,65.50191215175957,0.4523809523809524,20251028054-1.nii.gz,train,448,0
10,0.0482008129614951,50.0,0.0,98.97807469234046,0.6666666666666666,20251028054-1.nii.gz,train,450,0
10,0.0482008129614951,50.0,0.0,101.23619845626216,0.6666666666666666,20251028054-1.nii.gz,train,451,0
11,0.05302089425764461,8.294460558435011,0.0,104.72477631200678,0.22916666666666666,20251028054-1.nii.gz,train,453,0
6,0.028920487776897062,15.169366696026689,1.0,0.884765625,0.15,20251028054-1.nii.gz,train,454,0
9,0.04338073166534559,12.148551034766939,0.8888888888888888,0.884765625,0.45,20251028054-1.nii.gz,train,455,0
106,0.5109286173918481,5.901952209704155,0.49056603773584906,0.884765625,0.11830357142857144,20251028054-1.nii.gz,train,456,0
3235,15.592962993043665,12.20547409042637,0.17279752704791346,16.314272027944053,0.012208007849352805,20251028054-1.nii.gz,train,458,0
10,0.0482008129614951,50.0,0.0,75.53743197450505,0.8333333333333334,20251028054-1.nii.gz,train,459,0
361,1.7400493479099732,10.801048047098325,0.48753462603878117,3.956792163310175,0.022458628841607563,20251028054-1.nii.gz,train,464,0
16,0.07712130073839217,5.682827724241375,0.6875,1.2512475463965078,0.2962962962962963,20251028054-1.nii.gz,train,469,0
8,0.038560650369196085,50.0,0.5,1.76953125,0.8,20251028054-1.nii.gz,train,470,0
58,0.2795647151766716,3.1205828019254835,0.0,63.170847180232585,0.32222222222222224,20251028054-1.nii.gz,train,471,0
5,0.02410040648074755,50.0,0.0,106.85059569678441,0.8333333333333334,20251028054-1.nii.gz,train,473,0
9,0.04338073166534559,50.0,0.0,73.58852164447174,0.6,20251028054-1.nii.gz,train,475,0
30,0.14460243888448532,50.0,0.0,70.15317893985517,0.75,20251028054-1.nii.gz,train,476,0
9,0.04338073166534559,50.0,0.0,36.434936035111704,1.0,20251028054-1.nii.gz,train,477,0
1189,5.731076661121768,17.7826732608074,0.030277544154751892,6.193359375,0.02881376469162729,20251028054-1.nii.gz,train,479,0
9,0.04338073166534559,11.194014244773458,1.0,0.884765625,0.1875,20251028054-1.nii.gz,train,486,0
5,0.02410040648074755,50.0,0.0,108.02859339526448,0.8333333333333334,20251028054-1.nii.gz,train,489,0
178,0.8579744707146129,3.3013693159372868,0.2808988764044944,8.346862212542268,0.1765873015873016,20251028054-1.nii.gz,train,490,0
8005,38.58475077567683,2.8573104447531867,0.0,61.436962125272494,0.24213551119177254,20251028054-1.nii.gz,train,491,0
98,0.472367967022652,3.6958240893840615,0.0,18.472221851348877,0.296969696969697,20251028054-1.nii.gz,train,492,0
10,0.0482008129614951,11.40975614149791,0.7,0.884765625,0.2777777777777778,20251028054-1.nii.gz,train,494,0
12,0.057840975553794124,50.0,0.0,70.78125,0.6666666666666666,20251028054-1.nii.gz,train,497,0
6,0.028920487776897062,50.0,0.0,85.96215018383464,1.0,20251028054-1.nii.gz,train,498,0
9,0.04338073166534559,16.523502084448033,0.4444444444444444,0.884765625,0.375,20251028054-1.nii.gz,train,500,0
10,0.0482008129614951,50.0,0.0,37.10461747994178,0.6666666666666666,20251028054-1.nii.gz,train,501,0
32,0.15424260147678434,11.638863996077655,0.25,0.884765625,0.19753086419753085,20251028054-1.nii.gz,train,502,0
15,0.07230121944224266,4.298869141255061,0.0,27.067103386145167,0.3,20251028054-1.nii.gz,train,505,0
22,0.10604178851528923,5.952795256869701,0.0,63.17519474386817,0.36666666666666664,20251028054-1.nii.gz,train,506,0
283,1.3640830068103114,12.623033976555215,0.26855123674911663,3.1900678277054437,0.04825234441602728,20251028054-1.nii.gz,train,509,0
5,0.02410040648074755,50.0,0.6,0.884765625,0.625,20251028054-1.nii.gz,train,510,0
13,0.06266105684994364,7.699639801173662,0.7692307692307693,1.76953125,0.65,20251028054-1.nii.gz,train,511,0
8,0.038560650369196085,50.0,0.0,12.934870005422033,0.4,20251028054-1.nii.gz,train,514,0
20,0.0964016259229902,2.7777540939148486,0.9,1.2512475463965078,0.3125,20251028054-1.nii.gz,train,518,0
533,2.569103330847689,8.534819804049071,0.275797373358349,3.6479821257906253,0.03296227581941868,20251028054-1.nii.gz,train,522,0
24,0.11568195110758825,4.663437667417235,0.0,18.610236099092077,0.19047619047619047,20251028054-1.nii.gz,train,524,0
6,0.028920487776897062,50.0,0.5,0.884765625,0.75,20251028054-1.nii.gz,train,525,0
5,0.02410040648074755,50.0,0.0,68.126953125,0.8333333333333334,20251028054-1.nii.gz,train,528,0
11,0.05302089425764461,50.0,0.0,10.220202170643342,0.7333333333333333,20251028054-1.nii.gz,train,532,0
9,0.04338073166534559,50.0,0.0,29.924498312589307,0.45,20251028054-1.nii.gz,train,533,0
7,0.033740569073046574,20.310540998911268,1.0,0.0,0.23333333333333334,20251028054-1.nii.gz,train,534,0
10,0.0482008129614951,12.1218926521146,1.0,0.884765625,0.2222222222222222,20251028054-1.nii.gz,train,537,0
7,0.033740569073046574,50.0,0.0,9.405187603845304,0.875,20251028054-1.nii.gz,train,539,0
6,0.028920487776897062,50.0,0.0,11.818586713816366,0.6666666666666666,20251028054-1.nii.gz,train,543,0
8,0.038560650369196085,50.0,0.0,7.7855738762567155,0.6666666666666666,20251028054-1.nii.gz,train,544,0
7,0.033740569073046574,50.0,0.0,1.76953125,0.5833333333333334,20251028054-1.nii.gz,train,545,0
6,0.028920487776897062,6.649377331728671,0.0,8.033007633418459,0.3333333333333333,20251028054-1.nii.gz,train,554,0
26,0.12532211369988727,14.50354585843666,1.0,0.0,0.11818181818181818,20251028054-1.nii.gz,train,557,0
8,0.038560650369196085,50.0,0.0,56.60725190899236,0.6666666666666666,20251028054-1.nii.gz,train,558,0
5,0.02410040648074755,50.0,0.0,77.92687330092008,0.8333333333333334,20251028054-1.nii.gz,train,559,0
26,0.12532211369988727,50.0,0.0,10.653988953501777,0.5777777777777777,20251028054-1.nii.gz,train,561,0
5,0.02410040648074755,20.9603506477184,1.0,0.884765625,0.4166666666666667,20251028054-1.nii.gz,train,563,0
30,0.14460243888448532,6.376782106640652,0.0,16.640441449150206,0.15306122448979592,20251028054-1.nii.gz,train,565,0
42,0.20244341443827943,4.550563074615846,0.0,48.35090552316516,0.2916666666666667,20251028054-1.nii.gz,train,568,0
34,0.16388276406908336,17.43187703743322,0.08823529411764706,1.9783960816550874,0.14782608695652175,20251028054-1.nii.gz,train,573,0
24,0.11568195110758825,50.0,0.0,104.02377841864126,0.8571428571428571,20251028054-1.nii.gz,train,576,0
28,0.1349622762921863,50.0,0.0,71.92460392529073,0.5714285714285714,20251028054-1.nii.gz,train,579,0
250,1.2050203240373776,5.497251519329872,0.424,3.1900678277054437,0.04021879021879022,20251028054-1.nii.gz,train,581,0
6,0.028920487776897062,50.0,0.0,5.595749140844828,0.5,20251028054-1.nii.gz,train,583,0
14,0.06748113814609315,7.853214276434954,0.35714285714285715,1.9783960816550874,0.23333333333333334,20251028054-1.nii.gz,train,587,0
10,0.0482008129614951,50.0,1.0,6.157407283782959,0.625,20251028054-1.nii.gz,train,592,0
47,0.22654382091902697,4.003273118371989,0.7021276595744681,1.76953125,0.3263888888888889,20251028054-1.nii.gz,train,593,0
5,0.02410040648074755,50.0,0.0,3.5390625,0.5,20251028054-1.nii.gz,train,598,0
5,0.02410040648074755,50.0,0.0,7.133208515584459,0.8333333333333334,20251028054-1.nii.gz,train,599,0
131,0.6314306497955858,7.076606706945244,0.2824427480916031,2.654296875,0.08664021164021164,20251028054-1.nii.gz,train,603,0
220,1.0604178851528923,22.132812640471478,0.7136363636363636,2.5024950927930156,0.006564029120420098,20251028054-1.nii.gz,train,608,0
5,0.02410040648074755,50.0,0.0,52.499452203054574,0.8333333333333334,20251028054-1.nii.gz,train,613,0
8,0.038560650369196085,6.111675798653515,0.25,4.423828125,0.3333333333333333,20251028054-1.nii.gz,train,614,0
154,0.7422925196070246,2.320227661316928,0.2792207792207792,1.9783960816550874,0.21568627450980393,20251028054-1.nii.gz,train,617,0
21,0.10122170721913971,50.0,0.0,56.524218226826804,0.5,20251028054-1.nii.gz,train,620,0
54,0.26028438999207354,50.0,1.0,1.9783960816550874,0.7012987012987013,20251028054-1.nii.gz,train,621,0
46,0.22172373962287747,8.050728798791054,0.8260869565217391,0.884765625,0.11794871794871795,20251028054-1.nii.gz,train,625,0
126,0.6073302433148383,3.4387061005945028,0.6507936507936508,3.956792163310175,0.23076923076923078,20251028054-1.nii.gz,train,632,0
3228,15.559222423970619,7.042358685487832,0.39714993804213133,0.0,0.1309214795587281,20251028054-1.nii.gz,train,633,0
49,0.236183983511326,50.0,1.0,4.511437186831116,0.494949494949495,20251028054-1.nii.gz,train,637,0
46,0.22172373962287747,2.930773857811209,0.0,71.25356061557608,0.26136363636363635,20251028054-1.nii.gz,train,638,0
6,0.028920487776897062,50.0,0.0,50.240610019895996,0.75,20251028054-1.nii.gz,train,641,0
15,0.07230121944224266,50.0,1.0,1.2512475463965078,0.7142857142857143,20251028054-1.nii.gz,train,648,0
14,0.06748113814609315,15.442954118670746,0.21428571428571427,1.2512475463965078,0.15555555555555556,20251028054-1.nii.gz,train,650,0
5,0.02410040648074755,12.434456670003403,1.0,0.884765625,0.3125,20251028054-1.nii.gz,train,651,0
11,0.05302089425764461,50.0,0.0,78.50734721638938,0.7333333333333333,20251028054-1.nii.gz,train,655,0
24,0.11568195110758825,3.308959003701538,0.0,47.50155579501742,0.4,20251028054-1.nii.gz,train,659,0
7,0.033740569073046574,50.0,0.2857142857142857,1.76953125,0.3888888888888889,20251028054-1.nii.gz,train,661,0
50,0.24100406480747552,6.153453807480866,0.44,2.654296875,0.11904761904761904,20251028054-1.nii.gz,train,666,0
6,0.028920487776897062,11.63898048917308,1.0,1.2512475463965078,0.3333333333333333,20251028054-1.nii.gz,train,667,0
88,0.4241671540611569,7.646285000527186,0.29545454545454547,2.797874570422414,0.14285714285714285,20251028054-1.nii.gz,train,669,0
94,0.45308764183805394,2.8200081621364914,0.0,53.49723480779243,0.6025641025641025,20251028054-1.nii.gz,train,672,0
38,0.18316308925368138,50.0,0.0,8.552199948642295,0.6031746031746031,20251028054-1.nii.gz,train,673,0
8,0.038560650369196085,7.523936121960868,1.0,1.76953125,0.25,20251028054-1.nii.gz,train,675,0
12,0.057840975553794124,5.441471027355027,0.0,40.981296676731496,0.17142857142857143,20251028054-1.nii.gz,train,676,0
8,0.038560650369196085,50.0,0.0,45.541223344809595,0.6666666666666666,20251028054-1.nii.gz,train,678,0
14,0.06748113814609315,4.246589160483429,0.0,53.62462755107797,0.4666666666666667,20251028054-1.nii.gz,train,680,0
13,0.06266105684994364,6.774871917073705,0.0,18.153872834948213,0.325,20251028054-1.nii.gz,train,681,0
12,0.057840975553794124,50.0,0.0,4.511437186831116,0.5,20251028054-1.nii.gz,train,683,0
641,3.089672110831836,18.0164175462013,0.3619344773790952,1.9783960816550874,0.014175143741707209,20251028054-1.nii.gz,train,688,0
6,0.028920487776897062,4.977723090415591,0.0,40.71299536257678,0.25,20251028054-1.nii.gz,train,695,0
5,0.02410040648074755,50.0,0.0,1.2512475463965078,0.3333333333333333,20251028054-1.nii.gz,train,696,0
39,0.1879831705498309,19.637538492096496,1.0,0.884765625,0.06964285714285715,20251028054-1.nii.gz,train,699,0
599,2.8872286963935565,2.6464593347685987,0.0,38.5761871036563,0.21702898550724636,20251028054-1.nii.gz,train,701,0
259,1.2484010557027232,1.7554892588629247,0.0,55.85247256441596,0.2887402452619844,20251028054-1.nii.gz,train,702,0
46,0.22172373962287747,3.5257809237479965,0.0,70.52028785879435,0.2839506172839506,20251028054-1.nii.gz,train,703,0
985,4.747780076707268,9.538069501420292,0.0,81.4500215876503,0.040236928104575166,20251028054-1.nii.gz,train,708,0
22,0.10604178851528923,19.801067692098247,0.0,1.2512475463965078,0.19642857142857142,20251028054-1.nii.gz,train,709,0
8,0.038560650369196085,50.0,0.0,53.14807631763377,0.8888888888888888,20251028054-1.nii.gz,train,711,0
10,0.0482008129614951,50.0,0.0,36.30484640504871,0.8333333333333334,20251028054-1.nii.gz,train,715,0
21,0.10122170721913971,50.0,0.0,92.75671268843983,0.6,20251028054-1.nii.gz,train,716,0
17,0.08194138203454168,3.063995688762063,0.0,69.50751110691118,0.425,20251028054-1.nii.gz,train,718,0
19,0.09158154462684069,50.0,0.0,37.84307929559757,0.76,20251028054-1.nii.gz,train,719,0
43,0.20726349573442895,3.024493866410952,0.0,38.54573622104984,0.38392857142857145,20251028054-1.nii.gz,train,720,0
35,0.16870284536523286,11.028497730683155,0.5428571428571428,1.2512475463965078,0.10802469135802469,20251028054-1.nii.gz,train,723,0
6,0.028920487776897062,50.0,0.8333333333333334,0.884765625,0.3,20251028054-1.nii.gz,train,724,0
109,0.5253888612802966,6.357539889505446,0.4954128440366973,1.9783960816550874,0.050462962962962966,20251028054-1.nii.gz,train,726,0
69,0.3325856094343162,22.2554566865678,0.21739130434782608,2.5024950927930156,0.14935064935064934,20251028054-1.nii.gz,train,730,0
26,0.12532211369988727,2.8025583479487652,0.0,78.20456908442611,0.43333333333333335,20251028054-1.nii.gz,train,731,0
5,0.02410040648074755,50.0,0.8,1.2512475463965078,0.4166666666666667,20251028054-1.nii.gz,train,737,0
14,0.06748113814609315,6.224537450001325,0.0,57.55738713423936,0.4375,20251028054-1.nii.gz,train,738,0
862,4.154910077280878,1.6949361041547337,0.0,57.89640165225975,0.32651515151515154,20251028054-1.nii.gz,train,739,0
11,0.05302089425764461,50.0,0.0,60.01706887185006,0.6875,20251028054-1.nii.gz,train,740,0
10,0.0482008129614951,3.659448324397028,0.3,2.5024950927930156,0.3125,20251028054-1.nii.gz,train,741,0
14,0.06748113814609315,8.594580803979046,0.8571428571428571,1.2512475463965078,0.09722222222222222,20251028054-1.nii.gz,train,742,0
15,0.07230121944224266,8.236876414508675,0.2,1.9783960816550874,0.3125,20251028054-1.nii.gz,train,744,0
55,0.26510447128822306,11.170596621521051,0.5818181818181818,0.884765625,0.10416666666666667,20251028054-1.nii.gz,train,745,0
5,0.02410040648074755,13.51875705857615,0.8,0.884765625,0.4166666666666667,20251028054-1.nii.gz,train,750,0
37,0.17834300795753188,6.717816145884966,0.0,46.92595362967017,0.3425925925925926,20251028054-1.nii.gz,train,753,0
7,0.033740569073046574,10.316344454419651,0.8571428571428571,0.884765625,0.175,20251028054-1.nii.gz,train,756,0
10,0.0482008129614951,50.0,0.0,74.86547161482923,0.625,20251028054-1.nii.gz,train,757,0
5,0.02410040648074755,16.595757059581025,1.0,0.884765625,0.20833333333333334,20251028054-1.nii.gz,train,758,0
10,0.0482008129614951,50.0,0.0,34.15241154970823,0.8333333333333334,20251028054-1.nii.gz,train,760,0
13,0.06266105684994364,50.0,0.0,36.91710413436076,0.5416666666666666,20251028054-1.nii.gz,train,761,0
754,3.634341297296731,10.383223151704994,0.40450928381962864,4.423828125,0.03494623655913978,20251028054-1.nii.gz,train,763,0
6,0.028920487776897062,50.0,0.0,41.890929451774326,1.0,20251028054-1.nii.gz,train,764,0
51,0.24582414610362502,2.7879314984799826,0.0,54.38562082173838,0.30357142857142855,20251028054-1.nii.gz,train,765,0
14,0.06748113814609315,50.0,0.0,51.301149402256826,0.7,20251028054-1.nii.gz,train,769,0
6,0.028920487776897062,10.603313605947857,0.5,1.2512475463965078,0.5,20251028054-1.nii.gz,train,771,0
29,0.1397823575883358,4.964686547891193,0.6206896551724138,1.9783960816550874,0.09415584415584416,20251028054-1.nii.gz,train,772,0
10,0.0482008129614951,14.505104346033221,0.6,1.2512475463965078,0.4166666666666667,20251028054-1.nii.gz,train,774,0
88,0.4241671540611569,18.073124396063836,0.6022727272727273,0.884765625,0.09821428571428571,20251028054-1.nii.gz,train,775,0
25,0.12050203240373776,11.446647010093244,1.0,0.884765625,0.1488095238095238,20251028054-1.nii.gz,train,777,0
9,0.04338073166534559,10.323062002505903,0.6666666666666666,1.2512475463965078,0.375,20251028054-1.nii.gz,train,781,0
401,1.9328525997559536,2.5734812034442553,0.0,70.89966953603506,0.10126262626262626,20251028054-1.nii.gz,train,783,0
5,0.02410040648074755,50.0,0.8,0.884765625,0.5555555555555556,20251028054-1.nii.gz,train,785,0
12,0.057840975553794124,50.0,0.0,46.291363366461944,0.48,20251028054-1.nii.gz,train,788,0
129,0.6217904872032868,4.588232765935694,0.0,61.349421312359,0.15579710144927536,20251028054-1.nii.gz,train,790,0
19,0.09158154462684069,9.577556472794383,0.7894736842105263,1.2512475463965078,0.17592592592592593,20251028054-1.nii.gz,train,791,0
66,0.3181253655458677,14.931625934754871,0.8333333333333334,1.2512475463965078,0.058823529411764705,20251028054-1.nii.gz,train,792,0
25,0.12050203240373776,50.0,0.0,39.897267245438506,0.5952380952380952,20251028054-1.nii.gz,train,794,0
7,0.033740569073046574,10.224083011626295,0.8571428571428571,0.884765625,0.175,20251028054-1.nii.gz,train,810,0
11,0.05302089425764461,9.403787293291606,0.8181818181818182,0.884765625,0.22916666666666666,20251028054-1.nii.gz,train,811,0
46,0.22172373962287747,13.727745199123637,0.782608695652174,1.2512475463965078,0.046464646464646465,20251028054-1.nii.gz,train,812,0
32,0.15424260147678434,10.905031669862959,0.65625,1.2512475463965078,0.10666666666666667,20251028054-1.nii.gz,train,813,0
6,0.028920487776897062,50.0,0.0,65.1233844409704,0.6666666666666666,20251028054-1.nii.gz,train,814,0
5,0.02410040648074755,16.832402881665594,1.0,0.884765625,0.20833333333333334,20251028054-1.nii.gz,train,821,0
10,0.0482008129614951,5.7790095101351,0.8,0.884765625,0.3125,20251028054-1.nii.gz,train,823,0
13,0.06266105684994364,50.0,0.0,44.078735736779386,0.8125,20251028054-1.nii.gz,train,826,0
9,0.04338073166534559,10.250507365537512,0.5555555555555556,0.884765625,0.28125,20251028054-1.nii.gz,train,827,0
16,0.07712130073839217,50.0,0.0,61.91736734130545,0.6666666666666666,20251028054-1.nii.gz,train,828,0
38,0.18316308925368138,7.416066523933233,0.4473684210526316,1.2512475463965078,0.15833333333333333,20251028054-1.nii.gz,train,832,0
33,0.15906268277293384,6.357781950635378,0.6060606060606061,0.884765625,0.275,20251028054-1.nii.gz,train,833,0
20,0.0964016259229902,21.588037018453832,1.0,0.884765625,0.125,20251028054-1.nii.gz,train,835,0
7,0.033740569073046574,50.0,0.0,59.25573872184299,0.875,20251028054-1.nii.gz,train,838,0
6,0.028920487776897062,50.0,0.0,49.333122205712066,1.0,20251028054-1.nii.gz,train,841,0
124,0.5976900807225393,10.614389414524789,0.6532258064516129,1.2512475463965078,0.061507936507936505,20251028054-1.nii.gz,train,844,0
11,0.05302089425764461,8.776541628216075,1.0,0.884765625,0.275,20251028054-1.nii.gz,train,846,0
208,1.0025769095990982,8.001597815629125,0.5817307692307693,2.5024950927930156,0.09433106575963719,20251028054-1.nii.gz,train,847,0
8,0.038560650369196085,8.538531752543124,0.75,0.884765625,0.2,20251028054-1.nii.gz,train,850,0
7,0.033740569073046574,19.68343891739593,0.7142857142857143,0.884765625,0.3888888888888889,20251028054-1.nii.gz,train,854,0
7,0.033740569073046574,13.779279803402945,1.0,0.884765625,0.2916666666666667,20251028054-1.nii.gz,train,856,0
624,3.0077307287972945,9.16453972083924,0.5224358974358975,5.30859375,0.05268490374873354,20251028054-1.nii.gz,train,863,0
25,0.12050203240373776,13.205437251150316,0.8,0.884765625,0.25252525252525254,20251028054-1.nii.gz,train,866,0
11,0.05302089425764461,4.19838165909576,1.0,0.884765625,0.22916666666666666,20251028054-1.nii.gz,train,871,0
14,0.06748113814609315,14.056625287814015,1.0,0.884765625,0.18666666666666668,20251028054-1.nii.gz,train,873,0
5,0.02410040648074755,21.221625893506033,1.0,0.884765625,0.2777777777777778,20251028054-1.nii.gz,train,874,0
7,0.033740569073046574,15.50064172923553,0.8571428571428571,0.0,0.25925925925925924,20251028054-1.nii.gz,train,879,0
25,0.12050203240373776,8.301366274093883,0.88,1.2512475463965078,0.23809523809523808,20251028054-1.nii.gz,train,881,0
23,0.11086186981143874,26.160843198018803,0.9130434782608695,0.0,0.21904761904761905,20251028054-1.nii.gz,train,884,0
5,0.02410040648074755,12.70600473081799,0.8,1.2512475463965078,0.4166666666666667,20251028054-1.nii.gz,train,886,0
6,0.028920487776897062,50.0,1.0,0.884765625,0.6,20251028054-1.nii.gz,train,888,0
6,0.028920487776897062,10.932241203595884,1.0,0.884765625,0.5,20251028054-1.nii.gz,train,889,0
274,0.8320059585571289,50.0,0.42700729927007297,1.7425607871531563,0.061160714285714284,20251028055-1.nii.gz,holdout,1,0
64,0.194337158203125,19.506463525705037,0.5,1.55859375,0.09329446064139942,20251028055-1.nii.gz,holdout,3,0
4914,14.92144992828369,9.444302982195156,0.28062678062678065,7.399856576302916,0.010288298473713963,20251028055-1.nii.gz,holdout,4,0
8330,25.29419574737549,12.04021455049254,0.15642256902761104,21.497861622770916,0.01372775214238629,20251028055-1.nii.gz,holdout,5,0
7671,23.293130321502687,12.309352269788263,0.2033633163863903,18.278882412960748,0.009189379564142373,20251028055-1.nii.gz,holdout,7,0
4507,13.685587062835694,3.014582698149318,0.32993121810516973,1.1020922097399706,0.05350189933523267,20251028055-1.nii.gz,holdout,8,0
169,0.513171558380127,8.252557521346649,0.4556213017751479,1.55859375,0.2271505376344086,20251028055-1.nii.gz,holdout,9,0
283,0.8593346214294434,6.576098892275889,0.27208480565371024,3.1171875,0.09401993355481728,20251028055-1.nii.gz,holdout,11,0
17,0.051620807647705075,16.153037697309593,0.8235294117647058,1.55859375,0.30357142857142855,20251028055-1.nii.gz,holdout,12,0
44,0.13360679626464844,3.1785978271139466,0.0,11.239179366485404,0.36666666666666664,20251028055-1.nii.gz,holdout,14,0
8,0.024292144775390625,50.0,0.0,30.244004404157224,0.2857142857142857,20251028055-1.nii.gz,holdout,16,0
44,0.13360679626464844,2.4913156950146615,0.0,9.923897316354934,0.4583333333333333,20251028055-1.nii.gz,holdout,17,0
13,0.03947473526000977,12.56616094711933,0.8461538461538461,0.779296875,0.14444444444444443,20251028055-1.nii.gz,holdout,21,0
39,0.1184242057800293,3.8295100719522774,0.5384615384615384,1.1020922097399706,0.18055555555555555,20251028055-1.nii.gz,holdout,27,0
138,0.4190394973754883,2.7248102835459136,0.2608695652173913,2.337890625,0.1658653846153846,20251028055-1.nii.gz,holdout,29,0
11,0.03340169906616211,11.131067179432048,0.8181818181818182,1.1020922097399706,0.1527777777777778,20251028055-1.nii.gz,holdout,30,0
37,0.11235116958618165,5.87698033329323,0.5675675675675675,1.1020922097399706,0.20555555555555555,20251028055-1.nii.gz,holdout,32,0
227,0.689289608001709,8.48153350349326,0.0,22.04184419479941,0.07506613756613757,20251028055-1.nii.gz,holdout,35,0
398,1.2085342025756836,6.498978179750329,0.5175879396984925,0.0,0.025844155844155843,20251028055-1.nii.gz,holdout,38,0
18,0.05465732574462891,3.8985185398012647,0.9444444444444444,0.0,0.225,20251028055-1.nii.gz,holdout,39,0
67,0.20344671249389648,6.349794542695743,0.3283582089552239,1.55859375,0.0858974358974359,20251028055-1.nii.gz,holdout,42,0
19,0.05769384384155273,2.7014504487015434,0.0,16.753352612566427,0.3958333333333333,20251028055-1.nii.gz,holdout,43,0
628,1.9069333648681641,2.560238670244158,0.5445859872611465,0.0,0.11747100635989526,20251028055-1.nii.gz,holdout,44,0
31,0.09413206100463867,2.639907299896212,0.9032258064516129,0.0,0.13247863247863248,20251028055-1.nii.gz,holdout,45,0
5,0.015182590484619141,50.0,0.8,1.1020922097399706,0.5555555555555556,20251028055-1.nii.gz,holdout,47,0
127,0.38563779830932615,27.269554298987657,0.4251968503937008,1.55859375,0.06872294372294373,20251028055-1.nii.gz,holdout,50,0
11,0.03340169906616211,5.667477680064584,0.9090909090909091,0.0,0.171875,20251028055-1.nii.gz,holdout,51,0
8,0.024292144775390625,50.0,0.625,1.1020922097399706,0.8888888888888888,20251028055-1.nii.gz,holdout,52,0
26,0.07894947052001954,5.1292386470383375,0.7692307692307693,1.7425607871531563,0.15757575757575756,20251028055-1.nii.gz,holdout,53,0
2532,7.6884638214111325,3.3218806676230392,0.0,26.19251787641461,0.32034412955465585,20251028055-1.nii.gz,holdout,56,0
67,0.20344671249389648,3.9628634279688897,0.0,24.246028614279354,0.26171875,20251028055-1.nii.gz,holdout,60,0
11,0.03340169906616211,17.312864381522317,0.9090909090909091,0.779296875,0.13095238095238096,20251028055-1.nii.gz,holdout,65,0
10,0.030365180969238282,50.0,0.0,55.68020273812972,0.8333333333333334,20251028055-1.nii.gz,holdout,67,0
5509,16.72817819595337,3.316098689433789,0.33835541840624433,0.0,0.04237529325795162,20251028055-1.nii.gz,holdout,68,0
14,0.04251125335693359,3.3373893572576683,0.7857142857142857,1.1020922097399706,0.4375,20251028055-1.nii.gz,holdout,71,0
8,0.024292144775390625,4.812590755769808,0.875,1.1020922097399706,0.3333333333333333,20251028055-1.nii.gz,holdout,72,0
13,0.03947473526000977,50.0,0.0,61.37012261863121,0.7222222222222222,20251028055-1.nii.gz,holdout,77,0
55230,167.70689449310302,6.152552207193875,0.0,33.33865886743715,0.12579719387755103,20251028055-1.nii.gz,holdout,79,1
24,0.07287643432617187,8.335375937323946,0.7916666666666666,0.779296875,0.1038961038961039,20251028055-1.nii.gz,holdout,80,0
5,0.015182590484619141,50.0,1.0,0.779296875,0.8333333333333334,20251028055-1.nii.gz,holdout,81,0
138,0.4190394973754883,11.480289851737247,0.0,19.059593804625386,0.1104,20251028055-1.nii.gz,holdout,83,0
165,0.5010254859924317,3.3346256554018163,0.0,18.477153073443507,0.3260869565217392,20251028055-1.nii.gz,holdout,87,0
35,0.10627813339233398,2.9727380543205526,0.7428571428571429,1.55859375,0.3645833333333333,20251028055-1.nii.gz,holdout,88,0
6,0.018219108581542968,50.0,0.0,63.32013239896696,1.0,20251028055-1.nii.gz,holdout,89,0
31,0.09413206100463867,9.326307870911117,0.5806451612903226,1.1020922097399706,0.17222222222222222,20251028055-1.nii.gz,holdout,90,0
37,0.11235116958618165,2.8427921428588494,0.7297297297297297,1.55859375,0.2569444444444444,20251028055-1.nii.gz,holdout,92,0
14,0.04251125335693359,3.8070896844225666,0.8571428571428571,1.1020922097399706,0.3888888888888889,20251028055-1.nii.gz,holdout,95,0
6,0.018219108581542968,4.141536076144943,0.8333333333333334,1.1020922097399706,0.3333333333333333,20251028055-1.nii.gz,holdout,96,0
883,2.6812454795837404,5.811708704602715,0.45866364665911663,0.779296875,0.018930623445673613,20251028055-1.nii.gz,holdout,97,0
11,0.03340169906616211,50.0,0.0,28.928608461386577,0.44,20251028055-1.nii.gz,holdout,99,1
23,0.06983991622924805,5.7797123219198046,0.6086956521739131,1.1020922097399706,0.25555555555555554,20251028055-1.nii.gz,holdout,100,0
6,0.018219108581542968,50.0,1.0,0.779296875,0.5,20251028055-1.nii.gz,holdout,101,0
13,0.03947473526000977,5.481857782960389,1.0,0.779296875,0.2708333333333333,20251028055-1.nii.gz,holdout,103,0
13,0.03947473526000977,5.565985200955761,0.8461538461538461,0.779296875,0.325,20251028055-1.nii.gz,holdout,105,0
5,0.015182590484619141,6.636752489411804,0.8,1.1020922097399706,0.4166666666666667,20251028055-1.nii.gz,holdout,107,0
21,0.06376688003540039,3.3526931655575476,0.7619047619047619,1.55859375,0.35,20251028055-1.nii.gz,holdout,109,0
6,0.018219108581542968,4.141536076144943,1.0,1.1020922097399706,0.3333333333333333,20251028055-1.nii.gz,holdout,110,0
9,0.027328662872314453,2.4898599711753406,0.8888888888888888,1.1020922097399706,0.28125,20251028055-1.nii.gz,holdout,112,0
35,0.10627813339233398,7.585879902148693,0.8571428571428571,0.0,0.20833333333333334,20251028055-1.nii.gz,holdout,113,0
58,0.17611804962158203,13.286396137609785,0.603448275862069,1.55859375,0.06229860365198711,20251028055-1.nii.gz,holdout,114,0
10,0.030365180969238282,4.05786005515341,0.8,1.1020922097399706,0.4166666666666667,20251028055-1.nii.gz,holdout,115,0
117,0.3552726173400879,3.6783097949073253,0.5811965811965812,0.779296875,0.2,20251028055-1.nii.gz,holdout,116,0
17,0.051620807647705075,50.0,0.0,70.03707113929559,0.8095238095238095,20251028055-1.nii.gz,holdout,118,0
61,0.18522760391235352,5.077349390431519,0.7213114754098361,0.779296875,0.13034188034188035,20251028055-1.nii.gz,holdout,119,0
6,0.018219108581542968,4.141536076144943,0.8333333333333334,1.1020922097399706,0.3333333333333333,20251028055-1.nii.gz,holdout,120,0
67,0.20344671249389648,3.87950917186416,0.0,30.96825740357002,0.3489583333333333,20251028055-1.nii.gz,holdout,121,0
19,0.05769384384155273,4.064528687516087,0.6842105263157895,1.7425607871531563,0.25333333333333335,20251028055-1.nii.gz,holdout,122,0
5,0.015182590484619141,6.636752489411805,0.8,1.1020922097399706,0.4166666666666667,20251028055-1.nii.gz,holdout,123,0
15863,48.168286571502684,5.145437142160785,0.0,43.94218777953377,0.13362591818855718,20251028055-1.nii.gz,holdout,125,1
65,0.19737367630004882,2.51407253734388,0.8,1.7425607871531563,0.12310606060606061,20251028055-1.nii.gz,holdout,129,0
764,2.3198998260498045,33.378928150052154,0.14267015706806283,3.213123329338763,0.040363482671174976,20251028055-1.nii.gz,holdout,131,0
6,0.018219108581542968,4.141536076144943,0.8333333333333334,1.1020922097399706,0.3333333333333333,20251028055-1.nii.gz,holdout,132,0
15,0.045547771453857425,6.206180657852664,0.8,1.1020922097399706,0.25,20251028055-1.nii.gz,holdout,136,0
15,0.045547771453857425,3.7799204813285954,0.6666666666666666,0.779296875,0.3,20251028055-1.nii.gz,holdout,140,0
8,0.024292144775390625,50.0,1.0,0.779296875,0.3333333333333333,20251028055-1.nii.gz,holdout,144,0
26,0.07894947052001954,4.001367356788096,0.5769230769230769,1.7425607871531563,0.28888888888888886,20251028055-1.nii.gz,holdout,145,0
59,0.17915456771850585,5.902169281491612,0.4576271186440678,1.1020922097399706,0.1475,20251028055-1.nii.gz,holdout,147,0
41,0.12449724197387696,6.795627582718398,0.7804878048780488,0.0,0.03253968253968254,20251028055-1.nii.gz,holdout,150,0
12,0.036438217163085936,5.735984351628127,0.0,93.12842202267704,0.3333333333333333,20251028055-1.nii.gz,holdout,153,0
10,0.030365180969238282,5.164067900020948,0.8,0.779296875,0.3333333333333333,20251028055-1.nii.gz,holdout,155,0
6,0.018219108581542968,50.0,1.0,0.779296875,0.5,20251028055-1.nii.gz,holdout,156,0
60,0.1821910858154297,6.5334391839554495,0.7666666666666667,0.779296875,0.13071895424836602,20251028055-1.nii.gz,holdout,158,0
10,0.030365180969238282,11.403872991065377,1.0,1.1020922097399706,0.3333333333333333,20251028055-1.nii.gz,holdout,161,0
6,0.018219108581542968,50.0,0.0,74.95037344342643,1.0,20251028055-1.nii.gz,holdout,166,0
73,0.22166582107543945,8.693992916370048,0.6301369863013698,0.779296875,0.18717948717948718,20251028055-1.nii.gz,holdout,168,0
90,0.2732866287231445,8.157694651750505,0.0,54.65975457586861,0.1125,20251028055-1.nii.gz,holdout,169,0
476,1.4453826141357422,6.338603451442744,0.22899159663865545,2.809794841621351,0.13026819923371646,20251028055-1.nii.gz,holdout,171,0
924,2.805742721557617,5.661982964177419,0.0,65.03587173104091,0.10344827586206896,20251028055-1.nii.gz,holdout,175,0
7214,21.905441551208497,1.9898602656840294,0.0,45.079246467378425,0.5455232909860859,20251028055-1.nii.gz,holdout,181,0
5,0.015182590484619141,8.20399722607102,0.8,0.779296875,0.4166666666666667,20251028055-1.nii.gz,holdout,182,0
218,0.6619609451293945,2.064256398149306,0.0,95.69337298847363,0.2523148148148148,20251028055-1.nii.gz,holdout,185,0
145,0.4402951240539551,3.191800236591985,0.0,31.425725715166127,0.4603174603174603,20251028055-1.nii.gz,holdout,192,0
10,0.030365180969238282,50.0,1.0,0.779296875,0.47619047619047616,20251028055-1.nii.gz,holdout,193,0
6,0.018219108581542968,10.965675845448555,0.6666666666666666,1.1020922097399706,0.3333333333333333,20251028055-1.nii.gz,holdout,195,0
93,0.282396183013916,1.7402228459906681,0.0,70.42399460924972,0.42272727272727273,20251028055-1.nii.gz,holdout,196,0
11,0.03340169906616211,8.722790189667293,1.0,0.779296875,0.22916666666666666,20251028055-1.nii.gz,holdout,197,0
12,0.036438217163085936,7.897198949308179,1.0,1.1020922097399706,0.17142857142857143,20251028055-1.nii.gz,holdout,199,0
7,0.021255626678466796,50.0,1.0,0.779296875,0.25,20251028055-1.nii.gz,holdout,201,0
82,0.24899448394775392,2.537968536251885,0.0,33.88073777594626,0.6833333333333333,20251028055-1.nii.gz,holdout,205,0
10,0.030365180969238282,8.116924662020946,1.0,0.0,0.2777777777777778,20251028055-1.nii.gz,holdout,208,0
13,0.03947473526000977,50.0,0.0,83.90751372509847,0.7222222222222222,20251028055-1.nii.gz,holdout,209,0
68,0.2064832305908203,5.45521796361486,0.0,86.25677085505268,0.08585858585858586,20251028055-1.nii.gz,holdout,210,0
94,0.28543270111083985,5.8298981165429025,0.0,99.63574972514141,0.16785714285714284,20251028055-1.nii.gz,holdout,212,0
39,0.1184242057800293,37.123438089287575,0.717948717948718,0.779296875,0.07222222222222222,20251028055-1.nii.gz,holdout,213,0
345,1.0475987434387206,3.4346459465675205,0.0,25.72461560317099,0.345,20251028055-1.nii.gz,holdout,214,0
19,0.05769384384155273,50.0,0.0,76.85508182181032,0.6333333333333333,20251028055-1.nii.gz,holdout,215,0
6,0.018219108581542968,50.0,1.0,0.779296875,0.375,20251028055-1.nii.gz,holdout,216,0
128,0.38867431640625,3.4703763516570088,0.0,22.069379301343798,0.20317460317460317,20251028055-1.nii.gz,holdout,218,0
81,0.24595796585083007,2.810303314217207,0.345679012345679,1.55859375,0.2076923076923077,20251028055-1.nii.gz,holdout,220,0
579,1.7581439781188966,8.96827555561909,0.36787564766839376,5.510461048699852,0.0330838237814982,20251028055-1.nii.gz,holdout,223,0
37,0.11235116958618165,2.9242386622987677,0.0,76.25037544032986,0.29365079365079366,20251028055-1.nii.gz,holdout,224,0
2174,6.601390342712403,4.505390037833505,0.0,62.34375,0.27560851926977686,20251028055-1.nii.gz,holdout,225,0
60,0.1821910858154297,2.805054109039098,0.0,32.74588668268138,0.37037037037037035,20251028055-1.nii.gz,holdout,226,0
21,0.06376688003540039,15.581124003346469,0.7619047619047619,0.779296875,0.105,20251028055-1.nii.gz,holdout,227,0
34,0.10324161529541015,2.833897264340939,0.0,75.96684314840634,0.4722222222222222,20251028055-1.nii.gz,holdout,228,0
728,2.210585174560547,6.506222918018336,0.0,63.910242111757384,0.13866666666666666,20251028055-1.nii.gz,holdout,231,0
832,2.526383056640625,2.406167826712972,0.0,31.728603873184447,0.3137254901960784,20251028055-1.nii.gz,holdout,232,0
9407,28.56452573776245,10.216375707919966,0.1688104602955246,23.920296007066337,0.012956122446168805,20251028055-1.nii.gz,holdout,235,0
10,0.030365180969238282,50.0,0.0,49.19558389584898,0.625,20251028055-1.nii.gz,holdout,236,0
11,0.03340169906616211,50.0,0.0,40.66921952057051,0.9166666666666666,20251028055-1.nii.gz,holdout,238,0
30,0.09109554290771485,50.0,0.0,30.608240516439473,0.75,20251028055-1.nii.gz,holdout,239,0
1134,3.4434115219116213,3.7844863594545974,0.0,54.806863632012174,0.2984210526315789,20251028055-1.nii.gz,holdout,240,0
17,0.051620807647705075,50.0,0.0,1.55859375,0.5666666666666667,20251028055-1.nii.gz,holdout,241,0
19,0.05769384384155273,50.0,0.0,27.953294492306856,0.59375,20251028055-1.nii.gz,holdout,242,0
62,0.18826412200927733,2.907147747061511,0.0,50.08863946329239,0.3522727272727273,20251028055-1.nii.gz,holdout,243,0
5456,16.567242736816407,2.2877111490656015,0.15689149560117302,11.715400888614825,0.10945273631840796,20251028055-1.nii.gz,holdout,244,0
19,0.05769384384155273,4.806854797403795,0.0,96.36586634082462,0.3958333333333333,20251028055-1.nii.gz,holdout,245,0
6,0.018219108581542968,50.0,0.0,49.89934708468177,0.75,20251028055-1.nii.gz,holdout,246,0
386,1.1720959854125976,2.089527383405993,0.0,24.89666464041489,0.3282312925170068,20251028055-1.nii.gz,holdout,247,0
36,0.10931465148925781,50.0,0.0,32.935464408846826,0.6,20251028055-1.nii.gz,holdout,248,0
92,0.2793596649169922,50.0,1.0,3.896484375,0.5227272727272727,20251028055-1.nii.gz,holdout,249,0
5,0.015182590484619141,50.0,0.0,23.79715600852838,0.8333333333333334,20251028055-1.nii.gz,holdout,250,0
10,0.030365180969238282,50.0,0.0,94.58483054254634,0.8333333333333334,20251028055-1.nii.gz,holdout,251,0
11,0.03340169906616211,5.669073038875284,0.0,21.954361220336555,0.22,20251028055-1.nii.gz,holdout,252,0
16,0.04858428955078125,50.0,0.0,27.986006714210966,0.64,20251028055-1.nii.gz,holdout,253,0
18792,57.06224807739258,2.8686271124868434,0.0,44.16053071974687,0.13374613003095975,20251028055-1.nii.gz,holdout,254,0
13,0.03947473526000977,3.6845000195563244,0.0,34.3170842233469,0.40625,20251028055-1.nii.gz,holdout,257,0
509,1.5455877113342285,7.276774850691228,0.37328094302554027,0.0,0.06330845771144279,20251028055-1.nii.gz,holdout,258,0
5,0.015182590484619141,5.810538135213806,0.0,20.151253960829525,0.625,20251028055-1.nii.gz,holdout,259,0
5,0.015182590484619141,50.0,0.0,1.55859375,1.0,20251028055-1.nii.gz,holdout,261,0
44,0.13360679626464844,3.86770484166772,0.0,51.631945459188685,0.275,20251028055-1.nii.gz,holdout,262,0
438,1.3299949264526367,1.6951439585776562,0.4954337899543379,5.510461048699852,0.21640316205533597,20251028055-1.nii.gz,holdout,263,0
6,0.018219108581542968,8.808960457706146,0.0,21.344279471179128,0.375,20251028055-1.nii.gz,holdout,265,0
5,0.015182590484619141,50.0,0.2,1.55859375,0.25,20251028055-1.nii.gz,holdout,267,0
5,0.015182590484619141,50.0,0.0,10.0,0.4166666666666667,20251028055-1.nii.gz,holdout,268,0
18,0.05465732574462891,2.32385216673791,0.0,20.772174430974246,0.36,20251028055-1.nii.gz,holdout,270,0
6,0.018219108581542968,50.0,0.0,1.55859375,0.375,20251028055-1.nii.gz,holdout,272,0
17,0.051620807647705075,10.34301807890241,0.0,13.225106516879647,0.17708333333333334,20251028055-1.nii.gz,holdout,273,0
5,0.015182590484619141,50.0,0.0,15.304055014408213,0.5555555555555556,20251028055-1.nii.gz,holdout,275,0
79,0.2398849296569824,6.604333774437037,0.0,14.160181707951253,0.0860566448801743,20251028055-1.nii.gz,holdout,278,0
11,0.03340169906616211,50.0,0.0,1.55859375,0.6111111111111112,20251028055-1.nii.gz,holdout,280,0
1243,3.7743919944763182,3.002452511527377,0.0,38.12187772379194,0.5102627257799671,20251028055-1.nii.gz,holdout,282,0
292,0.8866632843017578,3.3008165635656264,0.7773972602739726,4.408368838959882,0.17826617826617827,20251028055-1.nii.gz,holdout,285,0
37,0.11235116958618165,1.977557103472823,0.6756756756756757,0.0,0.20555555555555555,20251028055-1.nii.gz,holdout,286,0
238,0.7226913070678711,2.258024537162719,0.0,12.102095846462014,0.09794238683127572,20251028055-1.nii.gz,holdout,287,0
25,0.0759129524230957,50.0,0.0,57.53307273749738,0.4166666666666667,20251028055-1.nii.gz,holdout,290,0
38,0.11538768768310546,3.4032198411873216,0.0,78.23366556518295,0.59375,20251028055-1.nii.gz,holdout,292,0
6,0.018219108581542968,50.0,0.0,49.0596045155997,0.75,20251028055-1.nii.gz,holdout,294,0
21,0.06376688003540039,3.597555087200443,0.0,23.579238167606206,0.35,20251028055-1.nii.gz,holdout,303,0
79,0.2398849296569824,11.625463210426572,0.06329113924050633,2.337890625,0.04274891774891775,20251028055-1.nii.gz,holdout,305,0
8,0.024292144775390625,50.0,1.0,1.55859375,0.6666666666666666,20251028055-1.nii.gz,holdout,307,0
16,0.04858428955078125,50.0,0.0,50.188149757977236,0.8,20251028055-1.nii.gz,holdout,309,0
531,1.6123911094665528,5.056373064421636,0.4500941619585687,2.204184419479941,0.04990601503759398,20251028055-1.nii.gz,holdout,310,0
5,0.015182590484619141,50.0,0.2,1.7425607871531563,0.8333333333333334,20251028055-1.nii.gz,holdout,311,0
13,0.03947473526000977,9.217594795540684,1.0,0.0,0.13541666666666666,20251028055-1.nii.gz,holdout,313,0
32,0.0971685791015625,1.9701520480293284,0.0,36.42860118106086,0.35555555555555557,20251028055-1.nii.gz,holdout,316,0
36,0.10931465148925781,24.703915211191568,0.0,1.55859375,0.05333333333333334,20251028055-1.nii.gz,holdout,318,0
5,0.015182590484619141,50.0,0.0,6.426246658677526,0.8333333333333334,20251028055-1.nii.gz,holdout,321,0
3208,9.74115005493164,1.6613656851985565,0.0,48.79170204028838,0.38258795468097795,20251028055-1.nii.gz,holdout,332,0
166,0.5040620040893554,5.226868785226197,0.0,7.0568333400719325,0.16274509803921566,20251028055-1.nii.gz,holdout,333,0
409,1.2419359016418456,4.144997934944672,0.0,31.924223168823723,0.4131313131313131,20251028055-1.nii.gz,holdout,338,0
70,0.21255626678466796,2.285931707273824,0.0,46.64184940845994,0.3888888888888889,20251028055-1.nii.gz,holdout,339,0
5,0.015182590484619141,50.0,0.0,1.55859375,0.5,20251028055-1.nii.gz,holdout,341,0
18,0.05465732574462891,6.092487324059077,0.7777777777777778,0.779296875,0.225,20251028055-1.nii.gz,holdout,342,0
13,0.03947473526000977,4.617421515325876,0.6923076923076923,1.1020922097399706,0.5416666666666666,20251028055-1.nii.gz,holdout,343,0
176,0.5344271850585938,2.9973259432774504,0.0,36.24497593232023,0.3697478991596639,20251028055-1.nii.gz,holdout,345,0
2182,6.625682487487793,2.2210472286336156,0.0,52.06525013633405,0.32470238095238096,20251028055-1.nii.gz,holdout,346,0
7,0.021255626678466796,6.239396537882124,1.0,0.779296875,0.2916666666666667,20251028055-1.nii.gz,holdout,347,0
5,0.015182590484619141,14.82458058041716,0.0,1.55859375,0.20833333333333334,20251028055-1.nii.gz,holdout,348,0
15,0.045547771453857425,6.230438497389319,0.8666666666666667,0.779296875,0.25,20251028055-1.nii.gz,holdout,351,0
14,0.04251125335693359,50.0,0.0,31.798750388586573,0.9333333333333333,20251028055-1.nii.gz,holdout,352,0
342,1.0384891891479493,9.973904433186926,0.40058479532163743,0.0,0.04656862745098039,20251028055-1.nii.gz,holdout,353,0
41,0.12449724197387696,4.992085970266936,0.6097560975609756,1.1020922097399706,0.3253968253968254,20251028055-1.nii.gz,holdout,354,0
6,0.018219108581542968,50.0,1.0,0.779296875,0.6666666666666666,20251028055-1.nii.gz,holdout,356,0
6,0.018219108581542968,5.879465845594865,0.8333333333333334,1.1020922097399706,0.5,20251028055-1.nii.gz,holdout,360,0
6,0.018219108581542968,50.0,1.0,0.0,0.16666666666666666,20251028055-1.nii.gz,holdout,361,0
260,0.7894947052001953,10.098944971807908,0.3076923076923077,0.779296875,0.041908446163765316,20251028055-1.nii.gz,holdout,363,0
184,0.5587193298339844,2.02529126266455,0.0,51.81005691640055,0.4107142857142857,20251028055-1.nii.gz,holdout,365,0
6,0.018219108581542968,50.0,1.0,0.0,0.25,20251028055-1.nii.gz,holdout,369,0
428,1.2996297454833985,3.1868810106702266,0.0,45.98511936156906,0.3566666666666667,20251028055-1.nii.gz,holdout,371,0
714,2.168073921203613,1.6071693892265477,0.0,36.759360075103366,0.24834782608695652,20251028055-1.nii.gz,holdout,373,0
153,0.4645872688293457,2.821007509097027,0.0,39.744140625,0.2647058823529412,20251028055-1.nii.gz,holdout,374,0
18,0.05465732574462891,50.0,0.0,21.497861622770916,0.9,20251028055-1.nii.gz,holdout,377,0
10,0.030365180969238282,17.631241910474877,1.0,0.779296875,0.125,20251028055-1.nii.gz,holdout,379,0
12,0.036438217163085936,50.0,0.0,42.66250048105646,0.6,20251028055-1.nii.gz,holdout,381,0
13,0.03947473526000977,50.0,0.0,23.37890625,0.52,20251028055-1.nii.gz,holdout,384,0
47,0.14271635055541992,12.385839129763397,0.7446808510638298,0.779296875,0.15064102564102563,20251028055-1.nii.gz,holdout,385,0
75,0.2277388572692871,12.045066444876198,0.64,1.55859375,0.234375,20251028055-1.nii.gz,holdout,388,0
16,0.04858428955078125,50.0,0.0,36.626953125,0.8,20251028055-1.nii.gz,holdout,389,0
16,0.04858428955078125,7.537911249755012,0.6875,1.1020922097399706,0.19047619047619047,20251028055-1.nii.gz,holdout,390,0
13,0.03947473526000977,11.72693842912903,0.9230769230769231,0.0,0.24074074074074073,20251028055-1.nii.gz,holdout,391,0
20,0.060730361938476564,14.751847334779189,0.9,0.779296875,0.23809523809523808,20251028055-1.nii.gz,holdout,392,0
32,0.0971685791015625,13.166494313042595,1.0,1.55859375,0.4,20251028055-1.nii.gz,holdout,394,0
7,0.021255626678466796,50.0,1.0,0.779296875,0.19444444444444445,20251028055-1.nii.gz,holdout,395,0
6,0.018219108581542968,50.0,1.0,0.779296875,0.12,20251028055-1.nii.gz,holdout,396,0
256,0.7773486328125,13.748412988406571,0.20703125,2.204184419479941,0.06490872210953347,20251028055-1.nii.gz,holdout,400,0
182,0.5526462936401367,21.99679698566484,0.3791208791208791,0.0,0.03365384615384615,20251028055-1.nii.gz,holdout,404,0
6,0.018219108581542968,50.0,1.0,0.0,0.25,20251028055-1.nii.gz,holdout,406,0
80,0.24292144775390626,16.46742477163566,0.5375,1.7425607871531563,0.10101010101010101,20251028055-1.nii.gz,holdout,407,0
22,0.09547496795654296,9.765293991503443,1.0,0.0,0.08148148148148149,20251028056-1.nii.gz,train,1,0
85,0.368880558013916,3.406368563803606,0.3764705882352941,2.6350776142654935,0.22135416666666666,20251028056-1.nii.gz,train,2,0
25,0.10849428176879883,7.126921077217667,0.4,1.3175388071327467,0.30864197530864196,20251028056-1.nii.gz,train,3,0
15,0.0650965690612793,50.0,1.0,0.931640625,0.8333333333333334,20251028056-1.nii.gz,train,4,0
5,0.021698856353759767,9.798530728254542,1.0,0.931640625,0.4166666666666667,20251028056-1.nii.gz,train,6,0
10,0.043397712707519534,50.0,1.0,0.931640625,0.5555555555555556,20251028056-1.nii.gz,train,7,0
7,0.030378398895263673,50.0,1.0,0.0,0.5833333333333334,20251028056-1.nii.gz,train,10,0
24,0.10415451049804687,9.490525463003932,0.20833333333333334,1.3175388071327467,0.14545454545454545,20251028056-1.nii.gz,train,11,0
29,0.12585336685180665,9.542295914738153,0.4827586206896552,1.86328125,0.10984848484848485,20251028056-1.nii.gz,train,14,0
6,0.02603862762451172,13.221731187755633,1.0,1.3175388071327467,0.3333333333333333,20251028056-1.nii.gz,train,18,0
24,0.10415451049804687,9.524228343921067,0.625,1.86328125,0.25,20251028056-1.nii.gz,train,24,0
41671,180.84260862350465,8.25729884400213,0.11775575340164623,13.84983357904478,0.029889339652956298,20251028056-1.nii.gz,train,27,0
430,1.8661016464233398,12.210650816540904,0.48604651162790696,5.416619911970191,0.10037348272642391,20251028056-1.nii.gz,train,31,0
17,0.0737761116027832,4.555085699335043,0.5294117647058824,1.3175388071327467,0.20238095238095238,20251028056-1.nii.gz,train,34,0
141,0.6119077491760254,14.612130835764654,0.7943262411347518,1.86328125,0.036265432098765434,20251028056-1.nii.gz,train,35,0
14,0.060756797790527346,50.0,1.0,1.86328125,0.7,20251028056-1.nii.gz,train,36,0
9,0.03905794143676758,50.0,1.0,1.86328125,0.75,20251028056-1.nii.gz,train,37,0
1619,7.026089687347412,36.29666505780396,0.17418159357628166,1.86328125,0.016000553447185324,20251028056-1.nii.gz,train,47,0
6,0.02603862762451172,50.0,0.0,14.190327232410485,0.3,20251028056-1.nii.gz,train,53,0
213,0.924371280670166,8.311875950416058,0.4225352112676056,2.6350776142654935,0.07607142857142857,20251028056-1.nii.gz,train,54,0
528,2.2913992309570315,4.900849939481921,0.2537878787878788,1.3175388071327467,0.13968253968253969,20251028056-1.nii.gz,train,56,0
2033,8.822754993438721,2.67818652649004,0.27102803738317754,0.931640625,0.03702287296037296,20251028056-1.nii.gz,train,58,0
23590,102.37520427703858,5.087858120233529,0.23683764306909708,3.8412527019914533,0.024983055155468947,20251028056-1.nii.gz,train,64,1
30,0.1301931381225586,9.211204918874683,0.8,0.931640625,0.08823529411764706,20251028056-1.nii.gz,train,67,0
4982,21.62074047088623,4.621665901336925,0.1595744680851064,0.0,0.08169355896628624,20251028056-1.nii.gz,train,74,0
818,3.5499328994750976,8.01260600140109,0.09046454767726161,4.750453726530778,0.08013322884012539,20251028056-1.nii.gz,train,75,1
11,0.04773748397827148,50.0,0.2727272727272727,2.6350776142654935,0.18333333333333332,20251028056-1.nii.gz,train,76,0
25,0.10849428176879883,16.96643998779036,0.8,0.931640625,0.1111111111111111,20251028056-1.nii.gz,train,77,0
9,0.03905794143676758,50.0,0.0,34.64939511254185,0.75,20251028056-1.nii.gz,train,80,0
22,0.09547496795654296,21.13654128473937,0.9090909090909091,0.0,0.05641025641025641,20251028056-1.nii.gz,train,81,0
4499,19.52463094711304,2.2288371073058473,0.0,38.86419512860629,0.20027599715099714,20251028056-1.nii.gz,train,82,0
5,0.021698856353759767,50.0,1.0,0.931640625,0.2,20251028056-1.nii.gz,train,83,0
707,3.068218288421631,5.303817401761466,0.18387553041018387,4.658203125,0.027326839826839828,20251028056-1.nii.gz,train,84,0
8,0.034718170166015624,10.319519168599866,1.0,0.0,0.2222222222222222,20251028056-1.nii.gz,train,85,0
27,0.11717382431030274,15.52115461073379,0.6296296296296297,0.931640625,0.08766233766233766,20251028056-1.nii.gz,train,86,0
5,0.021698856353759767,50.0,0.0,43.62058657644009,0.8333333333333334,20251028056-1.nii.gz,train,92,0
7,0.030378398895263673,50.0,1.0,0.931640625,0.175,20251028056-1.nii.gz,train,95,0
27,0.11717382431030274,2.906497877195502,0.0,60.929677545297466,0.1836734693877551,20251028056-1.nii.gz,train,102,0
31,0.13453290939331056,12.111461945777455,0.8387096774193549,0.0,0.058712121212121215,20251028056-1.nii.gz,train,103,1
214,0.928711051940918,9.398405125449651,0.32242990654205606,0.931640625,0.04529100529100529,20251028056-1.nii.gz,train,104,1
11,0.04773748397827148,50.0,0.0,49.158619837495365,0.6875,20251028056-1.nii.gz,train,105,0
8,0.034718170166015624,50.0,0.0,7.959940989289966,0.8888888888888888,20251028056-1.nii.gz,train,109,0
16,0.06943634033203125,50.0,0.0,56.44873705550136,0.6666666666666666,20251028056-1.nii.gz,train,114,0
130,0.5641702651977539,1.7368701093198717,0.0,63.34371007269724,0.2708333333333333,20251028056-1.nii.gz,train,115,0
181,0.7854986000061035,5.802425640690158,0.15469613259668508,3.359078043742818,0.1846938775510204,20251028056-1.nii.gz,train,119,1
1070,4.6435552597045895,4.249187354655159,0.0,20.364465623077994,0.10156620787850024,20251028056-1.nii.gz,train,121,0
17,0.0737761116027832,6.104632000330688,0.0,48.34490803648964,0.17346938775510204,20251028056-1.nii.gz,train,123,0
5,0.021698856353759767,50.0,0.0,69.25050552128565,0.8333333333333334,20251028056-1.nii.gz,train,125,0
3724,16.161308212280275,4.963712547991225,0.19871106337271752,0.931640625,0.0510081087004164,20251028056-1.nii.gz,train,126,0
3197,13.874248752593994,2.3768211249306384,0.17391304347826086,0.0,0.12000750750750751,20251028056-1.nii.gz,train,129,1
81,0.3515214729309082,7.815235586621619,0.0,25.09908594237691,0.08766233766233766,20251028056-1.nii.gz,train,130,0
5,0.021698856353759767,50.0,0.0,71.37123260977269,0.8333333333333334,20251028056-1.nii.gz,train,132,0
7,0.030378398895263673,50.0,0.0,71.56196867233328,0.5833333333333334,20251028056-1.nii.gz,train,138,0
618,2.681978645324707,1.8837158056346934,0.0,14.842159788381133,0.29041353383458646,20251028056-1.nii.gz,train,140,0
11,0.04773748397827148,50.0,1.0,2.794921875,0.7333333333333333,20251028056-1.nii.gz,train,142,0
25,0.10849428176879883,2.533785279509849,0.0,27.618130205135756,0.4166666666666667,20251028056-1.nii.gz,train,144,0
8,0.034718170166015624,50.0,0.0,6.235965688360244,0.8,20251028056-1.nii.gz,train,148,0
1546,6.709286384582519,4.52397594665875,0.0,29.28692650097123,0.07742387820512821,20251028056-1.nii.gz,train,150,0
170,0.737761116027832,5.5576133952643065,0.3058823529411765,2.08321176810039,0.13117283950617284,20251028056-1.nii.gz,train,152,1
12,0.05207725524902344,5.719359922864312,0.0,15.166010594413203,0.3,20251028056-1.nii.gz,train,154,0
11,0.04773748397827148,50.0,0.0,39.49105115514008,0.36666666666666664,20251028056-1.nii.gz,train,155,0
770,3.341623878479004,3.6408786517685514,0.0,48.590336817743584,0.1746031746031746,20251028056-1.nii.gz,train,157,0
14,0.060756797790527346,50.0,0.0,63.64689909879804,0.56,20251028056-1.nii.gz,train,161,0
22,0.09547496795654296,50.0,0.0,26.824132356717037,0.7333333333333333,20251028056-1.nii.gz,train,163,0
18,0.07811588287353516,50.0,0.0,62.65745717548124,0.75,20251028056-1.nii.gz,train,167,0
112,0.48605438232421877,9.466889536242842,0.5625,0.931640625,0.05333333333333334,20251028056-1.nii.gz,train,168,0
38,0.16491130828857423,3.858178855939406,0.8421052631578947,2.6350776142654935,0.24675324675324675,20251028056-1.nii.gz,train,169,0
38,0.16491130828857423,8.609445558103925,0.42105263157894735,1.86328125,0.38,20251028056-1.nii.gz,train,173,0
8,0.034718170166015624,50.0,1.0,0.931640625,0.25,20251028056-1.nii.gz,train,174,0
107,0.464355525970459,2.2273115811535713,0.0,27.539450698172615,0.1857638888888889,20251028056-1.nii.gz,train,176,0
6,0.02603862762451172,50.0,0.0,6.587694035663734,0.6,20251028056-1.nii.gz,train,178,0
8,0.034718170166015624,6.232555773000559,0.0,15.837890625,0.3333333333333333,20251028056-1.nii.gz,train,179,0
858,3.723523750305176,4.880793083157963,0.0,41.547446830518545,0.10650446871896722,20251028056-1.nii.gz,train,180,0
7,0.030378398895263673,50.0,0.0,46.83154374003389,0.7777777777777778,20251028056-1.nii.gz,train,181,0
25,0.10849428176879883,3.203514354953093,0.0,45.06881644202141,0.3472222222222222,20251028056-1.nii.gz,train,182,0
22,0.09547496795654296,50.0,0.0,5.58984375,0.55,20251028056-1.nii.gz,train,186,0
12,0.05207725524902344,4.036839856620025,0.75,1.3175388071327467,0.4,20251028056-1.nii.gz,train,189,0
6,0.02603862762451172,8.265630975847891,0.0,41.55789085587617,0.5,20251028056-1.nii.gz,train,190,0
9,0.03905794143676758,4.030911452683789,0.7777777777777778,1.3175388071327467,0.375,20251028056-1.nii.gz,train,192,0
12,0.05207725524902344,50.0,0.0,35.802203284291956,0.6,20251028056-1.nii.gz,train,193,0
5,0.021698856353759767,50.0,0.0,16.608394848674056,0.8333333333333334,20251028056-1.nii.gz,train,195,0
6,0.02603862762451172,15.08883592375739,1.0,0.931640625,0.25,20251028056-1.nii.gz,train,196,1
6,0.02603862762451172,5.051119007072282,0.0,42.262547768422266,0.5,20251028056-1.nii.gz,train,197,0
11,0.04773748397827148,3.257454323522801,0.8181818181818182,1.3175388071327467,0.4583333333333333,20251028056-1.nii.gz,train,198,0
10,0.043397712707519534,16.895078325259238,0.9,1.3175388071327467,0.16666666666666666,20251028056-1.nii.gz,train,206,1
8,0.034718170166015624,50.0,0.0,36.55088039856436,0.6666666666666666,20251028056-1.nii.gz,train,213,0
37,0.16057153701782226,1.4244350264938916,0.0,55.19413484152588,0.44047619047619047,20251028056-1.nii.gz,train,214,0
9,0.03905794143676758,50.0,1.0,5.0,0.75,20251028056-1.nii.gz,train,215,0
1592,6.90891586303711,8.315917056731736,0.0986180904522613,6.521484375,0.035152799858682214,20251028056-1.nii.gz,train,216,1
13,0.05641702651977539,50.0,0.0,24.84553753641955,0.5416666666666666,20251028056-1.nii.gz,train,217,0
6,0.02603862762451172,50.0,0.0,33.92250974844073,1.0,20251028056-1.nii.gz,train,218,0
111,0.4817146110534668,15.457030827022868,0.6756756756756757,0.931640625,0.05505952380952381,20251028056-1.nii.gz,train,224,1
32,0.1388726806640625,3.52928463644603,0.0,37.69650348264272,0.6666666666666666,20251028056-1.nii.gz,train,225,0
5,0.021698856353759767,50.0,0.0,40.54299796500597,0.8333333333333334,20251028056-1.nii.gz,train,227,0
10,0.043397712707519534,50.0,0.0,15.0,0.625,20251028056-1.nii.gz,train,233,0
7,0.030378398895263673,50.0,0.0,64.54739096737048,0.7777777777777778,20251028056-1.nii.gz,train,236,0
218,0.9460701370239257,7.9432451551693175,0.555045871559633,2.08321176810039,0.054568210262828536,20251028056-1.nii.gz,train,241,0
7,0.030378398895263673,50.0,0.0,39.92178943124697,0.875,20251028056-1.nii.gz,train,242,0
39,0.16925107955932617,1.7443724613627973,0.0,23.56885068594245,0.40625,20251028056-1.nii.gz,train,244,0
8,0.034718170166015624,10.49083804595947,0.875,0.931640625,0.25,20251028056-1.nii.gz,train,247,0
13,0.05641702651977539,3.269045886524286,0.5384615384615384,1.3175388071327467,0.40625,20251028056-1.nii.gz,train,249,0
15,0.0650965690612793,50.0,0.0,25.83188239504216,0.75,20251028056-1.nii.gz,train,255,0
1016,4.409207611083985,12.545271991733706,0.0,12.429636247242698,0.05916608432331703,20251028056-1.nii.gz,train,256,0
5,0.021698856353759767,50.0,0.0,10.0,0.8333333333333334,20251028056-1.nii.gz,train,259,0
110,0.47737483978271483,3.362996635254434,0.0,27.728695570003218,0.3819444444444444,20251028056-1.nii.gz,train,260,0
7,0.030378398895263673,3.524694499083759,0.8571428571428571,1.3175388071327467,0.2916666666666667,20251028056-1.nii.gz,train,265,0
36,0.15623176574707032,4.0512362875771615,0.8055555555555556,1.3175388071327467,0.15,20251028056-1.nii.gz,train,271,0
5,0.021698856353759767,50.0,0.0,10.0,0.625,20251028056-1.nii.gz,train,272,0
9,0.03905794143676758,8.555830537536286,0.0,15.0,0.21428571428571427,20251028056-1.nii.gz,train,273,0
13,0.05641702651977539,6.307001069167692,0.23076923076923078,2.794921875,0.3611111111111111,20251028056-1.nii.gz,train,274,0
78,0.33850215911865233,2.548090813538336,0.3333333333333333,3.95261642139824,0.08571428571428572,20251028056-1.nii.gz,train,276,0
74,0.3211430740356445,2.4615075120612384,0.0,17.523844686565702,0.30833333333333335,20251028056-1.nii.gz,train,277,0
5,0.021698856353759767,50.0,1.0,0.931640625,0.8333333333333334,20251028056-1.nii.gz,train,278,0
19,0.08245565414428711,15.27801096576314,0.0,7.959940989289966,0.2638888888888889,20251028056-1.nii.gz,train,280,0
5,0.021698856353759767,19.402915688652673,1.0,0.0,0.20833333333333334,20251028056-1.nii.gz,train,281,0
17,0.0737761116027832,50.0,0.0,9.3537535940834,0.5666666666666667,20251028056-1.nii.gz,train,285,0
56,0.24302719116210938,2.2657238650789036,0.0,62.9475689043607,0.3111111111111111,20251028056-1.nii.gz,train,286,0
8,0.034718170166015624,13.383870579251251,1.0,0.931640625,0.3333333333333333,20251028056-1.nii.gz,train,287,0
5,0.021698856353759767,50.0,1.0,0.931640625,0.25,20251028056-1.nii.gz,train,288,0
201,0.8722940254211425,22.612622885298645,0.43781094527363185,2.6350776142654935,0.11019736842105263,20251028056-1.nii.gz,train,293,0
18,0.07811588287353516,5.327348845737651,0.6111111111111112,2.08321176810039,0.25,20251028056-1.nii.gz,train,294,1
113,0.4903941535949707,5.178405579847006,0.336283185840708,10.0,0.32285714285714284,20251028056-1.nii.gz,train,298,0
147,0.6379463768005371,15.500558926145585,0.11564625850340136,4.750453726530778,0.0625,20251028056-1.nii.gz,train,302,0
185,0.8028576850891114,3.472774777255683,0.0,29.012841176891268,0.14682539682539683,20251028056-1.nii.gz,train,303,0
6,0.02603862762451172,50.0,1.0,0.931640625,1.0,20251028056-1.nii.gz,train,307,0
22,0.09547496795654296,7.127493315850444,0.5909090909090909,10.0,0.18333333333333332,20251028056-1.nii.gz,train,310,0
8,0.034718170166015624,50.0,0.0,4.16642353620078,1.0,20251028056-1.nii.gz,train,311,0
6,0.02603862762451172,50.0,1.0,0.931640625,0.2222222222222222,20251028056-1.nii.gz,train,315,0
62,0.2690658187866211,4.865182992909158,0.0,71.42245445108207,0.17613636363636365,20251028056-1.nii.gz,train,316,0
6,0.02603862762451172,50.0,0.0,37.099929564787026,0.6666666666666666,20251028056-1.nii.gz,train,322,0
33,0.14321245193481447,4.019664387350021,0.0,9.903475688817242,0.275,20251028056-1.nii.gz,train,327,0
7,0.030378398895263673,50.0,1.0,0.931640625,0.35,20251028056-1.nii.gz,train,329,0
1144,4.964698333740234,7.539490972716276,0.36625874125874125,0.931640625,0.08666666666666667,20251028056-1.nii.gz,train,330,1
5,0.021698856353759767,8.515782714338489,0.0,65.08303942677087,0.2777777777777778,20251028056-1.nii.gz,train,332,0
410,1.7793062210083008,2.959915595583277,0.0,13.10283438617065,0.2847222222222222,20251028056-1.nii.gz,train,333,0
95,0.4122782707214355,50.0,1.0,5.0,0.28273809523809523,20251028056-1.nii.gz,train,334,0
61,0.26472604751586915,50.0,0.0,81.94323619605508,0.6777777777777778,20251028056-1.nii.gz,train,337,0
41,0.17793062210083008,6.816905695260029,0.0975609756097561,2.9461063357428063,0.2847222222222222,20251028056-1.nii.gz,train,338,0
57,0.24736696243286133,50.0,1.0,4.750453726530778,0.7125,20251028056-1.nii.gz,train,341,1
8,0.034718170166015624,50.0,0.0,17.178604320815264,0.8,20251028056-1.nii.gz,train,342,0
5,0.021698856353759767,50.0,0.0,47.32343221365831,0.8333333333333334,20251028056-1.nii.gz,train,344,0
16,0.06943634033203125,50.0,1.0,5.0,0.8888888888888888,20251028056-1.nii.gz,train,345,0
759,3.2938863945007326,3.090079730887949,0.383399209486166,0.931640625,0.11294642857142857,20251028056-1.nii.gz,train,346,0
7,0.030378398895263673,50.0,1.0,1.86328125,0.875,20251028056-1.nii.gz,train,347,0
6,0.02603862762451172,5.363196591257177,1.0,0.931640625,0.375,20251028056-1.nii.gz,train,348,1
46,0.19962947845458984,2.9438138760024533,0.2608695652173913,9.400035135731063,0.32857142857142857,20251028056-1.nii.gz,train,350,0
21,0.09113519668579101,50.0,0.0,72.2379833378871,0.5833333333333334,20251028056-1.nii.gz,train,351,0
50,0.21698856353759766,2.2861131963365238,0.4,1.86328125,0.15873015873015872,20251028056-1.nii.gz,train,352,0
14,0.060756797790527346,15.304190440681216,0.8571428571428571,1.86328125,0.21875,20251028056-1.nii.gz,train,353,1
5,0.021698856353759767,50.0,1.0,0.931640625,0.2777777777777778,20251028056-1.nii.gz,train,355,0
10,0.043397712707519534,5.248678999419165,0.0,26.62607654669587,0.4166666666666667,20251028056-1.nii.gz,train,356,0
7,0.030378398895263673,50.0,1.0,0.931640625,1.0,20251028056-1.nii.gz,train,358,0
6,0.02603862762451172,50.0,0.6666666666666666,0.931640625,0.5,20251028056-1.nii.gz,train,360,0
5,0.021698856353759767,50.0,1.0,0.931640625,0.5,20251028056-1.nii.gz,train,362,0
13,0.05641702651977539,2.0852139073432676,0.0,8.838319007228419,0.43333333333333335,20251028056-1.nii.gz,train,364,0
6,0.02603862762451172,50.0,0.0,37.08152352249389,0.6666666666666666,20251028056-1.nii.gz,train,365,0
8,0.034718170166015624,50.0,0.0,14.251361179592335,0.8888888888888888,20251028056-1.nii.gz,train,368,0
8,0.034718170166015624,50.0,0.0,71.13441319180768,0.8888888888888888,20251028056-1.nii.gz,train,369,0
7,0.030378398895263673,14.999384116592399,1.0,0.0,0.175,20251028056-1.nii.gz,train,372,0
36,0.15623176574707032,7.436844631090475,0.8611111111111112,1.86328125,0.32142857142857145,20251028056-1.nii.gz,train,373,0
37,0.16057153701782226,6.553402763434917,0.5945945945945946,0.931640625,0.24666666666666667,20251028056-1.nii.gz,train,374,1
18,0.07811588287353516,4.810609886620481,0.0,15.0,0.25,20251028056-1.nii.gz,train,375,0
7,0.030378398895263673,50.0,0.0,84.22067449915158,0.5833333333333334,20251028056-1.nii.gz,train,376,0
26,0.11283405303955078,8.128356480847003,0.7692307692307693,1.86328125,0.5909090909090909,20251028056-1.nii.gz,train,377,0
5,0.021698856353759767,50.0,1.0,0.931640625,0.4166666666666667,20251028056-1.nii.gz,train,380,0
22,0.09547496795654296,50.0,0.0,72.34988041190998,0.3492063492063492,20251028056-1.nii.gz,train,384,0
7,0.030378398895263673,8.379951069821239,1.0,0.931640625,0.3888888888888889,20251028056-1.nii.gz,train,387,1
34,0.1475522232055664,9.59293811800528,0.9705882352941176,0.0,0.10625,20251028056-1.nii.gz,train,388,0
7835,34.00210790634155,4.621992618807664,0.05105296745373325,10.290307041402976,0.06423816082906993,20251028056-1.nii.gz,train,391,1
15,0.0650965690612793,50.0,0.0,10.86470333531722,0.625,20251028056-1.nii.gz,train,392,0
74,0.3211430740356445,2.5950590330595973,0.0,83.34520476151151,0.37373737373737376,20251028056-1.nii.gz,train,394,0
84,0.36454078674316404,9.530545640301904,0.5952380952380952,1.86328125,0.07777777777777778,20251028056-1.nii.gz,train,395,1
49,0.21264879226684572,7.611724981300029,0.5714285714285714,1.3175388071327467,0.2552083333333333,20251028056-1.nii.gz,train,398,1
234,1.015506477355957,7.690922437629524,0.47435897435897434,0.931640625,0.15,20251028056-1.nii.gz,train,399,0
16,0.06943634033203125,50.0,1.0,0.931640625,0.4,20251028056-1.nii.gz,train,400,0
17,0.0737761116027832,10.615074558746938,0.0,10.424948083396094,0.40476190476190477,20251028056-1.nii.gz,train,402,0
64,0.277745361328125,7.48009573910454,0.65625,0.931640625,0.07485380116959064,20251028056-1.nii.gz,train,404,1
18,0.07811588287353516,7.520977979826886,0.7777777777777778,0.931640625,0.3333333333333333,20251028056-1.nii.gz,train,405,0
1184,5.138289184570312,1.9444374889637293,0.0,54.10108137336834,0.214960058097313,20251028056-1.nii.gz,train,406,0
76,0.32982261657714845,3.1005537264499927,0.14473684210526316,5.335898894900611,0.18627450980392157,20251028056-1.nii.gz,train,407,0
5,0.021698856353759767,50.0,0.0,82.42894614309928,0.8333333333333334,20251028056-1.nii.gz,train,409,0
24,0.10415451049804687,3.0896700022648007,0.0,45.0,0.34285714285714286,20251028056-1.nii.gz,train,410,0
37,0.16057153701782226,4.441227377441836,0.4594594594594595,2.6350776142654935,0.13214285714285715,20251028056-1.nii.gz,train,412,0
38,0.16491130828857423,2.4814562268376266,0.0,18.604920694150902,0.2261904761904762,20251028056-1.nii.gz,train,413,0
19,0.08245565414428711,5.062610649286822,0.0,6.587694035663734,0.3392857142857143,20251028056-1.nii.gz,train,417,0
42,0.18227039337158202,15.792421480295813,0.8571428571428571,0.931640625,0.3181818181818182,20251028056-1.nii.gz,train,419,0
17,0.0737761116027832,50.0,1.0,0.931640625,0.425,20251028056-1.nii.gz,train,422,0
208,0.9026724243164063,5.4349491876821165,0.0,18.108452023806073,0.3611111111111111,20251028056-1.nii.gz,train,423,0
6,0.02603862762451172,20.722655615617626,0.5,1.3175388071327467,0.125,20251028056-1.nii.gz,train,424,0
582,2.5257468795776368,3.0287167232393544,0.0,20.193261897977806,0.3464285714285714,20251028056-1.nii.gz,train,432,0
8,0.034718170166015624,16.06831937064008,0.0,4.658203125,0.2222222222222222,20251028056-1.nii.gz,train,435,0
6,0.02603862762451172,21.86192126747491,0.6666666666666666,1.86328125,0.2,20251028056-1.nii.gz,train,439,0
9,0.03905794143676758,5.315188480825447,0.0,40.32834733667462,0.3,20251028056-1.nii.gz,train,441,0
60,0.2603862762451172,3.80387681576569,0.0,36.877006967530605,0.28846153846153844,20251028056-1.nii.gz,train,442,0
11,0.04773748397827148,8.565488982437751,0.0,4.16642353620078,0.4583333333333333,20251028056-1.nii.gz,train,445,0
8,0.034718170166015624,15.44400812551232,1.0,0.931640625,0.17777777777777778,20251028056-1.nii.gz,train,446,0
17,0.0737761116027832,6.585640891253094,0.7647058823529411,1.3175388071327467,0.3148148148148148,20251028056-1.nii.gz,train,447,0
450,1.952897071838379,3.8970797917946736,0.31777777777777777,4.658203125,0.16741071428571427,20251028056-1.nii.gz,train,449,0
12,0.05207725524902344,50.0,1.0,0.931640625,1.0,20251028056-1.nii.gz,train,450,0
13,0.05641702651977539,12.14540564550572,1.0,0.931640625,0.325,20251028056-1.nii.gz,train,453,0
11,0.04773748397827148,50.0,0.0,13.135913489573781,0.6875,20251028056-1.nii.gz,train,457,0
30,0.1301931381225586,2.890845085962799,1.0,2.08321176810039,0.3409090909090909,20251028056-1.nii.gz,train,458,1
6,0.02603862762451172,50.0,0.0,19.27911483837928,0.6666666666666666,20251028056-1.nii.gz,train,459,0
8,0.034718170166015624,50.0,0.0,26.429765440137814,0.4,20251028056-1.nii.gz,train,461,0
6,0.02603862762451172,50.0,0.0,37.74930743662167,1.0,20251028056-1.nii.gz,train,463,0
34,0.1475522232055664,4.362444253976633,0.6176470588235294,0.0,0.10493827160493827,20251028056-1.nii.gz,train,464,0
397,1.7228891944885254,15.159722006881848,0.6020151133501259,0.931640625,0.04765906362545018,20251028056-1.nii.gz,train,465,1
170,0.737761116027832,2.2272622486444833,0.3176470588235294,0.931640625,0.10493827160493827,20251028056-1.nii.gz,train,467,0
18,0.07811588287353516,7.097418585496225,0.0,32.2568826354308,0.25,20251028056-1.nii.gz,train,472,0
22,0.09547496795654296,22.56515737906959,1.0,0.931640625,0.275,20251028056-1.nii.gz,train,475,0
120,0.5207725524902344,6.956808778032056,0.39166666666666666,0.0,0.10416666666666667,20251028056-1.nii.gz,train,477,0
10,0.043397712707519534,4.894307895061022,0.6,0.931640625,0.3125,20251028056-1.nii.gz,train,478,0
15,0.0650965690612793,50.0,0.0,15.5115630795985,0.7142857142857143,20251028056-1.nii.gz,train,479,0
19,0.08245565414428711,7.744986329304118,0.7894736842105263,1.86328125,0.5277777777777778,20251028056-1.nii.gz,train,480,0
45,0.1952897071838379,5.099740500751224,0.6222222222222222,0.0,0.16071428571428573,20251028056-1.nii.gz,train,481,0
1107,4.804126796722412,3.3763323170798323,0.0,28.338012383754375,0.08723404255319149,20251028056-1.nii.gz,train,482,0
111,0.4817146110534668,2.79970061781256,0.46846846846846846,0.931640625,0.148,20251028056-1.nii.gz,train,483,0
9,0.03905794143676758,12.008559829663113,0.0,2.08321176810039,0.1875,20251028056-1.nii.gz,train,490,0
59,0.2560465049743652,6.19447601049225,0.0,7.276345889467723,0.12291666666666666,20251028056-1.nii.gz,train,492,0
5104,22.15019256591797,3.1357037471249534,0.2711598746081505,0.0,0.036825396825396824,20251028056-1.nii.gz,train,495,0
5,0.021698856353759767,50.0,0.8,1.86328125,0.4166666666666667,20251028056-1.nii.gz,train,496,0
15,0.0650965690612793,50.0,0.0,2.9461063357428063,0.625,20251028056-1.nii.gz,train,497,0
20,0.08679542541503907,7.480106375717736,0.8,1.86328125,0.5555555555555556,20251028056-1.nii.gz,train,502,0
12,0.05207725524902344,13.174672607971262,0.75,0.931640625,0.2,20251028056-1.nii.gz,train,504,0
6,0.02603862762451172,50.0,0.8333333333333334,0.931640625,0.4,20251028056-1.nii.gz,train,506,0
9,0.03905794143676758,50.0,0.6666666666666666,0.931640625,0.5,20251028056-1.nii.gz,train,508,0
22,0.09547496795654296,50.0,0.0,11.1796875,0.6285714285714286,20251028056-1.nii.gz,train,511,0
13,0.05641702651977539,50.0,0.0,14.58248237670273,0.43333333333333335,20251028056-1.nii.gz,train,512,0
5,0.021698856353759767,8.342317534915244,0.0,13.84983357904478,0.625,20251028056-1.nii.gz,train,513,0
7,0.030378398895263673,6.951583050074702,0.8571428571428571,0.931640625,0.23333333333333334,20251028056-1.nii.gz,train,514,0
213,0.924371280670166,2.952601870532429,0.29107981220657275,5.416619911970191,0.14489795918367346,20251028056-1.nii.gz,train,515,0
6,0.02603862762451172,50.0,0.0,8.384765625,0.75,20251028056-1.nii.gz,train,516,0
363,1.575336971282959,4.261867489590721,0.29476584022038566,2.794921875,0.18857142857142858,20251028056-1.nii.gz,train,518,0
219,0.9504099082946778,4.56046603972567,0.0,21.825127998667114,0.17775974025974026,20251028056-1.nii.gz,train,520,0
5,0.021698856353759767,50.0,0.0,9.222771649929227,0.8333333333333334,20251028056-1.nii.gz,train,522,0
24,0.10415451049804687,3.6823219159153133,0.20833333333333334,2.6350776142654935,0.3333333333333333,20251028056-1.nii.gz,train,524,0
36,0.15623176574707032,2.9148783883609366,0.0,11.1796875,0.375,20251028056-1.nii.gz,train,528,0
51,0.2213283348083496,16.464862613439287,0.7647058823529411,0.0,0.2463768115942029,20251028056-1.nii.gz,train,529,0
16,0.06943634033203125,50.0,0.0,48.99059882771934,0.8,20251028056-1.nii.gz,train,532,0
19,0.08245565414428711,3.754222741071429,0.0,9.500907453061556,0.2111111111111111,20251028056-1.nii.gz,train,533,0
21,0.09113519668579101,50.0,0.0,10.248046875,0.75,20251028056-1.nii.gz,train,535,0
16,0.06943634033203125,14.488662111953975,0.9375,1.3175388071327467,0.2962962962962963,20251028056-1.nii.gz,train,536,0
5,0.021698856353759767,9.014724177986306,0.0,22.023073234671564,0.3125,20251028056-1.nii.gz,train,538,0
13,0.05641702651977539,50.0,0.0,21.508594037318158,0.3611111111111111,20251028056-1.nii.gz,train,541,0
11,0.04773748397827148,8.246032899429169,0.8181818181818182,0.931640625,0.22916666666666666,20251028056-1.nii.gz,train,543,0
9,0.03905794143676758,5.096338175314097,0.0,20.07276848614775,0.3,20251028056-1.nii.gz,train,544,0
23,0.09981473922729492,35.610468648757745,1.0,0.931640625,0.06764705882352941,20251028056-1.nii.gz,train,545,0
19,0.08245565414428711,8.574421346692768,0.0,14.439331070683254,0.1130952380952381,20251028056-1.nii.gz,train,547,0
5,0.021698856353759767,50.0,0.0,25.254221497210636,0.8333333333333334,20251028056-1.nii.gz,train,550,0
251,1.0892825889587403,7.119694818702204,0.49800796812749004,0.0,0.05323435843054083,20251028056-1.nii.gz,train,551,1
10,0.043397712707519534,50.0,1.0,1.3175388071327467,0.5,20251028056-1.nii.gz,train,554,0
21,0.09113519668579101,10.578503187093359,0.7619047619047619,0.0,0.1590909090909091,20251028056-1.nii.gz,train,555,0
22,0.09547496795654296,9.515390910476688,0.8636363636363636,1.86328125,0.4583333333333333,20251028056-1.nii.gz,train,556,0
9,0.03905794143676758,50.0,0.0,30.969169359803335,0.6,20251028056-1.nii.gz,train,557,0
8,0.034718170166015624,50.0,0.5,1.3175388071327467,0.6666666666666666,20251028056-1.nii.gz,train,563,0
14,0.060756797790527346,50.0,0.0,11.938582765695815,0.7,20251028056-1.nii.gz,train,564,0
39,0.16925107955932617,11.197356722145797,0.8205128205128205,0.931640625,0.09285714285714286,20251028056-1.nii.gz,train,567,0
93,0.40359872817993164,3.569158103363492,0.010752688172043012,6.521484375,0.12774725274725274,20251028056-1.nii.gz,train,568,0
17,0.0737761116027832,3.6695233168805554,0.0,13.571719222434124,0.20238095238095238,20251028056-1.nii.gz,train,569,0
52,0.22566810607910157,11.19698274566846,0.6730769230769231,1.3175388071327467,0.04110671936758893,20251028056-1.nii.gz,train,573,1
5,0.021698856353759767,50.0,0.0,32.40716969317087,1.0,20251028056-1.nii.gz,train,575,0
58,0.2517067337036133,14.502744361741566,0.8448275862068966,0.931640625,0.043154761904761904,20251028056-1.nii.gz,train,580,0
414,1.7966653060913087,1.9104800047535209,0.0,13.974609375,0.44805194805194803,20251028056-1.nii.gz,train,583,0
670,2.9076467514038087,1.98168539790285,0.0,10.816799477661652,0.12660619803476947,20251028056-1.nii.gz,train,584,0
121,0.5251123237609864,2.392187591958866,0.0,53.03166077184431,0.33611111111111114,20251028056-1.nii.gz,train,585,0
9,0.03905794143676758,5.035798066803594,0.8888888888888888,0.0,0.3,20251028056-1.nii.gz,train,586,0
27,0.11717382431030274,21.714114115776887,0.9259259259259259,1.86328125,0.15,20251028056-1.nii.gz,train,587,0
7,0.030378398895263673,50.0,0.0,10.0,0.875,20251028056-1.nii.gz,train,588,0
13,0.05641702651977539,20.13495551186518,0.9230769230769231,0.931640625,0.13,20251028056-1.nii.gz,train,591,0
12,0.05207725524902344,4.5912935833722885,0.8333333333333334,1.3175388071327467,0.2,20251028056-1.nii.gz,train,592,0
9,0.03905794143676758,50.0,0.0,43.95333316562475,1.0,20251028056-1.nii.gz,train,593,0
11,0.04773748397827148,4.010158349854121,0.7272727272727273,1.3175388071327467,0.4583333333333333,20251028056-1.nii.gz,train,594,0
38,0.16491130828857423,4.063930061633521,0.9736842105263158,0.931640625,0.17592592592592593,20251028056-1.nii.gz,train,596,0
14,0.060756797790527346,50.0,1.0,0.0,0.5,20251028056-1.nii.gz,train,597,0
50,0.21698856353759766,2.3807552511687002,0.0,34.5311232344428,0.30303030303030304,20251028056-1.nii.gz,train,598,0
579,2.5127275657653807,1.9754809503320805,0.0,51.072377999214304,0.30473684210526314,20251028056-1.nii.gz,train,599,0
41,0.17793062210083008,3.1015374245845395,1.0,2.6350776142654935,0.2847222222222222,20251028056-1.nii.gz,train,600,0
20,0.08679542541503907,1.8631702693253671,0.0,9.806745068590905,0.2857142857142857,20251028056-1.nii.gz,train,601,0
6,0.02603862762451172,50.0,0.0,34.11386787576736,0.75,20251028056-1.nii.gz,train,602,0
5,0.021698856353759767,8.842946558328816,0.0,1.3175388071327467,0.2777777777777778,20251028056-1.nii.gz,train,603,0
155,0.6726645469665528,5.418141848977067,0.5483870967741935,2.6350776142654935,0.09567901234567901,20251028056-1.nii.gz,train,609,0
14,0.060756797790527346,50.0,0.0,60.3571807280782,0.5,20251028056-1.nii.gz,train,613,0
5,0.021698856353759767,50.0,0.0,8.003620520537414,0.8333333333333334,20251028056-1.nii.gz,train,614,0
32,0.1388726806640625,10.01010327980245,0.6875,0.0,0.13333333333333333,20251028056-1.nii.gz,train,618,0
36,0.15623176574707032,19.237089761251728,0.9166666666666666,0.931640625,0.02666666666666667,20251028056-1.nii.gz,train,621,1
33,0.14321245193481447,6.310388018254748,0.8787878787878788,0.931640625,0.132,20251028056-1.nii.gz,train,627,0
5,0.021698856353759767,50.0,1.0,0.931640625,0.2777777777777778,20251028056-1.nii.gz,train,630,0
554,2.404233283996582,1.8879703195396795,0.0,19.206263509957267,0.22892561983471074,20251028056-1.nii.gz,train,632,0
28,0.12151359558105469,9.217445306305107,0.6071428571428571,1.3175388071327467,0.05982905982905983,20251028056-1.nii.gz,train,634,0
10,0.043397712707519534,50.0,0.0,20.66927076156044,0.5555555555555556,20251028056-1.nii.gz,train,636,0
10,0.043397712707519534,50.0,0.0,18.841265614270974,0.8333333333333334,20251028056-1.nii.gz,train,640,0
19,0.08245565414428711,50.0,0.0,52.84015447023671,0.6785714285714286,20251028056-1.nii.gz,train,641,0
46,0.19962947845458984,6.098594504861916,0.3695652173913043,2.08321176810039,0.32857142857142857,20251028056-1.nii.gz,train,646,1
258,1.1196609878540038,2.1573585366903356,0.0,36.72370130555124,0.11197916666666667,20251028056-1.nii.gz,train,647,0
6,0.02603862762451172,50.0,0.0,32.66061509449616,1.0,20251028056-1.nii.gz,train,650,0
24,0.10415451049804687,4.946980839720826,0.5833333333333334,0.0,0.17777777777777778,20251028056-1.nii.gz,train,651,0
9,0.03905794143676758,50.0,0.1111111111111111,0.931640625,0.28125,20251028056-1.nii.gz,train,657,0
1286,5.580945854187012,2.479479056763644,0.0,38.34245470963486,0.24356060606060606,20251028056-1.nii.gz,train,659,0
14,0.060756797790527346,6.611151884294388,0.7142857142857143,1.3175388071327467,0.21875,20251028056-1.nii.gz,train,666,1
8,0.034718170166015624,14.974074039005968,1.0,0.931640625,0.08888888888888889,20251028056-1.nii.gz,train,667,0
6,0.02603862762451172,50.0,0.0,38.749978834577135,1.0,20251028056-1.nii.gz,train,668,0
9,0.03905794143676758,5.945559976197213,0.0,29.546426286522905,0.3,20251028056-1.nii.gz,train,675,0
15,0.0650965690612793,50.0,0.0,28.53016678925493,0.5,20251028056-1.nii.gz,train,676,0
17,0.0737761116027832,11.543934622561478,0.8235294117647058,0.931640625,0.12142857142857143,20251028056-1.nii.gz,train,678,0
155,0.6726645469665528,11.197481022005842,0.6645161290322581,1.3175388071327467,0.032372598162071844,20251028056-1.nii.gz,train,679,0
42,0.18227039337158202,31.709477861488253,0.7380952380952381,0.931640625,0.08974358974358974,20251028056-1.nii.gz,train,683,0
12,0.05207725524902344,8.014840641246348,1.0,0.931640625,0.10714285714285714,20251028056-1.nii.gz,train,688,0
52,0.22566810607910157,9.491582929035843,0.9615384615384616,0.0,0.10317460317460317,20251028056-1.nii.gz,train,690,0
14,0.060756797790527346,4.528573367150061,0.7142857142857143,0.931640625,0.16666666666666666,20251028056-1.nii.gz,train,691,0
7,0.030378398895263673,50.0,1.0,0.931640625,1.0,20251028056-1.nii.gz,train,694,0
3687,7.7513864135742185,13.512876555840256,0.12205044751830757,7.393325022127223,0.0064345549738219895,20251028058-1.nii.gz,train,2,0
20,0.042047119140625,9.103944620731843,0.9,0.0,0.07407407407407407,20251028058-1.nii.gz,train,4,0
5,0.01051177978515625,50.0,1.0,0.6484375,0.2777777777777778,20251028058-1.nii.gz,train,5,0
8,0.01681884765625,50.0,1.0,0.6484375,0.16666666666666666,20251028058-1.nii.gz,train,7,0
42,0.0882989501953125,20.767536436074607,0.47619047619047616,1.44995032916002,0.09375,20251028058-1.nii.gz,train,9,0
6,0.0126141357421875,50.0,1.0,0.6484375,0.5,20251028058-1.nii.gz,train,11,0
7,0.01471649169921875,50.0,1.0,0.6484375,0.35,20251028058-1.nii.gz,train,13,0
25,0.05255889892578125,17.27036455591954,0.88,0.6484375,0.1736111111111111,20251028058-1.nii.gz,train,17,0
25,0.05255889892578125,5.531812739705406,0.68,0.6484375,0.1388888888888889,20251028058-1.nii.gz,train,20,0
5,0.01051177978515625,17.043713650311457,0.2,1.296875,0.3125,20251028058-1.nii.gz,train,22,0
39,0.08199188232421875,14.853972488348832,0.7948717948717948,0.9170291068513038,0.057777777777777775,20251028058-1.nii.gz,train,25,0
13035,27.404209899902344,13.121444029925986,0.19992328346758725,8.304051745420725,0.007561782109293422,20251028058-1.nii.gz,train,26,0
1396,2.934888916015625,6.164640500988012,0.29011461318051573,0.0,0.018885281385281387,20251028058-1.nii.gz,train,27,0
10,0.0210235595703125,50.0,1.0,0.9170291068513038,0.05555555555555555,20251028058-1.nii.gz,train,36,0
43,0.09040130615234375,9.115781403708523,0.627906976744186,1.296875,0.04437564499484004,20251028058-1.nii.gz,train,37,0
5,0.01051177978515625,50.0,1.0,0.6484375,0.25,20251028058-1.nii.gz,train,38,0
5,0.01051177978515625,50.0,1.0,0.6484375,0.2777777777777778,20251028058-1.nii.gz,train,45,0
552,1.16050048828125,2.619738336588363,0.5942028985507246,1.44995032916002,0.13275613275613277,20251028058-1.nii.gz,train,48,0
6,0.0126141357421875,50.0,1.0,0.9170291068513038,0.16666666666666666,20251028058-1.nii.gz,train,49,0
758,1.5935858154296876,2.9618748252504683,0.5844327176781002,0.0,0.08377541998231654,20251028058-1.nii.gz,train,51,0
132,0.277510986328125,19.737879342384858,0.6666666666666666,0.9170291068513038,0.013836477987421384,20251028058-1.nii.gz,train,52,0
126,0.2648968505859375,6.4202725025090315,0.3968253968253968,0.6484375,0.12173913043478261,20251028058-1.nii.gz,train,53,0
42,0.0882989501953125,2.819254947806961,0.6428571428571429,1.296875,0.3181818181818182,20251028058-1.nii.gz,train,55,0
15,0.03153533935546875,6.767078811820725,0.0,28.43867614326043,0.49999999999999994,20251028058-1.nii.gz,train,57,0
21,0.04414947509765625,6.259525535469738,0.6666666666666666,0.9170291068513038,0.28,20251028058-1.nii.gz,train,59,0
24,0.05045654296875,2.556116205279974,0.0,25.578373166175464,0.4,20251028058-1.nii.gz,train,61,0
12,0.025228271484375,50.0,0.0,19.72145664120126,0.6,20251028058-1.nii.gz,train,63,0
7,0.01471649169921875,18.4356067453911,1.0,0.6484375,0.2916666666666667,20251028058-1.nii.gz,train,64,0
14,0.0294329833984375,50.0,0.0,33.42100662879608,0.5833333333333334,20251028058-1.nii.gz,train,68,0
315,0.6622421264648437,6.336565407033026,0.5746031746031746,1.44995032916002,0.17676767676767677,20251028058-1.nii.gz,train,69,0
10,0.0210235595703125,50.0,0.0,24.759785884985202,0.8333333333333334,20251028058-1.nii.gz,train,74,0
93,0.19551910400390626,22.65064990463055,0.7419354838709677,0.6484375,0.025271739130434782,20251028058-1.nii.gz,train,76,0
110,0.2312591552734375,4.324454357592298,0.0,22.471891350727606,0.3216374269005848,20251028058-1.nii.gz,train,78,0
12,0.025228271484375,50.0,0.0,26.644841354393186,0.75,20251028058-1.nii.gz,train,79,0
36,0.075684814453125,3.345373985830266,0.0,17.80548450113932,0.32727272727272727,20251028058-1.nii.gz,train,82,0
79553,167.24872344970703,4.321051726296573,0.0,27.689550044026085,0.12061324709546054,20251028058-1.nii.gz,train,83,1
13,0.02733062744140625,50.0,0.0,19.453125,0.8125,20251028058-1.nii.gz,train,86,0
6,0.0126141357421875,50.0,0.0,15.124031477254999,1.0,20251028058-1.nii.gz,train,88,0
10,0.0210235595703125,50.0,0.0,29.993000485529954,0.625,20251028058-1.nii.gz,train,91,0
7,0.01471649169921875,50.0,0.0,41.92566969990052,0.7777777777777778,20251028058-1.nii.gz,train,94,0
299,0.6286044311523438,6.130118247695332,0.5451505016722408,1.8340582137026076,0.12728820774797786,20251028058-1.nii.gz,train,96,0
6,0.0126141357421875,50.0,0.0,19.848967387439988,0.75,20251028058-1.nii.gz,train,99,0
7,0.01471649169921875,5.05047225644279,0.8571428571428571,0.9170291068513038,0.3888888888888889,20251028058-1.nii.gz,train,101,0
7,0.01471649169921875,21.021988199740807,1.0,0.6484375,0.2916666666666667,20251028058-1.nii.gz,train,103,0
29,0.06096832275390625,4.397675927296961,0.0,27.973145822503255,0.4027777777777778,20251028058-1.nii.gz,train,111,0
9,0.01892120361328125,50.0,0.0,48.2703125252889,0.75,20251028058-1.nii.gz,train,115,0
7,0.01471649169921875,50.0,0.0,25.67681499183651,0.7777777777777778,20251028058-1.nii.gz,train,121,0
12,0.025228271484375,50.0,0.0,28.487004044196407,0.6666666666666666,20251028058-1.nii.gz,train,122,0
12,0.025228271484375,6.951075494880907,0.0,33.46842174208772,0.3333333333333333,20251028058-1.nii.gz,train,123,0
9,0.01892120361328125,4.889354534055599,0.8888888888888888,0.9170291068513038,0.375,20251028058-1.nii.gz,train,124,0
353,0.7421316528320312,17.92917881099425,0.56657223796034,0.6484375,0.06032125768967874,20251028058-1.nii.gz,train,125,0
77,0.16188140869140624,9.84920682857167,0.42857142857142855,1.296875,0.175,20251028058-1.nii.gz,train,127,0
5,0.01051177978515625,50.0,0.0,40.699241057497005,0.8333333333333334,20251028058-1.nii.gz,train,137,0
2633,5.535503234863281,1.738202398915438,0.0,62.618575994430856,0.2821776872789626,20251028058-1.nii.gz,train,138,0
1054,2.2158831787109374,1.8638656478020224,0.0,30.658527565752404,0.4436026936026936,20251028058-1.nii.gz,train,142,0
16,0.0336376953125,50.0,0.0,29.031301508632993,0.64,20251028058-1.nii.gz,train,143,0
9,0.01892120361328125,50.0,0.0,36.248758229000494,0.75,20251028058-1.nii.gz,train,144,0
8,0.01681884765625,50.0,0.0,55.7409529251861,0.6666666666666666,20251028058-1.nii.gz,train,146,0
13,0.02733062744140625,50.0,1.0,1.44995032916002,0.52,20251028058-1.nii.gz,train,149,0
10,0.0210235595703125,50.0,0.0,53.73821863979234,0.5,20251028058-1.nii.gz,train,151,0
10,0.0210235595703125,50.0,0.0,51.27578726712327,0.625,20251028058-1.nii.gz,train,153,0
141,0.29643218994140624,6.689442059397385,0.6312056737588653,0.6484375,0.07298136645962733,20251028058-1.nii.gz,train,155,0
10,0.0210235595703125,50.0,0.0,46.91211161118536,0.8333333333333334,20251028058-1.nii.gz,train,159,0
102,0.2144403076171875,5.274773505161607,0.0,53.01529631216265,0.19615384615384615,20251028058-1.nii.gz,train,160,0
17,0.03574005126953125,16.291153108678095,1.0,0.6484375,0.38636363636363635,20251028058-1.nii.gz,train,168,0
610,1.2824371337890625,7.670769294386457,0.0,10.252697101327167,0.10166666666666667,20251028058-1.nii.gz,train,169,0
20,0.042047119140625,5.356562651165317,0.0,62.66891675656606,0.25,20251028058-1.nii.gz,train,171,0
15,0.03153533935546875,7.396772674751015,0.7333333333333333,0.9170291068513038,0.46874999999999994,20251028058-1.nii.gz,train,173,0
86,0.1808026123046875,3.5354837006212043,0.0,64.79834347715081,0.3233082706766917,20251028058-1.nii.gz,train,174,0
6,0.0126141357421875,50.0,0.0,58.87747193672769,0.75,20251028058-1.nii.gz,train,175,0
8,0.01681884765625,7.89595391016304,0.0,57.83102849202418,0.5,20251028058-1.nii.gz,train,176,0
15,0.03153533935546875,50.0,0.0,63.26988179137473,0.6,20251028058-1.nii.gz,train,179,0
10,0.0210235595703125,50.0,0.0,59.011375235852306,0.8333333333333334,20251028058-1.nii.gz,train,180,0
34,0.0714801025390625,5.966245738602178,0.0,42.60711599026403,0.18888888888888888,20251028058-1.nii.gz,train,182,0
34,0.0714801025390625,7.057322674825471,0.7647058823529411,0.9170291068513038,0.20238095238095238,20251028058-1.nii.gz,train,185,0
2829,5.947565002441406,10.441960769250501,0.0,19.344750201322388,0.12757034632034633,20251028058-1.nii.gz,train,188,1
34,0.0714801025390625,2.1743004801723975,0.0,63.698877518134594,0.3541666666666667,20251028058-1.nii.gz,train,189,0
303,0.6370138549804687,3.904294304989765,0.5181518151815182,0.0,0.14511494252873564,20251028058-1.nii.gz,train,191,0
11,0.02312591552734375,50.0,0.0,1.9453125,0.4074074074074074,20251028058-1.nii.gz,train,192,0
18,0.0378424072265625,3.6632142171859865,0.7222222222222222,1.44995032916002,0.36,20251028058-1.nii.gz,train,196,0
112,0.2354638671875,3.1270468639374642,0.5625,1.296875,0.23931623931623933,20251028058-1.nii.gz,train,200,0
34,0.0714801025390625,17.325659044395245,1.0,0.0,0.10625,20251028058-1.nii.gz,train,203,0
9,0.01892120361328125,50.0,0.0,35.072359980051424,0.75,20251028058-1.nii.gz,train,205,0
7,0.01471649169921875,50.0,0.0,30.992715287288178,0.7777777777777778,20251028058-1.nii.gz,train,207,0
450,0.9460601806640625,1.5607124965777874,0.0,29.426898966974075,0.34829721362229105,20251028058-1.nii.gz,train,210,0
8,0.01681884765625,50.0,0.0,72.68419531462914,0.6666666666666666,20251028058-1.nii.gz,train,212,0
14,0.0294329833984375,6.748045313889889,0.0,45.85145534256519,0.28,20251028058-1.nii.gz,train,216,0
310,0.6517303466796875,3.0034223898414254,0.0,9.812639952226478,0.543859649122807,20251028058-1.nii.gz,train,220,0
5,0.01051177978515625,50.0,0.0,73.94308014657288,0.8333333333333334,20251028058-1.nii.gz,train,221,0
18,0.0378424072265625,5.898758920710618,0.7777777777777778,0.9170291068513038,0.24,20251028058-1.nii.gz,train,224,0
5,0.01051177978515625,50.0,0.0,47.32019963974489,0.625,20251028058-1.nii.gz,train,225,0
89,0.18710968017578125,50.0,0.0,51.777643017100054,0.6742424242424242,20251028058-1.nii.gz,train,226,0
16,0.0336376953125,50.0,0.0,75.39590331263447,0.8888888888888888,20251028058-1.nii.gz,train,227,0
72,0.15136962890625,4.391858815815843,0.5555555555555556,0.9170291068513038,0.3333333333333333,20251028058-1.nii.gz,train,230,0
14,0.0294329833984375,3.7136217858669824,0.8571428571428571,0.6484375,0.35,20251028058-1.nii.gz,train,233,0
10,0.0210235595703125,50.0,1.0,0.6484375,0.2777777777777778,20251028058-1.nii.gz,train,237,0
24,0.05045654296875,5.115387107291637,0.8333333333333334,1.296875,0.4,20251028058-1.nii.gz,train,239,0
2630,5.529196166992188,3.890321011149799,0.14372623574144486,3.49194280462628,0.0756856312411868,20251028058-1.nii.gz,train,241,0
74,0.1555743408203125,3.4427091929790032,0.527027027027027,1.44995032916002,0.2569444444444444,20251028058-1.nii.gz,train,242,0
592,1.2445947265625,6.476137939902168,0.31756756756756754,5.227870258662341,0.05296117373412059,20251028058-1.nii.gz,train,243,0
583,1.2256735229492188,8.432651201797125,0.6089193825042881,0.0,0.05314009661835749,20251028058-1.nii.gz,train,245,0
129,0.27120391845703123,2.6279089575859564,0.0,55.425287770241326,0.671875,20251028058-1.nii.gz,train,247,0
787,1.6545541381835938,3.5314413030571004,0.0,24.01370864995659,0.3415798611111111,20251028058-1.nii.gz,train,248,0
9809,20.62200958251953,8.675637371606012,0.0,18.90503934656875,0.24166050751416604,20251028058-1.nii.gz,train,250,1
1577,3.315415344238281,2.9317190893424327,0.0,79.04412459387794,0.5475694444444444,20251028058-1.nii.gz,train,252,0
16,0.0336376953125,50.0,0.0,51.4863340152708,0.6666666666666666,20251028058-1.nii.gz,train,255,0
121,0.25438507080078127,50.0,0.0,25.192920186811662,0.6050000000000001,20251028058-1.nii.gz,train,257,1
31,0.06517303466796875,50.0,1.0,3.2421875,0.6888888888888889,20251028058-1.nii.gz,train,259,0
221,0.46462066650390627,14.083594459931673,0.6923076923076923,0.6484375,0.1349206349206349,20251028058-1.nii.gz,train,260,0
10,0.0210235595703125,50.0,0.0,43.09116723700643,0.8333333333333334,20251028058-1.nii.gz,train,262,0
11,0.02312591552734375,50.0,1.0,0.6484375,0.3055555555555556,20251028058-1.nii.gz,train,265,0
95,0.19972381591796876,2.2597878712641,0.0,24.188171219691764,0.4797979797979798,20251028058-1.nii.gz,train,266,0
5,0.01051177978515625,50.0,0.0,25.276232698982753,0.8333333333333334,20251028058-1.nii.gz,train,268,0
7,0.01471649169921875,50.0,0.0,25.786763141587052,0.7777777777777778,20251028058-1.nii.gz,train,269,0
8,0.01681884765625,50.0,0.0,76.12398975622763,0.6666666666666666,20251028058-1.nii.gz,train,270,0
14,0.0294329833984375,50.0,0.0,52.69310653740677,0.7,20251028058-1.nii.gz,train,271,0
12,0.025228271484375,50.0,0.0,86.52561015895182,0.75,20251028058-1.nii.gz,train,272,0
12,0.025228271484375,50.0,0.0,25.0,0.8,20251028058-1.nii.gz,train,273,0
8,0.01681884765625,50.0,1.0,0.6484375,1.0,20251028058-1.nii.gz,train,276,0
9,0.01892120361328125,50.0,0.0,77.29596890577174,0.75,20251028058-1.nii.gz,train,277,0
5210,10.953274536132813,2.968942923847982,0.0,32.5800780664566,0.4448428961748634,20251028058-1.nii.gz,train,278,0
112,0.2354638671875,6.4725629471784565,0.7410714285714286,0.0,0.125,20251028058-1.nii.gz,train,281,0
38,0.0798895263671875,12.024894974975505,0.7631578947368421,0.6484375,0.30158730158730157,20251028058-1.nii.gz,train,285,0
9,0.01892120361328125,50.0,0.0,75.59354007308595,0.6,20251028058-1.nii.gz,train,287,0
8,0.01681884765625,50.0,1.0,0.6484375,1.0,20251028058-1.nii.gz,train,289,0
90,0.1892120361328125,2.108499438643779,0.0,66.31874979752733,0.5625,20251028058-1.nii.gz,train,291,0
253,0.5318960571289062,11.3264028409676,0.7747035573122529,0.0,0.07436801881246326,20251028058-1.nii.gz,train,292,0
10,0.0210235595703125,50.0,1.0,0.6484375,1.0,20251028058-1.nii.gz,train,293,0
10,0.0210235595703125,50.0,1.0,0.6484375,1.0,20251028058-1.nii.gz,train,296,0
14,0.0294329833984375,50.0,0.0,24.305596555644982,0.7,20251028058-1.nii.gz,train,297,0
8,0.01681884765625,50.0,1.0,0.6484375,1.0,20251028058-1.nii.gz,train,298,0
1421,2.9874478149414063,7.301312101449522,0.3054187192118227,7.33623285481043,0.044475743348982785,20251028058-1.nii.gz,train,299,0
5,0.01051177978515625,50.0,0.0,24.30090023932048,0.8333333333333334,20251028058-1.nii.gz,train,300,0
13,0.02733062744140625,50.0,0.0,28.03663418538881,0.5416666666666666,20251028058-1.nii.gz,train,301,0
5,0.01051177978515625,50.0,1.0,0.6484375,1.0,20251028058-1.nii.gz,train,302,0
23,0.04835418701171875,6.951275153516666,0.0,6.612790931690643,0.42592592592592593,20251028058-1.nii.gz,train,303,0
13,0.02733062744140625,50.0,0.0,45.94764250808502,0.8125,20251028058-1.nii.gz,train,305,0
132,0.277510986328125,1.8833020421848168,0.0,32.194121929576,0.20952380952380953,20251028058-1.nii.gz,train,307,0
58,0.1219366455078125,5.09069583742871,0.5517241379310345,1.44995032916002,0.24166666666666667,20251028058-1.nii.gz,train,310,0
19,0.03994476318359375,4.884779958791923,0.6842105263157895,1.44995032916002,0.25333333333333335,20251028058-1.nii.gz,train,312,0
886,1.8626873779296875,3.3578546200641126,0.5711060948081265,0.0,0.11429308565531476,20251028058-1.nii.gz,train,313,0
18,0.0378424072265625,50.0,0.0,16.601229776077584,0.6,20251028058-1.nii.gz,train,314,0
67,0.14085784912109375,6.627553036368845,0.0,6.117347140317954,0.335,20251028058-1.nii.gz,train,317,0
15,0.03153533935546875,5.076716429034796,0.7333333333333333,0.9170291068513038,0.46874999999999994,20251028058-1.nii.gz,train,325,0
6,0.0126141357421875,50.0,0.0,6.484375,0.5,20251028058-1.nii.gz,train,329,0
29,0.06096832275390625,50.0,0.8620689655172413,0.6484375,0.232,20251028058-1.nii.gz,train,330,0
197,0.41416412353515625,6.0255119433936555,0.6091370558375635,1.44995032916002,0.17100694444444445,20251028058-1.nii.gz,train,331,0
78,0.1639837646484375,50.0,1.0,1.8340582137026076,0.2736842105263158,20251028058-1.nii.gz,train,335,0
18,0.0378424072265625,9.066931774220693,1.0,0.0,0.12,20251028058-1.nii.gz,train,337,0
17,0.03574005126953125,5.491282101905469,0.0,23.908420040398425,0.425,20251028058-1.nii.gz,train,339,0
5907,12.418616638183593,3.0212364445160595,0.0,29.405458153857783,0.19859467455621302,20251028058-1.nii.gz,train,340,0
12,0.025228271484375,21.81493347759993,1.0,0.6484375,0.16,20251028058-1.nii.gz,train,342,0
7,0.01471649169921875,5.054632507439725,0.8571428571428571,0.9170291068513038,0.2916666666666667,20251028058-1.nii.gz,train,344,0
128,0.2691015625,50.0,1.0,1.44995032916002,0.4280936454849498,20251028058-1.nii.gz,train,345,0
11,0.02312591552734375,50.0,1.0,0.9170291068513038,0.55,20251028058-1.nii.gz,train,348,0
8,0.01681884765625,8.227854865101477,0.875,0.9170291068513038,0.2222222222222222,20251028058-1.nii.gz,train,349,0
7,0.01471649169921875,50.0,1.0,0.6484375,0.5,20251028058-1.nii.gz,train,351,0
5,0.01051177978515625,50.0,1.0,0.9170291068513038,0.5555555555555556,20251028058-1.nii.gz,train,352,0
15,0.03153533935546875,8.466799462570169,0.0,18.8046875,0.23437499999999997,20251028058-1.nii.gz,train,357,0
48,0.1009130859375,3.776003472328015,0.7083333333333334,1.44995032916002,0.38095238095238093,20251028058-1.nii.gz,train,358,0
10,0.0210235595703125,50.0,1.0,0.9170291068513038,0.625,20251028058-1.nii.gz,train,361,0
15,0.03153533935546875,3.726012139898668,0.8666666666666667,0.9170291068513038,0.3,20251028058-1.nii.gz,train,363,0
115,0.24177093505859376,3.842015606119215,0.7913043478260869,0.6484375,0.3194444444444444,20251028058-1.nii.gz,train,364,0
50,0.1051177978515625,3.688706436920275,0.0,28.85697764304859,0.4166666666666667,20251028058-1.nii.gz,train,367,0
110,0.2312591552734375,10.007757800663507,0.42727272727272725,0.9170291068513038,0.06642512077294686,20251028058-1.nii.gz,train,369,0
25,0.05255889892578125,26.973270068851168,1.0,0.6484375,0.08333333333333333,20251028058-1.nii.gz,train,371,0
63,0.13244842529296874,50.0,1.0,2.0505394202654337,0.5833333333333334,20251028058-1.nii.gz,train,372,0
15,0.03153533935546875,50.0,0.0,37.49436481097026,0.6,20251028058-1.nii.gz,train,373,0
1745,3.6686111450195313,7.309187648595846,0.2785100286532951,0.0,0.04496495567924139,20251028058-1.nii.gz,train,376,0
18,0.0378424072265625,4.641686077299466,0.7777777777777778,0.9170291068513038,0.375,20251028058-1.nii.gz,train,379,0
27,0.05676361083984375,6.275673254739223,0.6296296296296297,1.44995032916002,0.375,20251028058-1.nii.gz,train,380,0
12,0.025228271484375,50.0,1.0,0.6484375,0.375,20251028058-1.nii.gz,train,381,0
43,0.09040130615234375,50.0,0.0,31.320269627683302,0.5119047619047619,20251028058-1.nii.gz,train,383,0
12,0.025228271484375,50.0,0.0,29.870384466291398,0.8,20251028058-1.nii.gz,train,384,0
89,0.18710968017578125,17.09524658784799,0.9213483146067416,0.9170291068513038,0.04816017316017316,20251028058-1.nii.gz,train,385,0
11,0.02312591552734375,50.0,1.0,0.6484375,0.14285714285714285,20251028058-1.nii.gz,train,389,0
38,0.0798895263671875,50.0,0.0,30.003813437641245,0.5757575757575758,20251028058-1.nii.gz,train,391,0
10,0.0210235595703125,4.876765548211477,0.8,0.9170291068513038,0.4166666666666667,20251028058-1.nii.gz,train,393,0
6,0.0126141357421875,50.0,1.0,0.6484375,0.1875,20251028058-1.nii.gz,train,397,0
9,0.01892120361328125,50.0,0.0,24.26627016407304,0.36,20251028058-1.nii.gz,train,398,0
30,0.0630706787109375,50.0,0.0,25.192920186811662,0.6122448979591836,20251028058-1.nii.gz,train,400,0
16,0.0336376953125,5.245774981310348,1.0,0.6484375,0.22857142857142856,20251028058-1.nii.gz,train,412,0
30,0.0630706787109375,26.816838457180687,1.0,0.6484375,0.03472222222222222,20251028058-1.nii.gz,train,413,0
5,0.01051177978515625,50.0,0.8,0.9170291068513038,0.3125,20251028058-1.nii.gz,train,416,0
5,0.01051177978515625,50.0,1.0,0.0,0.20833333333333334,20251028058-1.nii.gz,train,437,0
5,0.01051177978515625,18.53015903604955,1.0,0.6484375,0.20833333333333334,20251028058-1.nii.gz,train,445,0
5,0.01051177978515625,50.0,1.0,0.6484375,0.125,20251028058-1.nii.gz,train,450,0
48,0.1009130859375,16.034791691017126,0.9583333333333334,0.6484375,0.057971014492753624,20251028058-1.nii.gz,train,453,0
16,0.0336376953125,17.3219188210795,0.9375,0.9170291068513038,0.09090909090909091,20251028058-1.nii.gz,train,478,0
5147,14.855369319915772,50.0,0.23625412861861278,1.6988875844676137,0.028218201754385965,20251028059-1.nii.gz,train,1,0
38,0.10967632293701172,15.771839145006089,0.3684210526315789,1.51953125,0.1292517006802721,20251028059-1.nii.gz,train,2,0
495,1.4286784172058105,50.0,0.397979797979798,1.074470851099871,0.012922932330827067,20251028059-1.nii.gz,train,3,0
18,0.051951942443847654,11.667537967108295,0.8888888888888888,0.759765625,0.15,20251028059-1.nii.gz,train,4,0
9,0.025975971221923827,13.862585604355726,0.8888888888888888,0.759765625,0.225,20251028059-1.nii.gz,train,14,0
12152,35.07333358764649,13.636083371733257,0.2316491112574062,41.35881901602596,0.0076370035193564605,20251028059-1.nii.gz,train,16,0
10234,29.537565498352052,9.93337753147017,0.1842876685557944,3.798828125,0.009956957611419855,20251028059-1.nii.gz,train,24,0
1882,5.431864204406739,5.957891087125415,0.23007438894792773,0.0,0.01770927431496537,20251028059-1.nii.gz,train,25,0
5,0.014431095123291016,50.0,1.0,0.759765625,0.2777777777777778,20251028059-1.nii.gz,train,30,0
7,0.02020353317260742,50.0,1.0,1.074470851099871,0.21875,20251028059-1.nii.gz,train,31,0
24,0.06926925659179688,15.156882772230926,0.8333333333333334,0.759765625,0.09230769230769231,20251028059-1.nii.gz,train,32,0
19,0.05483816146850586,8.897851481176273,0.7894736842105263,0.759765625,0.15833333333333333,20251028059-1.nii.gz,train,34,0
8,0.023089752197265626,50.0,1.0,0.759765625,0.5333333333333333,20251028059-1.nii.gz,train,37,0
5631,16.25229932785034,3.6418504624324672,0.4441484638607707,3.798828125,0.06384353741496598,20251028059-1.nii.gz,train,40,0
11,0.03174840927124024,50.0,1.0,0.759765625,0.058201058201058205,20251028059-1.nii.gz,train,43,0
4071,11.749797649383545,1.7577546193950069,0.0,30.967409907504283,0.3220218319886094,20251028059-1.nii.gz,train,44,0
90,0.25975971221923827,15.763167875500669,0.6333333333333333,0.759765625,0.03308823529411765,20251028059-1.nii.gz,train,45,0
15,0.04329328536987305,3.5355480414792932,0.8666666666666667,1.074470851099871,0.3125,20251028059-1.nii.gz,train,46,0
13,0.03752084732055664,50.0,0.5384615384615384,1.51953125,0.6190476190476191,20251028059-1.nii.gz,train,47,0
63,0.1818317985534668,4.71141661628205,0.6031746031746031,1.51953125,0.38181818181818183,20251028059-1.nii.gz,train,48,0
29,0.08370035171508788,5.483743032121445,0.7586206896551724,0.759765625,0.21481481481481482,20251028059-1.nii.gz,train,49,0
6,0.01731731414794922,8.09983320686787,1.0,0.759765625,0.3333333333333333,20251028059-1.nii.gz,train,50,0
3055,8.81739912033081,5.025894603309782,0.4032733224222586,0.0,0.03540305010893246,20251028059-1.nii.gz,train,54,0
5,0.014431095123291016,50.0,1.0,0.759765625,0.8333333333333334,20251028059-1.nii.gz,train,55,0
11,0.03174840927124024,7.408132106977815,1.0,0.759765625,0.2619047619047619,20251028059-1.nii.gz,train,56,0
21,0.060610599517822265,4.486463373887078,0.7619047619047619,1.074470851099871,0.375,20251028059-1.nii.gz,train,57,0
4627,13.354535427093506,2.236111579462953,0.0,31.411593067148207,0.29936594202898553,20251028059-1.nii.gz,train,60,0
5,0.014431095123291016,50.0,1.0,0.759765625,0.5,20251028059-1.nii.gz,train,65,0
12,0.03463462829589844,2.9787291541855248,0.8333333333333334,1.074470851099871,0.375,20251028059-1.nii.gz,train,67,0
68,0.1962628936767578,5.262908425261829,0.7058823529411765,1.6988875844676137,0.18888888888888888,20251028059-1.nii.gz,train,70,0
6,0.01731731414794922,12.543651517036452,1.0,0.759765625,0.2,20251028059-1.nii.gz,train,71,0
8,0.023089752197265626,4.541229790884381,1.0,0.759765625,0.25,20251028059-1.nii.gz,train,72,0
5,0.014431095123291016,14.36568211987935,1.0,1.074470851099871,0.3125,20251028059-1.nii.gz,train,73,0
14,0.04040706634521484,6.489858557061786,0.6428571428571429,1.074470851099871,0.2916666666666667,20251028059-1.nii.gz,train,74,0
38,0.10967632293701172,4.275402906183643,0.6578947368421053,1.6988875844676137,0.30158730158730157,20251028059-1.nii.gz,train,75,0
7,0.02020353317260742,16.258258649381983,1.0,0.759765625,0.23333333333333334,20251028059-1.nii.gz,train,78,0
58,0.16740070343017577,1.8745930383266864,0.5517241379310345,2.279296875,0.17901234567901234,20251028059-1.nii.gz,train,79,0
23,0.06638303756713868,9.65121328480912,0.7391304347826086,1.074470851099871,0.17037037037037037,20251028059-1.nii.gz,train,80,0
197,0.568585147857666,11.318534381074144,0.6548223350253807,0.759765625,0.0558390022675737,20251028059-1.nii.gz,train,82,0
7,0.02020353317260742,50.0,0.5714285714285714,1.074470851099871,0.4375,20251028059-1.nii.gz,train,83,0
791,2.282999248504639,15.534773205510183,0.30214917825537296,6.795550337870455,0.01743827160493827,20251028059-1.nii.gz,train,87,0
10,0.028862190246582032,15.660637216167208,1.0,0.0,0.2777777777777778,20251028059-1.nii.gz,train,89,0
33,0.0952452278137207,14.102088938646967,0.696969696969697,0.759765625,0.06547619047619048,20251028059-1.nii.gz,train,91,0
2701,7.795677585601807,2.0838238710528363,0.0,42.0920390777537,0.2396628216503993,20251028059-1.nii.gz,train,92,0
7,0.02020353317260742,10.181836211251824,0.8571428571428571,1.074470851099871,0.3888888888888889,20251028059-1.nii.gz,train,97,0
6,0.01731731414794922,4.2480022991820885,0.8333333333333334,1.074470851099871,0.3333333333333333,20251028059-1.nii.gz,train,101,0
41,0.11833498001098633,50.0,0.0,64.27651774670574,0.7321428571428571,20251028059-1.nii.gz,train,102,0
5,0.014431095123291016,50.0,1.0,0.759765625,0.25,20251028059-1.nii.gz,train,103,0
5,0.014431095123291016,50.0,0.6,1.074470851099871,0.8333333333333334,20251028059-1.nii.gz,train,105,0
8,0.023089752197265626,50.0,0.625,0.759765625,0.5333333333333333,20251028059-1.nii.gz,train,106,0
93,0.2684183692932129,2.3776337330250654,0.0,32.29480564406813,0.4305555555555556,20251028059-1.nii.gz,train,109,0
10,0.028862190246582032,4.355630508211468,0.0,41.657312675823654,0.4166666666666667,20251028059-1.nii.gz,train,113,0
10,0.028862190246582032,21.11864554837348,1.0,0.759765625,0.25,20251028059-1.nii.gz,train,114,0
1638,4.727626762390137,2.3010904844027666,0.16483516483516483,3.3977751689352274,0.07520661157024794,20251028059-1.nii.gz,train,115,0
1410,4.069568824768067,2.5740875945171218,0.0,29.261426470723578,0.2824519230769231,20251028059-1.nii.gz,train,116,0
37,0.10679010391235351,3.9643928113417366,0.8378378378378378,0.0,0.18877551020408162,20251028059-1.nii.gz,train,119,0
25,0.07215547561645508,2.0268405465302277,0.0,49.55852405046775,0.4166666666666667,20251028059-1.nii.gz,train,120,0
271,0.782165355682373,19.31865107027999,0.4022140221402214,1.6988875844676137,0.0389367816091954,20251028059-1.nii.gz,train,121,0
14,0.04040706634521484,9.754621345589513,0.8571428571428571,0.759765625,0.2916666666666667,20251028059-1.nii.gz,train,122,0
157,0.4531363868713379,2.741883287630282,0.5159235668789809,1.6988875844676137,0.13083333333333333,20251028059-1.nii.gz,train,124,0
14,0.04040706634521484,5.472377285864741,0.9285714285714286,0.759765625,0.19444444444444445,20251028059-1.nii.gz,train,128,0
22,0.06349681854248047,2.158867913003377,1.0,0.759765625,0.31428571428571433,20251028059-1.nii.gz,train,129,0
449,1.2959123420715333,35.3559663565136,0.6124721603563474,0.759765625,0.0348062015503876,20251028059-1.nii.gz,train,131,0
26,0.07504169464111328,2.9635167559472264,0.5769230769230769,1.51953125,0.28888888888888886,20251028059-1.nii.gz,train,132,0
175,0.5050883293151855,6.325109456663856,0.0,37.81494052041468,0.28044871794871795,20251028059-1.nii.gz,train,134,1
262,0.7561893844604493,2.1640200877549844,0.0,35.54947545862387,0.36694677871148457,20251028059-1.nii.gz,train,135,0
11210,32.35451526641846,2.8453969028345294,0.0,25.846655464370002,0.1990411931818182,20251028059-1.nii.gz,train,137,1
5,0.014431095123291016,50.0,0.0,96.39817214831605,0.625,20251028059-1.nii.gz,train,138,0
17,0.04906572341918945,50.0,0.0,50.21533088937427,0.7083333333333334,20251028059-1.nii.gz,train,141,0
115,0.33191518783569335,1.80987122544287,0.0,30.79918972782604,0.6534090909090909,20251028059-1.nii.gz,train,142,0
779,2.2483646202087404,4.925411461793444,0.0,38.73491281472259,0.20366013071895425,20251028059-1.nii.gz,train,143,1
104,0.3001667785644531,5.147467748456086,0.0,75.03682242231665,0.22807017543859648,20251028059-1.nii.gz,train,144,0
6,0.01731731414794922,10.142217366682631,1.0,0.759765625,0.15,20251028059-1.nii.gz,train,145,0
2080,6.003335571289062,6.324170743227203,0.0,45.48314757084936,0.37037037037037035,20251028059-1.nii.gz,train,147,0
8122,23.441870918273924,1.721857382048618,0.0,49.03285069767291,0.40017737485218763,20251028059-1.nii.gz,train,148,0
61,0.1760593605041504,14.075027529306627,0.6721311475409836,1.51953125,0.26406926406926406,20251028059-1.nii.gz,train,149,0
25,0.07215547561645508,19.19679511538576,0.88,0.759765625,0.25,20251028059-1.nii.gz,train,152,0
145,0.4185017585754395,9.219088462474529,0.5517241379310345,2.148941702199742,0.0789760348583878,20251028059-1.nii.gz,train,153,0
5,0.014431095123291016,50.0,1.0,0.759765625,0.4166666666666667,20251028059-1.nii.gz,train,154,0
14,0.04040706634521484,50.0,1.0,1.074470851099871,0.3333333333333333,20251028059-1.nii.gz,train,155,0
63,0.1818317985534668,2.359851000617729,0.0,100.0,0.4772727272727273,20251028059-1.nii.gz,train,157,0
36,0.10390388488769531,12.189082949081557,0.8055555555555556,0.759765625,0.26666666666666666,20251028059-1.nii.gz,train,160,0
5,0.014431095123291016,50.0,0.0,38.03219545642023,0.5555555555555556,20251028059-1.nii.gz,train,161,0
13,0.03752084732055664,50.0,1.0,0.759765625,0.8125,20251028059-1.nii.gz,train,162,0
105,0.3030529975891113,3.0825362198884956,0.0,26.671012055483022,0.3888888888888889,20251028059-1.nii.gz,train,164,1
137,0.3954120063781738,12.463267696651446,0.5401459854014599,1.074470851099871,0.10378787878787879,20251028059-1.nii.gz,train,167,0
999,2.883332805633545,12.077362907627377,0.32232232232232233,4.621473875558609,0.023717948717948717,20251028059-1.nii.gz,train,168,0
5056,14.592723388671875,3.9224922722660622,0.4454113924050633,3.798828125,0.09604133424511815,20251028059-1.nii.gz,train,170,0
5,0.014431095123291016,15.731494941353752,1.0,0.759765625,0.20833333333333334,20251028059-1.nii.gz,train,174,0
4136,11.937401885986327,2.3016032778175837,0.0,36.025304854702725,0.21677148846960168,20251028059-1.nii.gz,train,177,0
8,0.023089752197265626,18.708249734922884,0.875,1.074470851099871,0.3333333333333333,20251028059-1.nii.gz,train,179,0
10,0.028862190246582032,31.537295259050993,0.9,1.074470851099871,0.20833333333333334,20251028059-1.nii.gz,train,180,0
13,0.03752084732055664,50.0,0.0,12.5763588749395,0.325,20251028059-1.nii.gz,train,182,0
8,0.023089752197265626,16.329474363964575,0.875,0.759765625,0.2222222222222222,20251028059-1.nii.gz,train,189,0
24,0.06926925659179688,17.521871272813847,0.75,1.074470851099871,0.4,20251028059-1.nii.gz,train,190,0
32,0.0923590087890625,20.2140858716432,0.75,1.074470851099871,0.32653061224489793,20251028059-1.nii.gz,train,191,0
30,0.0865865707397461,4.101961188505511,0.0,18.36542671619741,0.4166666666666667,20251028059-1.nii.gz,train,194,0
66,0.1904904556274414,8.401797888998646,0.6515151515151515,0.0,0.18333333333333332,20251028059-1.nii.gz,train,195,0
466,1.3449780654907226,7.242481339300557,0.0,39.06192382387567,0.09510204081632653,20251028059-1.nii.gz,train,198,1
6,0.01731731414794922,50.0,0.0,4.297883404399484,0.6666666666666666,20251028059-1.nii.gz,train,199,0
459,1.3247745323181153,1.5879554720163107,0.0,32.44216350335348,0.375,20251028059-1.nii.gz,train,200,0
1797,5.186535587310791,11.807489039515167,0.2776850306065665,4.55859375,0.19448051948051948,20251028059-1.nii.gz,train,202,0
24,0.06926925659179688,50.0,1.0,1.51953125,0.5,20251028059-1.nii.gz,train,204,0
837,2.415765323638916,2.1795514318094042,0.0,27.84630938582585,0.38482758620689655,20251028059-1.nii.gz,train,205,0
7,0.02020353317260742,50.0,0.14285714285714285,1.51953125,0.5833333333333334,20251028059-1.nii.gz,train,206,0
22,0.06349681854248047,3.5977885868508506,0.0,38.690179735102944,0.2619047619047619,20251028059-1.nii.gz,train,209,1
5,0.014431095123291016,50.0,0.0,1.51953125,1.0,20251028059-1.nii.gz,train,215,0
22,0.06349681854248047,4.570643006051424,0.8181818181818182,0.759765625,0.31428571428571433,20251028059-1.nii.gz,train,219,0
6,0.01731731414794922,50.0,0.6666666666666666,1.074470851099871,0.5,20251028059-1.nii.gz,train,224,0
17,0.04906572341918945,50.0,0.0,34.41922143378124,0.85,20251028059-1.nii.gz,train,225,0
28,0.08081413269042968,3.5448277726130804,0.6785714285714286,1.6988875844676137,0.5,20251028059-1.nii.gz,train,226,0
34,0.0981314468383789,24.14689635884031,0.0,2.148941702199742,0.09444444444444444,20251028059-1.nii.gz,train,227,0
15,0.04329328536987305,50.0,0.0,33.53082002077893,0.75,20251028059-1.nii.gz,train,229,0
143,0.41272932052612304,2.6157209672863897,0.0,31.558264842906357,0.43333333333333335,20251028059-1.nii.gz,train,231,0
15,0.04329328536987305,5.406125828556647,0.0,46.27810672695508,0.26785714285714285,20251028059-1.nii.gz,train,232,0
16275,46.973214626312256,3.1212294242311445,0.0,47.014926893807655,0.24145093093984127,20251028059-1.nii.gz,train,233,0
62,0.1789455795288086,50.0,1.0,0.759765625,0.543859649122807,20251028059-1.nii.gz,train,236,0
15,0.04329328536987305,50.0,1.0,0.759765625,0.46875,20251028059-1.nii.gz,train,237,0
12,0.03463462829589844,50.0,0.0,20.229579849292627,0.75,20251028059-1.nii.gz,train,238,0
60,0.1731731414794922,50.0,1.0,1.51953125,0.42857142857142855,20251028059-1.nii.gz,train,239,0
8,0.023089752197265626,50.0,0.0,38.465107798820135,0.8,20251028059-1.nii.gz,train,243,1
180,0.5195194244384765,6.799662146358631,0.3333333333333333,1.074470851099871,0.16,20251028059-1.nii.gz,train,245,0
14,0.04040706634521484,6.489858557061815,0.6428571428571429,1.074470851099871,0.2916666666666667,20251028059-1.nii.gz,train,246,0
68,0.1962628936767578,4.937031221724357,0.7058823529411765,1.6988875844676137,0.19373219373219372,20251028059-1.nii.gz,train,248,0
449,1.2959123420715333,1.5113311356675276,0.0,32.21833613043846,0.46770833333333334,20251028059-1.nii.gz,train,249,0
24,0.06926925659179688,50.0,1.0,1.51953125,0.5,20251028059-1.nii.gz,train,250,0
53,0.15296960830688477,4.008942898403265,0.6981132075471698,1.51953125,0.17666666666666667,20251028059-1.nii.gz,train,251,0
5,0.014431095123291016,50.0,0.0,17.43795863269651,0.8333333333333334,20251028059-1.nii.gz,train,253,0
20,0.057724380493164064,50.0,1.0,0.759765625,0.2597402597402597,20251028059-1.nii.gz,train,254,0
11,0.03174840927124024,50.0,0.0,12.209247455072301,0.7333333333333334,20251028059-1.nii.gz,train,256,0
32,0.0923590087890625,50.0,1.0,0.759765625,0.4,20251028059-1.nii.gz,train,257,0
14,0.04040706634521484,50.0,1.0,0.0,0.1,20251028059-1.nii.gz,train,258,0
1469,4.239855747222901,7.678912591417692,0.28795098706603134,0.0,0.031467557783347255,20251028059-1.nii.gz,train,259,0
11,0.03174840927124024,50.0,1.0,1.074470851099871,0.6111111111111112,20251028059-1.nii.gz,train,260,0
441,1.2728225898742676,13.707986927736814,0.5192743764172335,1.074470851099871,0.021416083916083916,20251028059-1.nii.gz,train,261,0
376,1.0852183532714843,2.0621626811943745,0.0,37.70793435463493,0.373015873015873,20251028059-1.nii.gz,train,263,0
35,0.1010176658630371,4.03208288969719,0.6285714285714286,1.6988875844676137,0.2777777777777778,20251028059-1.nii.gz,train,264,0
15,0.04329328536987305,6.077543286357592,0.6666666666666666,1.6988875844676137,0.3125,20251028059-1.nii.gz,train,265,0
44,0.12699363708496095,50.0,1.0,1.51953125,0.4835164835164836,20251028059-1.nii.gz,train,266,0
6,0.01731731414794922,50.0,1.0,1.074470851099871,0.6666666666666666,20251028059-1.nii.gz,train,267,0
33,0.0952452278137207,50.0,1.0,1.074470851099871,0.42857142857142855,20251028059-1.nii.gz,train,269,0
147,0.42427419662475585,2.839577422712698,0.0,25.332589096715274,0.4537037037037037,20251028059-1.nii.gz,train,273,0
147,0.42427419662475585,2.40757077869304,0.0,11.223901782442852,0.5444444444444444,20251028059-1.nii.gz,train,278,0
16,0.04617950439453125,1.7704544325417748,0.625,1.6988875844676137,0.4,20251028059-1.nii.gz,train,283,0
11,0.03174840927124024,15.364641950741033,1.0,1.074470851099871,0.22916666666666669,20251028059-1.nii.gz,train,284,0
29,0.08370035171508788,3.724470465524517,0.6896551724137931,1.51953125,0.24166666666666667,20251028059-1.nii.gz,train,285,0
1044,3.013212661743164,1.6297354164469438,0.0,51.877234316587604,0.4943181818181818,20251028059-1.nii.gz,train,286,0
10,0.028862190246582032,50.0,0.9,0.759765625,0.35714285714285715,20251028059-1.nii.gz,train,287,0
17,0.04906572341918945,50.0,1.0,1.074470851099871,0.5666666666666667,20251028059-1.nii.gz,train,288,0
5,0.014431095123291016,6.806828903574359,0.8,1.074470851099871,0.4166666666666667,20251028059-1.nii.gz,train,289,0
406,1.1718049240112305,7.617438924423246,0.2857142857142857,1.074470851099871,0.08292483660130719,20251028059-1.nii.gz,train,290,0
227,0.6551717185974121,1.384067857216989,0.0,35.484464980380466,0.5044444444444445,20251028059-1.nii.gz,train,291,0
515,1.4864027976989747,1.70212861706207,0.0,44.21026491097441,0.6130952380952381,20251028059-1.nii.gz,train,292,0
47,0.13565229415893554,50.0,0.0,14.912266314866692,0.746031746031746,20251028059-1.nii.gz,train,293,0
144,0.41561553955078123,50.0,0.0,50.00798615573123,0.6050420168067226,20251028059-1.nii.gz,train,294,0
19,0.05483816146850586,9.06901447766962,0.6842105263157895,0.759765625,0.19387755102040816,20251028059-1.nii.gz,train,295,0
74,0.21358020782470702,2.8455984822914915,0.6216216216216216,2.148941702199742,0.3523809523809524,20251028059-1.nii.gz,train,296,0
21,0.060610599517822265,50.0,0.0,44.7637326784269,0.6,20251028059-1.nii.gz,train,302,0
34,0.0981314468383789,50.0,0.0,24.276242872767156,0.68,20251028059-1.nii.gz,train,304,0
8,0.023089752197265626,50.0,0.0,7.139745879366004,0.6666666666666666,20251028059-1.nii.gz,train,305,0
9,0.025975971221923827,50.0,1.0,0.759765625,0.2571428571428571,20251028059-1.nii.gz,train,308,0
6,0.01731731414794922,19.599506844921077,1.0,0.759765625,0.16666666666666666,20251028059-1.nii.gz,train,310,0
25,0.07215547561645508,17.11490309637629,0.92,0.0,0.07716049382716049,20251028059-1.nii.gz,train,311,0
5,0.014431095123291016,50.0,1.0,0.759765625,0.5555555555555556,20251028059-1.nii.gz,train,312,0
65,0.1876042366027832,9.516985805675844,0.676923076923077,1.074470851099871,0.078125,20251028059-1.nii.gz,train,317,0
177,0.5108607673645019,30.678803760207384,0.288135593220339,1.51953125,0.05017006802721088,20251028059-1.nii.gz,train,318,0
183,0.5281780815124512,7.220593420372004,0.5792349726775956,2.148941702199742,0.06027667984189723,20251028059-1.nii.gz,train,320,0
1819,5.250032405853272,50.0,0.28092358438702586,1.6988875844676137,0.0530011655011655,20251028059-1.nii.gz,train,324,0
219,0.6320819664001465,50.0,0.5844748858447488,0.759765625,0.017464114832535887,20251028059-1.nii.gz,train,325,0
16,0.04617950439453125,50.0,1.0,0.759765625,0.14814814814814814,20251028059-1.nii.gz,train,326,0
12,0.03463462829589844,50.0,1.0,0.759765625,0.5,20251028059-1.nii.gz,train,327,0
6,0.01731731414794922,50.0,1.0,1.074470851099871,0.5,20251028059-1.nii.gz,train,333,0
5,0.01181640625,50.0,1.0,0.6875,0.15625,20251028060-1.nii.gz,train,2,0
5,0.01181640625,15.852793360052367,1.0,0.6875,0.15625,20251028060-1.nii.gz,train,3,0
19,0.04490234375,10.632636114222558,0.8421052631578947,0.6875,0.14074074074074075,20251028060-1.nii.gz,train,4,0
5,0.01181640625,50.0,1.0,0.6875,0.2,20251028060-1.nii.gz,train,11,0
36794,86.9545703125,5.173648124559727,0.1518725879219438,17.089493299978205,0.00443877925246489,20251028060-1.nii.gz,train,12,0
52,0.122890625,9.385300398322633,0.7692307692307693,0.9722718241315028,0.12380952380952381,20251028060-1.nii.gz,train,13,0
7,0.01654296875,18.84802444323787,1.0,0.0,0.14583333333333334,20251028060-1.nii.gz,train,16,0
5,0.01181640625,50.0,1.0,0.6875,0.2777777777777778,20251028060-1.nii.gz,train,17,0
203,0.47974609375,14.64111178830313,0.6157635467980296,0.6875,0.04375,20251028060-1.nii.gz,train,18,0
682,1.6117578125,5.65450908621379,0.3284457478005865,3.4375,0.05432098765432099,20251028060-1.nii.gz,train,19,0
7,0.01654296875,15.977416283174048,0.8571428571428571,0.6875,0.14583333333333334,20251028060-1.nii.gz,train,21,0
6,0.0141796875,7.615758465493728,0.5,0.9722718241315028,0.375,20251028060-1.nii.gz,train,27,0
5,0.01181640625,11.365900413278537,0.8,0.9722718241315028,0.625,20251028060-1.nii.gz,train,28,0
5,0.01181640625,50.0,1.0,0.6875,1.0,20251028060-1.nii.gz,train,29,0
15,0.03544921875,50.0,1.0,0.6875,0.375,20251028060-1.nii.gz,train,30,0
344,0.81296875,14.692197390511668,0.3866279069767442,1.5372967345311055,0.023180592991913745,20251028060-1.nii.gz,train,37,0
165,0.38994140625,7.372164375391104,0.48484848484848486,1.375,0.08418367346938775,20251028060-1.nii.gz,train,39,0
665,1.57158203125,9.044623045702672,0.45112781954887216,0.0,0.02845041499101566,20251028060-1.nii.gz,train,40,0
1643,3.88287109375,9.285871110617071,0.4035301278149726,6.149186938124422,0.01737466027939046,20251028060-1.nii.gz,train,47,0
2878,6.8015234375,5.430146635681341,0.18797776233495483,0.6875,0.04131495836922194,20251028060-1.nii.gz,train,48,0
12,0.028359375,17.098995223499514,1.0,0.6875,0.07792207792207792,20251028060-1.nii.gz,train,52,0
502,1.1863671875,9.537273812446916,0.3346613545816733,0.9722718241315028,0.02399273526740907,20251028060-1.nii.gz,train,54,0
34,0.0803515625,13.113017547084976,0.8235294117647058,0.9722718241315028,0.08947368421052632,20251028060-1.nii.gz,train,61,0
172968,408.77203125,5.381093920590773,0.0,38.03062088633316,0.1534764862466726,20251028060-1.nii.gz,train,62,1
6,0.0141796875,50.0,1.0,0.6875,0.75,20251028060-1.nii.gz,train,63,0
27,0.06380859375,3.2111742658974114,0.0,35.391228609642816,0.375,20251028060-1.nii.gz,train,68,0
31,0.07326171875,50.0,0.0,21.323585826497382,0.7380952380952381,20251028060-1.nii.gz,train,72,1
34,0.0803515625,3.2236914119213003,0.6764705882352942,1.5372967345311055,0.4722222222222222,20251028060-1.nii.gz,train,73,0
7811,18.45958984375,2.7557185313662518,0.31622071437716043,0.0,0.06642006802721089,20251028060-1.nii.gz,train,74,0
87,0.20560546875,17.528383187925733,0.7126436781609196,0.0,0.07552083333333333,20251028060-1.nii.gz,train,77,0
6,0.0141796875,4.694525268130202,0.8333333333333334,0.9722718241315028,0.3333333333333333,20251028060-1.nii.gz,train,79,0
14,0.0330859375,2.703987669983162,1.0,1.375,0.28,20251028060-1.nii.gz,train,81,0
37,0.08744140625,3.752859117025481,0.16216216216216217,2.174065891365761,0.3854166666666667,20251028060-1.nii.gz,train,82,0
41,0.09689453125,22.21586555775243,0.8048780487804879,1.9445436482630056,0.07231040564373897,20251028060-1.nii.gz,train,84,0
14,0.0330859375,50.0,1.0,0.6875,0.4666666666666667,20251028060-1.nii.gz,train,89,0
76,0.179609375,5.249298255335139,0.47368421052631576,0.6875,0.19047619047619047,20251028060-1.nii.gz,train,93,0
3712,8.7725,3.2014417600446934,0.4536637931034483,0.0,0.05253623188405797,20251028060-1.nii.gz,train,94,0
345,0.81533203125,6.2079510670356814,0.263768115942029,1.5372967345311055,0.2178030303030303,20251028060-1.nii.gz,train,95,0
40,0.09453125,11.850548227247028,0.725,0.9722718241315028,0.08264462809917356,20251028060-1.nii.gz,train,97,0
172,0.406484375,10.124174615355104,0.627906976744186,0.0,0.047058823529411764,20251028060-1.nii.gz,train,99,0
7,0.01654296875,50.0,1.0,0.9722718241315028,0.7777777777777778,20251028060-1.nii.gz,train,100,0
7,0.01654296875,50.0,1.0,0.6875,0.35,20251028060-1.nii.gz,train,102,0
6,0.0141796875,50.0,1.0,0.6875,0.375,20251028060-1.nii.gz,train,103,0
46,0.1087109375,2.832950489511584,0.6304347826086957,0.9722718241315028,0.15488215488215487,20251028060-1.nii.gz,train,106,0
52,0.122890625,11.154498663251907,0.6923076923076923,1.5372967345311055,0.023214285714285715,20251028060-1.nii.gz,train,107,0
10,0.0236328125,5.311249042474338,0.8,0.6875,0.3125,20251028060-1.nii.gz,train,111,0
56,0.13234375,2.8512466867119084,0.0,64.14415527739062,0.3888888888888889,20251028060-1.nii.gz,train,115,0
42,0.0992578125,5.453348938846381,0.42857142857142855,1.375,0.2,20251028060-1.nii.gz,train,116,0
14,0.0330859375,50.0,0.5,0.9722718241315028,0.6666666666666666,20251028060-1.nii.gz,train,117,0
17,0.04017578125,10.608322778618666,0.8235294117647058,0.6875,0.16346153846153846,20251028060-1.nii.gz,train,118,0
76,0.179609375,2.5119168812590678,0.0,22.602889748879456,0.3958333333333333,20251028060-1.nii.gz,train,121,1
27,0.06380859375,20.253657554870863,0.9259259259259259,0.6875,0.05844155844155844,20251028060-1.nii.gz,train,123,0
8,0.01890625,4.661065229155585,0.875,0.9722718241315028,0.3333333333333333,20251028060-1.nii.gz,train,124,0
6,0.0141796875,7.592546394583242,0.8333333333333334,0.9722718241315028,0.3333333333333333,20251028060-1.nii.gz,train,125,0
80,0.1890625,50.0,0.0,68.06597213365868,0.7272727272727273,20251028060-1.nii.gz,train,127,0
7,0.01654296875,50.0,1.0,0.9722718241315028,0.5833333333333334,20251028060-1.nii.gz,train,128,0
1506,3.5591015625,2.4212596268446993,0.0,45.628938186199335,0.2788888888888889,20251028060-1.nii.gz,train,129,1
247,0.58373046875,1.596578185695153,0.0,80.46362240944661,0.5717592592592593,20251028060-1.nii.gz,train,130,0
363,0.85787109375,4.638195504837903,0.0,24.38341201001205,0.24444444444444444,20251028060-1.nii.gz,train,132,1
5,0.01181640625,50.0,1.0,0.9722718241315028,0.8333333333333334,20251028060-1.nii.gz,train,134,0
28,0.066171875,50.0,0.0,62.43061773881466,0.8,20251028060-1.nii.gz,train,137,0
18,0.0425390625,12.701290778735512,0.7777777777777778,0.0,0.05625,20251028060-1.nii.gz,train,140,0
11,0.02599609375,50.0,1.0,0.6875,0.4074074074074074,20251028060-1.nii.gz,train,141,0
14,0.0330859375,50.0,0.0,81.13465370142403,0.7,20251028060-1.nii.gz,train,142,0
75,0.17724609375,15.132598799817332,0.5066666666666667,0.0,0.15306122448979592,20251028060-1.nii.gz,train,143,0
6,0.0141796875,50.0,1.0,0.6875,0.5,20251028060-1.nii.gz,train,148,0
13,0.03072265625,4.251707409798488,0.8461538461538461,0.9722718241315028,0.43333333333333335,20251028060-1.nii.gz,train,150,0
18,0.0425390625,50.0,0.5,0.9722718241315028,0.6,20251028060-1.nii.gz,train,155,0
299,0.70662109375,2.360370660158382,0.0,63.817519391229865,0.3893229166666667,20251028060-1.nii.gz,train,157,0
9,0.02126953125,6.56260189529296,0.0,9.448875594482129,0.375,20251028060-1.nii.gz,train,158,0
169,0.39939453125,2.276659434023861,0.0,47.322241401374896,0.38235294117647056,20251028060-1.nii.gz,train,159,0
37,0.08744140625,5.090315277210149,0.32432432432432434,1.5372967345311055,0.4111111111111111,20251028060-1.nii.gz,train,163,0
7,0.01654296875,50.0,0.0,56.24923610592414,0.7777777777777778,20251028060-1.nii.gz,train,166,0
78,0.1843359375,6.856837448759079,0.5769230769230769,0.9722718241315028,0.10833333333333334,20251028060-1.nii.gz,train,170,0
6,0.0141796875,50.0,1.0,0.6875,1.0,20251028060-1.nii.gz,train,173,0
32,0.075625,50.0,0.0,38.28807337148214,0.6530612244897959,20251028060-1.nii.gz,train,175,0
6,0.0141796875,50.0,0.5,0.6875,0.75,20251028060-1.nii.gz,train,176,0
7,0.01654296875,50.0,0.0,1.375,0.5833333333333334,20251028060-1.nii.gz,train,177,0
52,0.122890625,13.527940930259899,0.1346153846153846,5.408688034079984,0.13978494623655913,20251028060-1.nii.gz,train,178,0
9,0.02126953125,50.0,0.6666666666666666,0.6875,0.75,20251028060-1.nii.gz,train,179,0
10,0.0236328125,50.0,1.0,0.6875,0.5555555555555556,20251028060-1.nii.gz,train,180,0
8,0.01890625,50.0,1.0,0.6875,1.0,20251028060-1.nii.gz,train,183,0
7,0.01654296875,50.0,0.0,47.89918612304388,0.875,20251028060-1.nii.gz,train,187,0
45,0.10634765625,50.0,1.0,0.0,0.2631578947368421,20251028060-1.nii.gz,train,188,0
8,0.01890625,50.0,0.0,73.30869022496583,0.8888888888888888,20251028060-1.nii.gz,train,189,0
7,0.01654296875,11.656609514867862,0.0,2.0625,0.2916666666666667,20251028060-1.nii.gz,train,190,0
13,0.03072265625,50.0,1.0,0.6875,0.12380952380952381,20251028060-1.nii.gz,train,194,0
5,0.01181640625,50.0,1.0,0.6875,0.3125,20251028060-1.nii.gz,train,195,0
6,0.0141796875,50.0,0.0,7.308225246255072,0.75,20251028060-1.nii.gz,train,199,0
132,0.311953125,2.013415328677808,0.0,18.36915298128904,0.4583333333333333,20251028060-1.nii.gz,train,200,0
40,0.09453125,2.6604150733435294,0.0,74.4964869138136,0.5,20251028060-1.nii.gz,train,201,0
162,0.3828515625,12.452749559179736,0.691358024691358,1.5372967345311055,0.018194070080862535,20251028060-1.nii.gz,train,204,0
16,0.0378125,5.050070508426937,0.75,1.375,0.4,20251028060-1.nii.gz,train,206,0
25,0.05908203125,13.072727467734335,0.88,0.6875,0.10683760683760683,20251028060-1.nii.gz,train,207,0
42332,100.042421875,4.684008861322421,0.0,39.265174216473305,0.16781631067345354,20251028060-1.nii.gz,train,210,1
7,0.01654296875,50.0,0.0,66.51362642346304,0.5833333333333334,20251028060-1.nii.gz,train,211,0
41,0.09689453125,1.673123530144386,0.0,69.88299372880357,0.36607142857142855,20251028060-1.nii.gz,train,212,0
5,0.01181640625,50.0,0.0,3.4375,1.0,20251028060-1.nii.gz,train,213,0
8,0.01890625,50.0,0.0,25.93689758336567,0.8888888888888888,20251028060-1.nii.gz,train,214,0
15,0.03544921875,50.0,0.0,67.48726731762073,0.75,20251028060-1.nii.gz,train,216,0
175,0.41357421875,13.064325279975114,0.48,1.375,0.08101851851851852,20251028060-1.nii.gz,train,219,0
38,0.0898046875,8.86796256174419,0.5789473684210527,0.6875,0.20105820105820105,20251028060-1.nii.gz,train,220,0
7,0.01654296875,50.0,1.0,0.6875,0.19444444444444445,20251028060-1.nii.gz,train,222,0
35,0.08271484375,2.2579091957543116,0.0,37.99352329674099,0.4166666666666667,20251028060-1.nii.gz,train,225,0
5091,12.03146484375,2.455172992994554,0.24317422903162444,2.834635117612142,0.05985890652557319,20251028060-1.nii.gz,train,227,0
8,0.01890625,10.017662027218707,0.0,26.50125291849425,0.16666666666666666,20251028060-1.nii.gz,train,239,0
38,0.0898046875,50.0,0.7894736842105263,0.0,0.475,20251028060-1.nii.gz,train,242,0
5,0.01181640625,50.0,0.0,1.5372967345311055,1.0,20251028060-1.nii.gz,train,246,0
518,1.2241796875,1.9146217241693892,0.0,17.472411288943494,0.3854166666666667,20251028060-1.nii.gz,train,247,0
6,0.0141796875,14.93975711249369,1.0,0.6875,0.3,20251028060-1.nii.gz,train,249,0
42,0.0992578125,3.045533495987402,0.7142857142857143,5.0,0.42857142857142855,20251028060-1.nii.gz,train,252,0
5,0.01181640625,50.0,0.0,1.9445436482630056,1.0,20251028060-1.nii.gz,train,258,0
627,1.48177734375,5.534239474780879,0.0,53.24416781441889,0.19411764705882353,20251028060-1.nii.gz,train,261,1
6,0.0141796875,15.875251487673147,1.0,0.6875,0.2222222222222222,20251028060-1.nii.gz,train,262,0
47,0.11107421875,8.588501257574569,0.8297872340425532,0.0,0.19583333333333333,20251028060-1.nii.gz,train,263,0
18,0.0425390625,6.278947857187783,1.0,0.9722718241315028,0.21428571428571427,20251028060-1.nii.gz,train,265,0
50,0.1181640625,4.438576201352147,0.44,6.80590276892052,0.20833333333333334,20251028060-1.nii.gz,train,268,0
1012,2.391640625,3.685980947111532,0.274703557312253,4.181899239580026,0.06119980648282535,20251028060-1.nii.gz,train,269,0
15,0.03544921875,8.892160774392451,0.0,10.870329456828804,0.3125,20251028060-1.nii.gz,train,278,0
15,0.03544921875,50.0,1.0,4.611890203593316,0.8333333333333334,20251028060-1.nii.gz,train,279,0
6,0.0141796875,50.0,0.6666666666666666,1.375,0.75,20251028060-1.nii.gz,train,280,0
44,0.103984375,11.81049301445176,0.6363636363636364,0.6875,0.1527777777777778,20251028060-1.nii.gz,train,282,0
29,0.06853515625,7.60377823471406,0.9310344827586207,0.6875,0.17575757575757575,20251028060-1.nii.gz,train,287,0
13,0.03072265625,4.522885769723927,0.8461538461538461,0.9722718241315028,0.325,20251028060-1.nii.gz,train,288,0
13,0.03072265625,50.0,0.0,33.21338444437724,0.52,20251028060-1.nii.gz,train,290,0
25,0.05908203125,3.511967529474206,0.64,1.5372967345311055,0.4166666666666667,20251028060-1.nii.gz,train,291,0
173,0.40884765625,2.8076967354244515,0.0,41.323797623161404,0.34325396825396826,20251028060-1.nii.gz,train,295,1
8,0.01890625,50.0,1.0,0.6875,0.2962962962962963,20251028060-1.nii.gz,train,300,0
7,0.01654296875,50.0,1.0,0.6875,0.25,20251028060-1.nii.gz,train,303,0
13,0.03072265625,50.0,1.0,0.0,0.09090909090909091,20251028060-1.nii.gz,train,304,0
1521,3.59455078125,3.71808631888749,0.0,17.875437057593864,0.4592391304347826,20251028060-1.nii.gz,train,305,1
463,1.09419921875,3.755138110714041,0.0,35.041548999009734,0.18639291465378421,20251028060-1.nii.gz,train,306,0
10009,23.65408203125,1.3671597996790759,0.0,34.436819412512534,0.36776161081716635,20251028060-1.nii.gz,train,307,0
5,0.01181640625,50.0,0.0,54.638013324058555,0.4166666666666667,20251028060-1.nii.gz,train,308,0
151,0.35685546875,5.241349577922023,0.6158940397350994,1.5372967345311055,0.1451923076923077,20251028060-1.nii.gz,train,309,0
26,0.0614453125,15.947523451648362,0.6923076923076923,0.6875,0.17333333333333334,20251028060-1.nii.gz,train,310,0
21,0.04962890625,6.565679193096286,0.0,6.33843681438886,0.2916666666666667,20251028060-1.nii.gz,train,313,0
13,0.03072265625,8.194624068069038,0.0,25.768803813914218,0.43333333333333335,20251028060-1.nii.gz,train,316,0
73,0.17251953125,1.8020997363061448,0.0,45.59785151188595,0.33796296296296297,20251028060-1.nii.gz,train,317,0
7,0.01654296875,50.0,1.0,0.6875,0.2,20251028060-1.nii.gz,train,320,0
445,1.05166015625,5.999833776610496,0.2898876404494382,2.75,0.04754273504273504,20251028060-1.nii.gz,train,322,0
6,0.0141796875,50.0,0.0,50.17352700877227,0.75,20251028060-1.nii.gz,train,324,0
12,0.028359375,50.0,0.0,41.06644767934037,0.8571428571428571,20251028060-1.nii.gz,train,325,0
9,0.02126953125,50.0,1.0,4.8125,0.75,20251028060-1.nii.gz,train,328,0
897,2.11986328125,9.47435139962746,0.3277591973244147,5.833630944789017,0.014944769330734242,20251028060-1.nii.gz,train,329,0
9,0.02126953125,12.36529446980671,1.0,0.6875,0.375,20251028060-1.nii.gz,train,332,0
55,0.12998046875,6.293357151209406,0.8909090909090909,0.9722718241315028,0.1455026455026455,20251028060-1.nii.gz,train,336,0
18,0.0425390625,50.0,0.0,37.91860114112861,0.75,20251028060-1.nii.gz,train,338,0
6,0.0141796875,50.0,0.8333333333333334,0.6875,0.24,20251028060-1.nii.gz,train,339,0
23,0.05435546875,3.9659097341373633,0.0,33.85469871376793,0.3194444444444444,20251028060-1.nii.gz,train,340,0
12,0.028359375,50.0,0.0,41.323797623161404,0.75,20251028060-1.nii.gz,train,350,0
9,0.02126953125,50.0,0.0,4.611890203593316,0.75,20251028060-1.nii.gz,train,351,0
31,0.07326171875,3.7536564903596354,0.0,29.79257720053772,0.3229166666666667,20251028060-1.nii.gz,train,353,0
5,0.01181640625,50.0,1.0,0.6875,0.2777777777777778,20251028060-1.nii.gz,train,355,0
99,0.23396484375,5.49449514891876,0.5353535353535354,1.375,0.09705882352941177,20251028060-1.nii.gz,train,358,0
23,0.05435546875,4.625768202240294,0.6086956521739131,1.5372967345311055,0.38333333333333336,20251028060-1.nii.gz,train,361,0
5,0.01181640625,50.0,1.0,0.6875,0.15625,20251028060-1.nii.gz,train,363,0
6,0.0141796875,4.694525268130202,0.8333333333333334,0.9722718241315028,0.3333333333333333,20251028060-1.nii.gz,train,365,0
21,0.04962890625,5.059352392044762,0.7619047619047619,1.375,0.2916666666666667,20251028060-1.nii.gz,train,367,0
7,0.01654296875,50.0,0.5714285714285714,0.9722718241315028,0.5833333333333334,20251028060-1.nii.gz,train,368,0
135,0.31904296875,10.775077156323814,0.7777777777777778,0.9722718241315028,0.03245192307692308,20251028060-1.nii.gz,train,371,0
175,0.41357421875,21.637074778036006,0.6,0.0,0.0396286231884058,20251028060-1.nii.gz,train,380,0
20,0.047265625,5.266339544982815,0.75,1.375,0.4,20251028060-1.nii.gz,train,381,0
8,0.01890625,50.0,0.0,4.861359120657514,0.4,20251028060-1.nii.gz,train,383,0
19,0.04490234375,50.0,0.7894736842105263,0.6875,0.1623931623931624,20251028060-1.nii.gz,train,385,0
5,0.01181640625,50.0,1.0,0.6875,0.4166666666666667,20251028060-1.nii.gz,train,388,0
35,0.08271484375,5.764239954972064,0.5142857142857142,0.6875,0.17857142857142858,20251028060-1.nii.gz,train,390,0
6,0.0141796875,50.0,0.0,6.33843681438886,0.6666666666666666,20251028060-1.nii.gz,train,393,0
104,0.24578125,12.303390399774042,0.4807692307692308,0.6875,0.1793103448275862,20251028060-1.nii.gz,train,397,0
9,0.02126953125,18.606441829472953,0.7777777777777778,0.6875,0.1,20251028060-1.nii.gz,train,398,0
14,0.0330859375,50.0,0.0,6.875,0.7777777777777778,20251028060-1.nii.gz,train,402,0
98,0.2316015625,14.87691648516081,0.826530612244898,0.6875,0.05710955710955711,20251028060-1.nii.gz,train,404,0
11,0.02599609375,12.007490376554909,0.9090909090909091,0.6875,0.171875,20251028060-1.nii.gz,train,409,0
5,0.01181640625,18.288448301162145,1.0,0.6875,0.15625,20251028060-1.nii.gz,train,413,0
16,0.0378125,14.173543081212202,0.875,0.9722718241315028,0.11851851851851852,20251028060-1.nii.gz,train,414,0
6,0.0141796875,4.694525268130202,0.8333333333333334,0.9722718241315028,0.3333333333333333,20251028060-1.nii.gz,train,416,0
10,0.0236328125,17.901873971724523,1.0,0.6875,0.10204081632653061,20251028060-1.nii.gz,train,420,0
20,0.04673004150390625,19.586145353450505,0.75,0.966747552403483,0.2222222222222222,20251028063-1.nii.gz,holdout,1,0
7,0.016355514526367188,10.995058422994912,0.8571428571428571,0.966747552403483,0.2916666666666667,20251028063-1.nii.gz,holdout,2,0
23,0.05373954772949219,12.321239475743498,0.8695652173913043,1.3671875,0.4791666666666667,20251028063-1.nii.gz,holdout,5,0
5,0.011682510375976562,50.0,1.0,0.68359375,1.0,20251028063-1.nii.gz,holdout,6,0
9,0.021028518676757812,50.0,1.0,0.68359375,0.18,20251028063-1.nii.gz,holdout,9,0
14585,34.07788276672363,8.254031547365814,0.16585533081933493,11.418166533097118,0.010999245852187029,20251028063-1.nii.gz,holdout,10,0
183,0.4275798797607422,21.773628888118292,0.29508196721311475,2.05078125,0.119140625,20251028063-1.nii.gz,holdout,12,0
7676,17.93498992919922,14.754228539147217,0.2288952579468473,3.866990209613932,0.013281655535176662,20251028063-1.nii.gz,holdout,14,0
14,0.032711029052734375,3.7391750980964495,0.7142857142857143,1.3671875,0.4666666666666667,20251028063-1.nii.gz,holdout,16,0
5,0.011682510375976562,50.0,1.0,0.68359375,0.8333333333333334,20251028063-1.nii.gz,holdout,18,0
41,0.09579658508300781,15.817786869580686,1.0,0.0,0.10459183673469388,20251028063-1.nii.gz,holdout,20,0
84,0.19626617431640625,4.313298867849491,0.5476190476190477,0.966747552403483,0.36363636363636365,20251028063-1.nii.gz,holdout,22,0
13,0.030374526977539062,4.347228927810672,0.7692307692307693,0.966747552403483,0.40625,20251028063-1.nii.gz,holdout,23,0
5,0.011682510375976562,50.0,1.0,0.966747552403483,0.8333333333333334,20251028063-1.nii.gz,holdout,25,0
15,0.03504753112792969,50.0,1.0,0.68359375,0.46875,20251028063-1.nii.gz,holdout,26,0
38,0.08878707885742188,18.301430411021784,0.9210526315789473,0.0,0.095,20251028063-1.nii.gz,holdout,27,0
65,0.1518726348876953,4.235738276123919,0.46153846153846156,1.3671875,0.3439153439153439,20251028063-1.nii.gz,holdout,29,0
37,0.08645057678222656,2.151108431460422,0.9459459459459459,1.3671875,0.29365079365079366,20251028063-1.nii.gz,holdout,31,0
218,0.5093574523925781,3.7527551078989467,0.463302752293578,1.5285620939939968,0.22708333333333333,20251028063-1.nii.gz,holdout,34,0
297,0.6939411163330078,1.7610646451159617,0.0,21.933654622021496,0.4640625,20251028063-1.nii.gz,holdout,35,0
7,0.016355514526367188,50.0,1.0,0.966747552403483,0.4375,20251028063-1.nii.gz,holdout,37,0
5,0.011682510375976562,15.933005055957592,1.0,0.966747552403483,0.3125,20251028063-1.nii.gz,holdout,38,0
46,0.10747909545898438,5.3989843320175614,0.7391304347826086,0.966747552403483,0.16428571428571428,20251028063-1.nii.gz,holdout,39,0
345,0.8060932159423828,3.0979288249061265,0.0,13.917451269147723,0.42592592592592593,20251028063-1.nii.gz,holdout,40,1
9,0.021028518676757812,50.0,0.7777777777777778,0.966747552403483,0.75,20251028063-1.nii.gz,holdout,43,0
22,0.051403045654296875,4.724264182806442,0.6818181818181818,1.5285620939939968,0.29333333333333333,20251028063-1.nii.gz,holdout,44,0
31,0.07243156433105469,11.329026196314704,0.7096774193548387,0.966747552403483,0.07948717948717948,20251028063-1.nii.gz,holdout,46,0
118,0.2757072448730469,2.5741400950797684,0.0,11.62109375,0.23412698412698413,20251028063-1.nii.gz,holdout,50,0
344,0.8037567138671875,3.6746236722142243,0.5174418604651163,0.0,0.13104761904761905,20251028063-1.nii.gz,holdout,51,0
83,0.19392967224121094,11.59527982957774,0.7590361445783133,0.966747552403483,0.06067251461988304,20251028063-1.nii.gz,holdout,52,0
26,0.060749053955078125,5.752394233929576,0.8846153846153846,0.68359375,0.3611111111111111,20251028063-1.nii.gz,holdout,53,0
24,0.0560760498046875,3.8298283085355,0.8333333333333334,0.68359375,0.3333333333333333,20251028063-1.nii.gz,holdout,54,0
10,0.023365020751953125,50.0,1.0,0.68359375,0.8333333333333334,20251028063-1.nii.gz,holdout,55,0
15,0.03504753112792969,50.0,1.0,0.68359375,0.23809523809523808,20251028063-1.nii.gz,holdout,58,0
1222,2.855205535888672,3.1363610857953432,0.14566284779050737,2.4647323172117113,0.1653138528138528,20251028063-1.nii.gz,holdout,60,0
17,0.03972053527832031,4.631137462443087,0.8823529411764706,0.68359375,0.20238095238095238,20251028063-1.nii.gz,holdout,61,0
10,0.023365020751953125,50.0,0.0,30.35648890199641,0.8333333333333334,20251028063-1.nii.gz,holdout,62,0
196,0.45795440673828125,2.7140917048730544,0.0,15.855838776016096,0.3111111111111111,20251028063-1.nii.gz,holdout,63,0
19,0.04439353942871094,10.135216374795288,0.6842105263157895,0.966747552403483,0.2638888888888889,20251028063-1.nii.gz,holdout,64,0
216,0.5046844482421875,3.1642702633319577,0.0,8.231558794096296,0.135,20251028063-1.nii.gz,holdout,65,1
182,0.4252433776855469,3.8608662125321684,0.0,9.594695501301503,0.2614942528735632,20251028063-1.nii.gz,holdout,66,1
20783,48.55952262878418,2.4582117607833136,0.0,22.066423191598204,0.22639433551198257,20251028063-1.nii.gz,holdout,67,1
19,0.04439353942871094,50.0,0.0,19.152828141182287,0.6333333333333333,20251028063-1.nii.gz,holdout,68,0
11,0.025701522827148438,50.0,0.0,8.912972038362996,0.6875,20251028063-1.nii.gz,holdout,70,0
37,0.08645057678222656,3.775962678846236,0.7837837837837838,0.68359375,0.37,20251028063-1.nii.gz,holdout,71,0
11,0.025701522827148438,4.437390479376503,0.8181818181818182,0.966747552403483,0.4583333333333333,20251028063-1.nii.gz,holdout,72,0
10,0.023365020751953125,7.231582020070576,0.0,9.29788023058087,0.3125,20251028063-1.nii.gz,holdout,77,0
757,1.7687320709228516,3.103330523387899,0.3751651254953765,1.933495104806966,0.15810359231411864,20251028063-1.nii.gz,holdout,78,0
62268,145.48931121826172,4.629551521163877,0.0,18.45703125,0.12419446522064323,20251028063-1.nii.gz,holdout,81,1
8,0.0186920166015625,7.817208602149169,0.75,0.68359375,0.26666666666666666,20251028063-1.nii.gz,holdout,82,0
79,0.1845836639404297,2.531178427120635,0.8481012658227848,1.933495104806966,0.2633333333333333,20251028063-1.nii.gz,holdout,87,0
15,0.03504753112792969,2.5185994949096573,0.0,3.6812650048771025,0.3,20251028063-1.nii.gz,holdout,89,0
238,0.5560874938964844,11.32992243627866,0.4957983193277311,0.68359375,0.1907051282051282,20251028063-1.nii.gz,holdout,90,0
11,0.025701522827148438,4.739404643325756,0.0,7.51953125,0.275,20251028063-1.nii.gz,holdout,92,0
6,0.014019012451171875,7.197420649546212,0.3333333333333333,0.966747552403483,0.375,20251028063-1.nii.gz,holdout,94,0
13,0.030374526977539062,5.66276210515404,0.8461538461538461,0.966747552403483,0.21666666666666667,20251028063-1.nii.gz,holdout,96,0
10,0.023365020751953125,50.0,0.0,9.78757299247407,0.8333333333333334,20251028063-1.nii.gz,holdout,100,0
190,0.4439353942871094,14.403387533663548,0.0,15.781987239122337,0.06597222222222222,20251028063-1.nii.gz,holdout,101,0
17,0.03972053527832031,50.0,1.0,1.5285620939939968,0.40476190476190477,20251028063-1.nii.gz,holdout,103,0
11,0.025701522827148438,50.0,1.0,1.5285620939939968,0.55,20251028063-1.nii.gz,holdout,104,0
2302,5.378627777099609,6.32219160573196,0.0,30.198281205130545,0.09515542328042328,20251028063-1.nii.gz,holdout,105,0
71,0.1658916473388672,2.004464689763882,0.647887323943662,0.0,0.35858585858585856,20251028063-1.nii.gz,holdout,106,0
131,0.30608177185058594,3.5024980744339294,0.5801526717557252,0.68359375,0.14364035087719298,20251028063-1.nii.gz,holdout,108,0
29,0.06775856018066406,3.5238378680821594,0.0,15.781987239122337,0.32222222222222224,20251028063-1.nii.gz,holdout,109,0
112,0.261688232421875,2.0769364266008354,0.25892857142857145,2.4647323172117113,0.11764705882352941,20251028063-1.nii.gz,holdout,110,0
98,0.22897720336914062,2.408781470617298,0.0,26.120080512070235,0.3141025641025641,20251028063-1.nii.gz,holdout,113,1
176,0.411224365234375,3.275120630679836,0.26704545454545453,5.880495788017421,0.29333333333333333,20251028063-1.nii.gz,holdout,114,0
7,0.016355514526367188,50.0,1.0,2.9002426572104487,0.875,20251028063-1.nii.gz,holdout,115,0
96,0.22430419921875,9.773792762194056,0.7291666666666666,0.68359375,0.0761904761904762,20251028063-1.nii.gz,holdout,116,0
6,0.014019012451171875,50.0,0.0,27.885262964960543,1.0,20251028063-1.nii.gz,holdout,117,0
2062,4.817867279052734,1.4654565833518798,0.0,52.47889503246162,0.39276190476190476,20251028063-1.nii.gz,holdout,118,0
89,0.2079486846923828,3.1329206927846616,0.8202247191011236,1.3671875,0.27469135802469136,20251028063-1.nii.gz,holdout,119,0
7,0.016355514526367188,50.0,1.0,0.966747552403483,0.4666666666666667,20251028063-1.nii.gz,holdout,121,0
86,0.20093917846679688,6.236208493464928,0.7209302325581395,0.68359375,0.2107843137254902,20251028063-1.nii.gz,holdout,122,0
8,0.0186920166015625,50.0,1.0,0.68359375,0.5,20251028063-1.nii.gz,holdout,124,0
12,0.02803802490234375,50.0,0.5833333333333334,0.68359375,0.42857142857142855,20251028063-1.nii.gz,holdout,128,0
15,0.03504753112792969,7.401316356534833,0.9333333333333333,0.68359375,0.1875,20251028063-1.nii.gz,holdout,129,0
9,0.021028518676757812,50.0,1.0,0.68359375,0.6428571428571429,20251028063-1.nii.gz,holdout,131,0
23,0.05373954772949219,14.066479996029816,0.8260869565217391,0.0,0.12777777777777777,20251028063-1.nii.gz,holdout,132,0
18,0.042057037353515625,11.908688297907418,0.8888888888888888,0.68359375,0.3333333333333333,20251028063-1.nii.gz,holdout,135,0
44,0.10280609130859375,4.260696317632388,0.0,29.592583154959677,0.22916666666666666,20251028063-1.nii.gz,holdout,136,0
18,0.042057037353515625,50.0,0.0,63.061273719804156,0.6666666666666666,20251028063-1.nii.gz,holdout,137,0
143,0.3341197967529297,3.0007168384276937,0.0,56.73828125,0.31777777777777777,20251028063-1.nii.gz,holdout,140,0
407,0.9509563446044922,2.161398654795373,0.3906633906633907,4.323426488511456,0.2803030303030303,20251028063-1.nii.gz,holdout,141,0
7,0.016355514526367188,50.0,0.0,60.15625,0.7777777777777778,20251028063-1.nii.gz,holdout,143,0
9,0.021028518676757812,50.0,0.2222222222222222,1.3671875,0.75,20251028063-1.nii.gz,holdout,152,0
8,0.0186920166015625,15.64198613865893,0.0,6.485139732767184,0.4,20251028063-1.nii.gz,holdout,153,0
14,0.032711029052734375,50.0,0.0,60.59741464268053,0.5185185185185185,20251028063-1.nii.gz,holdout,154,0
17,0.03972053527832031,5.625116232698922,0.0,43.07453686005234,0.30357142857142855,20251028063-1.nii.gz,holdout,155,0
8,0.0186920166015625,50.0,1.0,0.68359375,1.0,20251028063-1.nii.gz,holdout,157,0
26,0.060749053955078125,2.5450646843955878,0.9615384615384616,1.3671875,0.30952380952380953,20251028063-1.nii.gz,holdout,158,0
5,0.011682510375976562,50.0,1.0,0.68359375,1.0,20251028063-1.nii.gz,holdout,159,0
6,0.014019012451171875,50.0,0.6666666666666666,0.966747552403483,0.75,20251028063-1.nii.gz,holdout,163,0
12,0.02803802490234375,50.0,0.0,11.93845159921981,1.0,20251028063-1.nii.gz,holdout,165,0
18,0.042057037353515625,50.0,0.0,60.15625,0.72,20251028063-1.nii.gz,holdout,166,0
97,0.2266407012939453,3.7253460718892155,0.0,39.96246484129084,0.19595959595959597,20251028063-1.nii.gz,holdout,167,0
296,0.6916046142578125,2.244752462485315,0.0,32.8125,0.519298245614035,20251028063-1.nii.gz,holdout,168,0
4230,9.883403778076172,3.1255775529506415,0.21914893617021278,5.46875,0.11767978856586452,20251028063-1.nii.gz,holdout,169,0
30,0.07009506225585938,50.0,0.0,12.3046875,0.5357142857142857,20251028063-1.nii.gz,holdout,170,0
72,0.1682281494140625,13.950648211830298,0.6388888888888888,0.68359375,0.2057142857142857,20251028063-1.nii.gz,holdout,173,0
34,0.07944107055664062,4.964805851138821,0.0,29.17511154715715,0.24285714285714285,20251028063-1.nii.gz,holdout,174,0
23,0.05373954772949219,3.9419298921711365,0.7391304347826086,1.3671875,0.4791666666666667,20251028063-1.nii.gz,holdout,176,0
29,0.06775856018066406,4.506515477640081,0.6896551724137931,0.966747552403483,0.23015873015873015,20251028063-1.nii.gz,holdout,177,0
6,0.014019012451171875,12.50071846751697,0.0,15.863186984144937,0.3333333333333333,20251028063-1.nii.gz,holdout,178,0
846,1.9766807556152344,5.190952889368204,0.0,46.413557203001886,0.15107142857142858,20251028063-1.nii.gz,holdout,179,0
16,0.037384033203125,4.634724906781682,0.8125,0.68359375,0.4444444444444444,20251028063-1.nii.gz,holdout,181,0
192,0.4486083984375,7.156362202578005,0.40625,0.966747552403483,0.09820971867007673,20251028063-1.nii.gz,holdout,182,0
89,0.2079486846923828,4.0585219484105135,0.0,18.62713037378313,0.20601851851851852,20251028063-1.nii.gz,holdout,183,0
9,0.021028518676757812,50.0,0.0,15.90731286355626,0.75,20251028063-1.nii.gz,holdout,184,0
1251,2.922964096069336,2.1421968346687787,0.0,50.94949967098434,0.3249350649350649,20251028063-1.nii.gz,holdout,185,0
6,0.014019012451171875,4.721351126805232,0.8333333333333334,0.966747552403483,0.3333333333333333,20251028063-1.nii.gz,holdout,189,0
48,0.112152099609375,3.9789383919077554,0.5625,1.5285620939939968,0.2857142857142857,20251028063-1.nii.gz,holdout,190,0
26875,62.79349327087402,4.435281642355299,0.0035348837209302326,15.50565997734401,0.1295305571621361,20251028063-1.nii.gz,holdout,191,1
412,0.9626388549804688,2.961129269937122,0.0,42.15063674463905,0.36140350877192984,20251028063-1.nii.gz,holdout,192,0
6,0.014019012451171875,12.80216224437216,0.8333333333333334,0.68359375,0.375,20251028063-1.nii.gz,holdout,195,0
3736,8.729171752929688,4.194901614710669,0.0,12.98828125,0.24754836999734958,20251028063-1.nii.gz,holdout,196,1
30,0.07009506225585938,3.709969276443199,0.6333333333333333,1.5285620939939968,0.2777777777777778,20251028063-1.nii.gz,holdout,198,0
1572,3.6729812622070312,8.872060409162165,0.2703562340966921,0.0,0.03535762483130904,20251028063-1.nii.gz,holdout,199,0
30,0.07009506225585938,50.0,0.0,20.55333489230671,0.5769230769230769,20251028063-1.nii.gz,holdout,202,0
6,0.014019012451171875,50.0,1.0,0.68359375,0.5,20251028063-1.nii.gz,holdout,205,0
16,0.037384033203125,3.925802495409461,0.75,1.3671875,0.4,20251028063-1.nii.gz,holdout,209,0
1758,4.107570648193359,2.453744063614253,0.0,9.5703125,0.5232142857142857,20251028063-1.nii.gz,holdout,212,1
56,0.1308441162109375,4.4958987486283695,0.75,1.3671875,0.37333333333333335,20251028063-1.nii.gz,holdout,214,0
362,0.8458137512207031,5.813867233467374,0.36464088397790057,2.161713244255728,0.2914653784219002,20251028063-1.nii.gz,holdout,216,0
7,0.016355514526367188,4.79102524646731,0.8571428571428571,0.966747552403483,0.3888888888888889,20251028063-1.nii.gz,holdout,217,0
21,0.04906654357910156,6.761553598661473,0.7142857142857143,0.966747552403483,0.23333333333333334,20251028063-1.nii.gz,holdout,218,0
689,1.6098499298095703,11.896216507226596,0.3367198838896952,2.734375,0.06332720588235294,20251028063-1.nii.gz,holdout,219,0
176,0.411224365234375,6.003989948816449,0.6761363636363636,0.966747552403483,0.04656084656084656,20251028063-1.nii.gz,holdout,223,0
16,0.037384033203125,3.6822545805361284,0.8125,0.966747552403483,0.3333333333333333,20251028063-1.nii.gz,holdout,230,0
7,0.016355514526367188,50.0,1.0,0.68359375,0.2916666666666667,20251028063-1.nii.gz,holdout,231,0
6,0.014019012451171875,50.0,1.0,0.68359375,0.6,20251028063-1.nii.gz,holdout,232,0
91,0.21262168884277344,4.6950070233079275,0.5714285714285714,0.68359375,0.20222222222222222,20251028063-1.nii.gz,holdout,235,0
16,0.037384033203125,3.355291779912799,0.8125,1.3671875,0.4,20251028063-1.nii.gz,holdout,241,0
8,0.0186920166015625,50.0,1.0,0.68359375,0.8,20251028063-1.nii.gz,holdout,242,0
1339,3.1285762786865234,2.9309920642457254,0.0,27.055970282991176,0.3420178799489144,20251028063-1.nii.gz,holdout,245,0
5,0.011682510375976562,50.0,1.0,0.68359375,0.8333333333333334,20251028063-1.nii.gz,holdout,246,0
14,0.032711029052734375,4.3825066191059765,0.7857142857142857,0.966747552403483,0.4375,20251028063-1.nii.gz,holdout,247,0
7,0.016355514526367188,50.0,1.0,0.68359375,0.4375,20251028063-1.nii.gz,holdout,248,0
40,0.0934600830078125,11.174111326378256,0.975,1.5285620939939968,0.028985507246376812,20251028063-1.nii.gz,holdout,250,0
234,0.5467414855957031,2.4638206708867822,0.0,28.329982185398563,0.40625,20251028063-1.nii.gz,holdout,251,0
146,0.3411293029785156,10.688213840220206,0.6643835616438356,0.0,0.06336805555555555,20251028063-1.nii.gz,holdout,256,0
9,0.021028518676757812,50.0,1.0,0.68359375,0.32142857142857145,20251028063-1.nii.gz,holdout,264,0
31,0.07243156433105469,13.752599432818014,0.6451612903225806,1.5285620939939968,0.155,20251028063-1.nii.gz,holdout,265,0
227,0.8042859458923339,26.98582050422355,0.5550660792951542,1.68359375,0.014358001265022138,20251028066-1.nii.gz,train,3,0
16,0.05668975830078125,50.0,1.0,0.841796875,0.13675213675213677,20251028066-1.nii.gz,train,4,0
11,0.03897420883178711,50.0,1.0,1.190480557388289,0.55,20251028066-1.nii.gz,train,6,0
15,0.053146648406982425,50.0,0.8,0.841796875,0.3125,20251028066-1.nii.gz,train,10,0
16,0.05668975830078125,50.0,1.0,1.68359375,0.6666666666666666,20251028066-1.nii.gz,train,17,0
14,0.049603538513183595,50.0,0.7857142857142857,0.841796875,0.15555555555555556,20251028066-1.nii.gz,train,23,0
16,0.05668975830078125,50.0,1.0,2.380961114776578,0.6666666666666666,20251028066-1.nii.gz,train,24,0
602,2.1329521560668945,9.657809118203,0.36710963455149503,2.6619954522120537,0.08449122807017544,20251028066-1.nii.gz,train,30,0
6,0.02125865936279297,50.0,1.0,0.841796875,0.5,20251028066-1.nii.gz,train,31,0
19,0.06731908798217773,50.0,0.8947368421052632,0.841796875,0.5588235294117647,20251028066-1.nii.gz,train,32,0
17,0.060232868194580076,50.0,1.0,1.8823150357468932,0.7083333333333334,20251028066-1.nii.gz,train,33,0
5,0.01771554946899414,50.0,1.0,0.841796875,0.625,20251028066-1.nii.gz,train,34,0
27,0.09566396713256836,3.312073315961899,0.9259259259259259,1.8823150357468932,0.3,20251028066-1.nii.gz,train,38,0
34,0.12046573638916015,3.612547975156115,0.8823529411764706,1.8823150357468932,0.1717171717171717,20251028066-1.nii.gz,train,40,0
617,2.186098804473877,14.618165266981839,0.5899513776337115,2.380961114776578,0.01298892678203023,20251028066-1.nii.gz,train,41,0
17733,62.82996774673462,9.734770257221165,0.13737100321434614,11.78515625,0.023066776973026972,20251028066-1.nii.gz,train,44,0
1882,6.668132820129395,9.761097558553356,0.0,54.326885991509066,0.10707174148034362,20251028066-1.nii.gz,train,45,0
2169,7.685005359649658,13.950644891436266,0.2793914246196404,2.380961114776578,0.03920257374204743,20251028066-1.nii.gz,train,46,0
112,0.39682830810546876,5.499636328830998,0.48214285714285715,1.68359375,0.22857142857142856,20251028066-1.nii.gz,train,48,0
8,0.028344879150390623,50.0,1.0,0.841796875,0.25,20251028066-1.nii.gz,train,51,0
8,0.028344879150390623,50.0,1.0,0.841796875,0.5,20251028066-1.nii.gz,train,54,0
373,1.321579990386963,5.597430032559709,0.3780160857908847,3.03514179633785,0.06404532967032966,20251028066-1.nii.gz,train,55,0
73,0.25864702224731445,50.0,0.1643835616438356,1.190480557388289,0.05289855072463768,20251028066-1.nii.gz,train,56,0
10,0.03543109893798828,5.315155650547623,0.9,0.841796875,0.4166666666666667,20251028066-1.nii.gz,train,58,0
83,0.29407812118530274,7.586294821213952,0.0,57.718542539577925,0.1580952380952381,20251028066-1.nii.gz,train,59,0
12,0.04251731872558594,8.67517287485875,0.8333333333333334,0.841796875,0.2857142857142857,20251028066-1.nii.gz,train,60,0
11,0.03897420883178711,8.928514743000108,0.9090909090909091,0.841796875,0.22916666666666666,20251028066-1.nii.gz,train,61,0
11,0.03897420883178711,11.228038376456782,0.8181818181818182,1.68359375,0.3055555555555556,20251028066-1.nii.gz,train,66,0
5,0.01771554946899414,50.0,1.0,0.841796875,0.5,20251028066-1.nii.gz,train,72,0
9,0.031887989044189456,12.429567325709435,0.4444444444444444,10.0,0.37500000000000006,20251028066-1.nii.gz,train,73,0
418,1.4810199356079101,3.1221459042766377,0.0,62.8704493185946,0.2580246913580247,20251028066-1.nii.gz,train,74,0
11,0.03897420883178711,50.0,1.0,0.841796875,0.125,20251028066-1.nii.gz,train,78,0
10,0.03543109893798828,50.0,1.0,0.0,0.16666666666666666,20251028066-1.nii.gz,train,83,0
36197,128.24994882583619,10.222986236488417,0.0008564245655717325,28.674025286044795,0.04251468170072821,20251028066-1.nii.gz,train,84,1
10,0.03543109893798828,11.936055113594175,0.7,1.190480557388289,0.2777777777777778,20251028066-1.nii.gz,train,86,0
8,0.028344879150390623,50.0,1.0,3.571441672164867,0.8888888888888888,20251028066-1.nii.gz,train,92,0
7,0.024801769256591798,50.0,0.0,6.786783377962256,0.5833333333333334,20251028066-1.nii.gz,train,94,0
42,0.14881061553955077,20.50025676691368,0.8333333333333334,0.841796875,0.09545454545454546,20251028066-1.nii.gz,train,95,0
1830,6.483891105651855,11.903673840471434,0.0,65.10262940893425,0.06982600732600733,20251028066-1.nii.gz,train,97,0
10,0.03543109893798828,50.0,0.0,14.701350397896396,0.6666666666666666,20251028066-1.nii.gz,train,100,1
25,0.0885777473449707,4.637646661544163,0.0,66.71090058869493,0.35714285714285715,20251028066-1.nii.gz,train,102,0
6,0.02125865936279297,50.0,1.0,1.190480557388289,0.6666666666666666,20251028066-1.nii.gz,train,103,0
13,0.046060428619384766,50.0,0.0,13.934217673776155,0.65,20251028066-1.nii.gz,train,104,1
6,0.02125865936279297,50.0,0.0,16.94083532172204,0.75,20251028066-1.nii.gz,train,105,0
612,2.168383255004883,18.32755491366785,0.4264705882352941,2.380961114776578,0.04069148936170213,20251028066-1.nii.gz,train,106,0
20,0.07086219787597656,50.0,0.0,10.547684611576287,0.2777777777777778,20251028066-1.nii.gz,train,107,1
15,0.053146648406982425,50.0,0.0,17.092410186759256,0.2777777777777778,20251028066-1.nii.gz,train,109,1
10,0.03543109893798828,50.0,0.9,1.8823150357468932,0.625,20251028066-1.nii.gz,train,113,0
129,0.45706117630004883,17.77181116287259,0.6976744186046512,1.190480557388289,0.03260869565217391,20251028066-1.nii.gz,train,115,0
118,0.41808696746826174,3.453282530281522,0.7203389830508474,2.380961114776578,0.08513708513708514,20251028066-1.nii.gz,train,116,0
10,0.03543109893798828,50.0,1.0,0.841796875,0.05555555555555555,20251028066-1.nii.gz,train,117,0
13,0.046060428619384766,50.0,0.0,12.71864937407407,0.325,20251028066-1.nii.gz,train,118,1
70,0.24801769256591796,7.6842575527558346,0.5857142857142857,1.190480557388289,0.11784511784511785,20251028066-1.nii.gz,train,121,0
12,0.04251731872558594,12.14823811220191,0.8333333333333334,0.841796875,0.25,20251028066-1.nii.gz,train,123,0
6,0.02125865936279297,50.0,0.0,5.64694510724068,0.5,20251028066-1.nii.gz,train,124,0
11,0.03897420883178711,50.0,1.0,5.0,0.7333333333333333,20251028066-1.nii.gz,train,125,0
7661,27.143764896392824,2.371212552685625,0.0,36.90489727903696,0.3114734103106196,20251028066-1.nii.gz,train,126,0
91,0.3224230003356934,3.9672572029079913,0.0,59.99407688150771,0.2549019607843137,20251028066-1.nii.gz,train,128,0
14,0.049603538513183595,50.0,0.0,12.428981912032413,0.3111111111111111,20251028066-1.nii.gz,train,130,0
326,1.155053825378418,1.9912737812539762,0.0,36.40727857192729,0.4704184704184704,20251028066-1.nii.gz,train,132,0
26,0.09212085723876953,11.617515543534996,0.7307692307692307,0.841796875,0.4126984126984127,20251028066-1.nii.gz,train,134,0
17,0.060232868194580076,9.33314631590458,0.8235294117647058,1.190480557388289,0.19318181818181818,20251028066-1.nii.gz,train,135,0
26,0.09212085723876953,8.145080682534225,0.7307692307692307,1.68359375,0.28888888888888886,20251028066-1.nii.gz,train,136,0
6,0.02125865936279297,50.0,0.0,49.21538605350721,0.6,20251028066-1.nii.gz,train,138,0
28,0.09920707702636719,50.0,0.0,13.70346030648237,0.18181818181818182,20251028066-1.nii.gz,train,141,0
1833,6.494520435333252,8.372116195468429,0.24386252045826515,0.0,0.016681834728795048,20251028066-1.nii.gz,train,143,0
14,0.049603538513183595,3.159319927697703,0.0,7.542412680581026,0.2916666666666667,20251028066-1.nii.gz,train,144,0
52,0.18424171447753906,11.26586014008729,0.8653846153846154,0.0,0.14444444444444443,20251028066-1.nii.gz,train,146,0
28,0.09920707702636719,6.870221611727803,0.0,8.948423525954363,0.23333333333333334,20251028066-1.nii.gz,train,150,1
7,0.024801769256591798,12.150305156730361,1.0,0.841796875,0.19444444444444445,20251028066-1.nii.gz,train,151,0
118,0.41808696746826174,2.795916460286441,0.0,42.48597898889152,0.6145833333333334,20251028066-1.nii.gz,train,152,0
10,0.03543109893798828,14.763396804380319,1.0,0.0,0.2222222222222222,20251028066-1.nii.gz,train,153,0
8,0.028344879150390623,50.0,0.0,11.964181531114974,0.4444444444444444,20251028066-1.nii.gz,train,155,0
61,0.21612970352172853,4.5505966495674315,0.39344262295081966,1.190480557388289,0.16944444444444445,20251028066-1.nii.gz,train,157,0
6,0.02125865936279297,11.600173714223072,1.0,0.841796875,0.2,20251028066-1.nii.gz,train,158,0
693,2.455375156402588,3.401095172851883,0.0,50.45362601883522,0.3701923076923077,20251028066-1.nii.gz,train,160,0
68,0.2409314727783203,4.069656447884398,0.23529411764705882,2.380961114776578,0.17708333333333334,20251028066-1.nii.gz,train,161,0
28,0.09920707702636719,10.042139645713226,0.7142857142857143,1.190480557388289,0.1346153846153846,20251028066-1.nii.gz,train,168,0
25,0.0885777473449707,15.240216489517952,1.0,0.0,0.05580357142857143,20251028066-1.nii.gz,train,171,0
13,0.046060428619384766,50.0,0.0,69.48837646875855,0.7222222222222222,20251028066-1.nii.gz,train,173,0
44,0.15589683532714843,2.7504502770138783,0.0,17.31892975211774,0.4074074074074074,20251028066-1.nii.gz,train,177,0
7,0.024801769256591798,50.0,1.0,0.841796875,1.0,20251028066-1.nii.gz,train,180,0
5053,17.90333429336548,5.253055415112229,0.0,25.744121287855002,0.1841472303206997,20251028066-1.nii.gz,train,181,0
61,0.21612970352172853,5.123530833819962,0.0,4.208984375,0.15885416666666666,20251028066-1.nii.gz,train,182,1
37,0.13109506607055665,50.0,0.0,34.96528484231187,0.6851851851851852,20251028066-1.nii.gz,train,183,0
10,0.03543109893798828,6.060668554011472,0.9,0.841796875,0.16666666666666666,20251028066-1.nii.gz,train,184,0
94567,335.0612733268738,5.727370532311934,0.0,47.1201749805511,0.12794677937849744,20251028066-1.nii.gz,train,190,0
68,0.2409314727783203,2.564265250535609,0.0,77.04844917355604,0.40476190476190477,20251028066-1.nii.gz,train,191,0
106,0.3755696487426758,5.503435657882645,0.0,77.30659976731759,0.3028571428571429,20251028066-1.nii.gz,train,192,0
11,0.03897420883178711,7.0032089767626795,0.8181818181818182,1.190480557388289,0.14666666666666667,20251028066-1.nii.gz,train,193,0
5,0.01771554946899414,50.0,0.0,24.987602211541358,0.8333333333333334,20251028066-1.nii.gz,train,195,1
10,0.03543109893798828,50.0,0.0,9.79092426055766,0.8333333333333334,20251028066-1.nii.gz,train,196,1
38,0.13463817596435546,50.0,0.13157894736842105,4.208984375,0.475,20251028066-1.nii.gz,train,198,0
5,0.01771554946899414,50.0,0.0,43.16635280971254,0.8333333333333334,20251028066-1.nii.gz,train,202,0
10,0.03543109893798828,7.036038953781811,0.8,1.190480557388289,0.4166666666666667,20251028066-1.nii.gz,train,203,0
12,0.04251731872558594,50.0,0.8333333333333334,0.841796875,0.3,20251028066-1.nii.gz,train,206,0
8,0.028344879150390623,50.0,0.0,4.208984375,0.8888888888888888,20251028066-1.nii.gz,train,207,0
35,0.12400884628295898,7.726600760187914,0.8857142857142857,1.190480557388289,0.175,20251028066-1.nii.gz,train,212,0
190,0.6731908798217774,4.039809145370259,0.0,7.529260142987573,0.15079365079365079,20251028066-1.nii.gz,train,215,0
29,0.10275018692016602,50.0,0.0,80.92950975015775,0.58,20251028066-1.nii.gz,train,218,0
16,0.05668975830078125,50.0,0.625,1.190480557388289,0.32,20251028066-1.nii.gz,train,219,0
551,1.9522535514831543,4.584611925068289,0.3793103448275862,0.0,0.03826388888888889,20251028066-1.nii.gz,train,227,0
19,0.06731908798217773,4.6404721720715605,0.8421052631578947,1.190480557388289,0.19791666666666666,20251028066-1.nii.gz,train,228,0
197,0.6979926490783691,5.01332962912437,0.6954314720812182,5.0,0.18761904761904763,20251028066-1.nii.gz,train,229,0
8,0.028344879150390623,50.0,0.0,16.757462049256606,0.4,20251028066-1.nii.gz,train,232,0
50,0.1771554946899414,2.0650589739465395,0.3,2.525390625,0.2604166666666667,20251028066-1.nii.gz,train,233,0
211,0.7475961875915528,2.3858306439872496,0.0,9.038238672483773,0.22542735042735043,20251028066-1.nii.gz,train,234,0
15,0.053146648406982425,4.004261268404209,0.6666666666666666,1.68359375,0.46875,20251028066-1.nii.gz,train,237,0
17,0.060232868194580076,16.467122715400553,0.9411764705882353,0.0,0.18888888888888888,20251028066-1.nii.gz,train,238,0
3848,13.633886871337891,3.585955188644907,0.07822245322245322,8.584677384212853,0.11524408505540581,20251028066-1.nii.gz,train,243,0
13,0.046060428619384766,4.285115984245694,0.0,6.410934001225282,0.18571428571428572,20251028066-1.nii.gz,train,244,0
23,0.08149152755737304,50.0,0.0,13.573566755924512,0.7666666666666667,20251028066-1.nii.gz,train,245,1
67,0.23738836288452148,8.363529524741356,0.6865671641791045,1.190480557388289,0.13293650793650794,20251028066-1.nii.gz,train,247,0
36,0.12755195617675782,7.182143963518755,0.8055555555555556,0.841796875,0.060000000000000005,20251028066-1.nii.gz,train,250,0
10,0.03543109893798828,50.0,0.0,7.529260142987573,0.4166666666666667,20251028066-1.nii.gz,train,254,0
5,0.01771554946899414,9.206949645338002,0.4,1.190480557388289,0.2777777777777778,20251028066-1.nii.gz,train,257,0
39,0.13818128585815428,4.4845608363103855,0.0,8.788617393243062,0.1989795918367347,20251028066-1.nii.gz,train,260,0
11,0.03897420883178711,50.0,0.0,9.232164870417993,0.6875,20251028066-1.nii.gz,train,262,0
8,0.028344879150390623,50.0,0.0,15.9390558418355,0.8888888888888888,20251028066-1.nii.gz,train,264,0
5,0.01771554946899414,50.0,0.6,0.841796875,0.8333333333333334,20251028066-1.nii.gz,train,269,0
9,0.031887989044189456,7.2264828045079526,0.8888888888888888,0.841796875,0.37500000000000006,20251028066-1.nii.gz,train,270,0
17,0.060232868194580076,6.696350580075107,0.0,6.0702835926757,0.12142857142857143,20251028066-1.nii.gz,train,271,0
7,0.024801769256591798,5.711770333748589,0.0,15.058520285975145,0.2916666666666667,20251028066-1.nii.gz,train,276,0
7,0.024801769256591798,50.0,1.0,0.0,0.25,20251028066-1.nii.gz,train,279,0
10,0.03543109893798828,50.0,0.0,8.429734789386009,0.8333333333333334,20251028066-1.nii.gz,train,281,0
16,0.05668975830078125,50.0,1.0,0.841796875,0.5,20251028066-1.nii.gz,train,284,0
72,0.25510391235351565,5.485800731457968,0.4444444444444444,6.941634861879733,0.2016806722689076,20251028066-1.nii.gz,train,285,0
7,0.024801769256591798,50.0,0.0,8.130195247844076,0.875,20251028066-1.nii.gz,train,286,0
9,0.031887989044189456,50.0,0.0,12.80194937643928,0.9000000000000001,20251028066-1.nii.gz,train,289,0
16,0.05668975830078125,3.7405021424528493,0.0,17.5627102550804,0.2222222222222222,20251028066-1.nii.gz,train,290,0
1611,5.707950038909912,4.093765143041666,0.5090006207324643,1.8823150357468932,0.07825706791023025,20251028066-1.nii.gz,train,291,0
188,0.6661046600341797,5.019746803891474,0.0,14.33528422600445,0.10657596371882086,20251028066-1.nii.gz,train,292,0
14,0.049603538513183595,50.0,0.0,7.1923156527965935,0.7,20251028066-1.nii.gz,train,297,0
9,0.031887989044189456,15.172318565606304,0.7777777777777778,0.841796875,0.2,20251028066-1.nii.gz,train,298,0
20,0.07086219787597656,3.362667877115949,0.0,11.302662824315606,0.2857142857142857,20251028066-1.nii.gz,train,299,0
42,0.14881061553955077,15.14805027630392,0.9285714285714286,0.0,0.12280701754385964,20251028066-1.nii.gz,train,301,0
5513,19.53316484451294,4.789651796870111,0.0,64.65412954667121,0.3719973009446694,20251028066-1.nii.gz,train,302,0
87,0.30825056076049806,28.08338282819648,0.632183908045977,1.8823150357468932,0.04672395273899033,20251028066-1.nii.gz,train,304,0
9,0.031887989044189456,50.0,0.0,5.64694510724068,1.0000000000000002,20251028066-1.nii.gz,train,305,1
8,0.028344879150390623,50.0,0.0,17.93874798729852,0.6666666666666666,20251028066-1.nii.gz,train,306,0
8,0.028344879150390623,50.0,0.0,9.934620566031478,0.8888888888888888,20251028066-1.nii.gz,train,309,0
8,0.028344879150390623,7.833687207289329,0.75,1.68359375,0.6666666666666666,20251028066-1.nii.gz,train,312,0
199,0.7050788688659668,4.285351664479725,0.0,9.297950387515057,0.044222222222222225,20251028066-1.nii.gz,train,315,0
7,0.024801769256591798,6.371722633677791,0.0,12.87701607631928,0.2916666666666667,20251028066-1.nii.gz,train,316,0
11,0.03897420883178711,50.0,0.0,5.05078125,0.6875,20251028066-1.nii.gz,train,320,0
1464,5.1871128845214844,3.196585473853175,0.26707650273224043,2.380961114776578,0.048126232741617356,20251028066-1.nii.gz,train,323,0
9,0.031887989044189456,4.386409130528423,0.0,12.052697027875212,0.33333333333333337,20251028066-1.nii.gz,train,324,0
15,0.053146648406982425,3.6356639950935863,0.0,15.528351603493801,0.5,20251028066-1.nii.gz,train,326,0
7,0.024801769256591798,16.230342813535763,1.0,0.0,0.14,20251028066-1.nii.gz,train,327,0
12,0.04251731872558594,5.408511249645165,0.0,21.114154627518612,0.24,20251028066-1.nii.gz,train,328,1
15,0.053146648406982425,2.7594098046412467,0.0,14.384631305593187,0.5,20251028066-1.nii.gz,train,329,0
64,0.226759033203125,3.5681114585975453,0.0,12.428981912032413,0.1580246913580247,20251028066-1.nii.gz,train,331,0
170,0.6023286819458008,3.7037950483514086,0.0,19.37079914451312,0.3125,20251028066-1.nii.gz,train,332,0
14,0.049603538513183595,50.0,0.0,12.80194937643928,0.5185185185185185,20251028066-1.nii.gz,train,334,0
6,0.02125865936279297,50.0,0.0,15.228841643337537,1.0,20251028066-1.nii.gz,train,337,0
27,0.09566396713256836,6.721010729651727,0.0,16.859469578772018,0.09642857142857143,20251028066-1.nii.gz,train,340,0
14,0.049603538513183595,50.0,0.0,14.366879499825284,0.3181818181818182,20251028066-1.nii.gz,train,341,1
47,0.16652616500854492,8.161473377889928,0.0,11.724873725520226,0.2175925925925926,20251028066-1.nii.gz,train,343,1
186,0.6590184402465821,3.011750924023928,0.7741935483870968,0.841796875,0.20666666666666667,20251028066-1.nii.gz,train,345,0
370,1.3109506607055663,2.825925456550591,0.0,100.26893939103975,0.36706349206349204,20251028066-1.nii.gz,train,347,0
9,0.031887989044189456,50.0,0.0,13.580866880319064,1.0000000000000002,20251028066-1.nii.gz,train,351,1
8,0.028344879150390623,5.6232548818928585,0.0,15.25208968556805,0.3333333333333333,20251028066-1.nii.gz,train,353,0
3632,12.868575134277343,2.632551602138756,0.0,42.56929210630744,0.3459047619047619,20251028066-1.nii.gz,train,356,0
6,0.02125865936279297,50.0,0.0,20.846666489468873,0.6666666666666666,20251028066-1.nii.gz,train,357,0
33,0.11692262649536132,8.816632805036315,0.8484848484848485,0.841796875,0.16176470588235295,20251028066-1.nii.gz,train,360,0
30,0.10629329681396485,50.0,0.0,6.734375,0.75,20251028066-1.nii.gz,train,361,0
24,0.08503463745117187,9.025198947978861,0.0,21.73267288179616,0.09523809523809523,20251028066-1.nii.gz,train,362,0
38,0.13463817596435546,3.3567685663335833,0.7368421052631579,5.0,0.31666666666666665,20251028066-1.nii.gz,train,364,0
30,0.10629329681396485,4.102317610789509,0.6666666666666666,1.68359375,0.2777777777777778,20251028066-1.nii.gz,train,367,0
27,0.09566396713256836,6.443841786748359,0.0,13.498153560251595,0.375,20251028066-1.nii.gz,train,369,0
229,0.8113721656799316,5.2980343155604155,0.0,22.461942232962695,0.2336734693877551,20251028066-1.nii.gz,train,372,1
11,0.03897420883178711,5.933832457664648,0.9090909090909091,0.841796875,0.24444444444444444,20251028066-1.nii.gz,train,373,0
149,0.5279233741760254,2.898199004894559,0.3221476510067114,0.841796875,0.0700187969924812,20251028066-1.nii.gz,train,376,0
5,0.01771554946899414,5.390623798630286,0.0,17.58287273123098,0.625,20251028066-1.nii.gz,train,377,0
7,0.024801769256591798,50.0,0.0,14.313491986808994,0.5833333333333334,20251028066-1.nii.gz,train,378,0
16,0.05668975830078125,6.99637798778079,0.0,23.4799467519647,0.5,20251028066-1.nii.gz,train,379,1
14,0.049603538513183595,50.0,1.0,1.68359375,0.7777777777777778,20251028066-1.nii.gz,train,381,0
940,3.3305233001708983,2.8712042300114957,0.0,88.60998677012435,0.3766025641025641,20251028066-1.nii.gz,train,382,0
96,0.3401385498046875,10.871815441001532,0.0,20.36035013388677,0.17142857142857143,20251028066-1.nii.gz,train,384,1
34,0.12046573638916015,3.466786426165287,0.6470588235294118,1.8823150357468932,0.3148148148148148,20251028066-1.nii.gz,train,386,0
60,0.2125865936279297,4.300413612054929,0.0,20.0,0.1388888888888889,20251028066-1.nii.gz,train,387,0
124,0.4393456268310547,3.441226982517617,0.9596774193548387,5.0,0.2980769230769231,20251028066-1.nii.gz,train,389,0
9,0.031887989044189456,50.0,1.0,0.841796875,0.37500000000000006,20251028066-1.nii.gz,train,392,0
6,0.02125865936279297,50.0,0.0,21.630735926566473,0.75,20251028066-1.nii.gz,train,394,0
21,0.07440530776977539,3.0262903831838317,0.7619047619047619,1.8823150357468932,0.4375,20251028066-1.nii.gz,train,396,0
29,0.10275018692016602,3.8541737663816695,0.7586206896551724,1.68359375,0.4027777777777778,20251028066-1.nii.gz,train,397,0
726,2.5722977828979494,12.799343035477717,0.0,32.3766912659262,0.07355623100303951,20251028066-1.nii.gz,train,399,0
13,0.046060428619384766,4.872964799200891,0.0,10.1015625,0.5416666666666666,20251028066-1.nii.gz,train,401,0
11,0.03897420883178711,3.91150510148945,0.0,49.28848114855929,0.34375,20251028066-1.nii.gz,train,403,0
5,0.01771554946899414,50.0,1.0,0.841796875,1.0,20251028066-1.nii.gz,train,407,0
139,0.4924922752380371,5.610438977371911,0.45323741007194246,2.380961114776578,0.2171875,20251028066-1.nii.gz,train,410,0
99,0.350767879486084,8.793085445256873,0.6262626262626263,1.8823150357468932,0.05380434782608696,20251028066-1.nii.gz,train,411,0
16,0.05668975830078125,50.0,0.0,57.12121142088509,0.6666666666666666,20251028066-1.nii.gz,train,413,0
128,0.45351806640625,10.790197256363358,0.8515625,2.525390625,0.14814814814814814,20251028066-1.nii.gz,train,415,0
9,0.031887989044189456,50.0,0.0,50.48872634898097,0.9000000000000001,20251028066-1.nii.gz,train,416,0
201,0.7121650886535644,7.4432539246077765,0.5024875621890548,0.0,0.06175115207373272,20251028066-1.nii.gz,train,417,0
8,0.028344879150390623,50.0,0.0,51.74874437808373,0.8888888888888888,20251028066-1.nii.gz,train,421,0
76,0.2692763519287109,4.040386106472241,0.39473684210526316,1.190480557388289,0.2638888888888889,20251028066-1.nii.gz,train,424,0
102,0.36139720916748047,5.707795482146096,0.30392156862745096,1.190480557388289,0.12,20251028066-1.nii.gz,train,425,0
397,1.4066146278381348,21.71128538664165,0.6347607052896725,1.68359375,0.03657637737239727,20251028066-1.nii.gz,train,429,0
10,0.03543109893798828,50.0,1.0,0.841796875,0.3125,20251028066-1.nii.gz,train,430,0
142,0.5031216049194336,3.025350307592491,0.0,29.99065724170697,0.4226190476190476,20251028066-1.nii.gz,train,433,0
12,0.04251731872558594,50.0,0.0,59.09100880914557,0.8,20251028066-1.nii.gz,train,435,0
6,0.02125865936279297,50.0,0.0,37.55318946143998,0.6666666666666666,20251028066-1.nii.gz,train,438,0
5,0.01771554946899414,50.0,1.0,0.841796875,0.2777777777777778,20251028066-1.nii.gz,train,440,0
172,0.6094149017333984,2.4241069978563665,0.0,84.30863214193312,0.2866666666666667,20251028066-1.nii.gz,train,444,0
6,0.02125865936279297,50.0,1.0,1.68359375,0.75,20251028066-1.nii.gz,train,445,0
30674,108.68135288238526,9.619182448718554,0.0,33.35597109435888,0.02874681361523467,20251028066-1.nii.gz,train,450,1
186,0.6590184402465821,30.573072868423033,0.7741935483870968,1.68359375,0.030592105263157896,20251028066-1.nii.gz,train,453,0
9,0.031887989044189456,14.86123224691563,1.0,0.841796875,0.37500000000000006,20251028066-1.nii.gz,train,454,0
23,0.08149152755737304,4.315632316493768,0.0,57.30081004290852,0.5476190476190477,20251028066-1.nii.gz,train,455,0
394,1.3959852981567382,20.47744166826034,0.6243654822335025,2.525390625,0.04735576923076923,20251028066-1.nii.gz,train,457,0
5,0.01771554946899414,50.0,0.0,15.955986999185104,0.8333333333333334,20251028066-1.nii.gz,train,458,1
32,0.1133795166015625,50.0,0.0,18.93797830411986,0.7111111111111111,20251028066-1.nii.gz,train,459,1
18,0.06377597808837891,11.735180942656195,0.8888888888888888,0.841796875,0.13636363636363638,20251028066-1.nii.gz,train,460,0
8,0.028344879150390623,3.448122180485047,0.875,0.841796875,0.4444444444444444,20251028066-1.nii.gz,train,461,0
120,0.4251731872558594,2.658007380608188,0.0,30.153143877942096,0.3333333333333333,20251028066-1.nii.gz,train,464,0
146,0.5172940444946289,13.13724676943266,0.5273972602739726,2.380961114776578,0.11060606060606061,20251028066-1.nii.gz,train,465,0
39,0.13818128585815428,5.762780616558934,0.46153846153846156,1.68359375,0.21666666666666667,20251028066-1.nii.gz,train,468,0
11,0.03897420883178711,6.233615440820335,0.7272727272727273,1.68359375,0.275,20251028066-1.nii.gz,train,469,0
19,0.06731908798217773,50.0,1.0,0.841796875,0.3958333333333333,20251028066-1.nii.gz,train,472,0
49,0.17361238479614258,9.583272572433318,0.7142857142857143,1.68359375,0.10208333333333333,20251028066-1.nii.gz,train,473,0
363,1.2861488914489747,2.691414587404906,0.0,38.32234262110977,0.1527777777777778,20251028066-1.nii.gz,train,483,0
680,2.409314727783203,6.505657576375578,0.0,50.01435378990688,0.3497942386831276,20251028066-1.nii.gz,train,485,0
92,0.3259661102294922,3.0666110847363965,0.41304347826086957,1.68359375,0.20175438596491227,20251028066-1.nii.gz,train,486,0
99,0.350767879486084,5.966422636236896,0.5858585858585859,1.68359375,0.09375,20251028066-1.nii.gz,train,489,0
22,0.07794841766357422,50.0,0.0,5.892578125,0.7857142857142857,20251028066-1.nii.gz,train,491,1
241,0.8538894844055176,13.47972551598153,0.22821576763485477,5.64694510724068,0.12552083333333333,20251028066-1.nii.gz,train,496,0
12,0.04251731872558594,5.9332978172412325,0.8333333333333334,1.190480557388289,0.16,20251028066-1.nii.gz,train,497,0
7256,25.708805389404297,2.538223927980708,0.0,39.22331453182595,0.3610489127730507,20251028066-1.nii.gz,train,500,0
12,0.04251731872558594,3.2444185605744518,0.0,52.431970097854276,0.5,20251028066-1.nii.gz,train,501,0
31,0.10983640670776368,50.0,0.0,22.36898339217202,0.6888888888888889,20251028066-1.nii.gz,train,502,1
6,0.02125865936279297,13.218071113415487,0.5,4.292338692106426,0.25,20251028066-1.nii.gz,train,504,0
6,0.02125865936279297,50.0,0.8333333333333334,0.841796875,0.4,20251028066-1.nii.gz,train,505,0
30,0.10629329681396485,50.0,1.0,1.68359375,0.35714285714285715,20251028066-1.nii.gz,train,506,0
6,0.02125865936279297,7.395523744721003,1.0,0.841796875,0.375,20251028066-1.nii.gz,train,507,0
5,0.01771554946899414,50.0,1.0,2.525390625,0.625,20251028066-1.nii.gz,train,508,0
36,0.12755195617675782,5.456692436922253,0.0,99.91358590062701,0.33333333333333337,20251028066-1.nii.gz,train,510,0
2030,7.192513084411621,3.652236985264929,0.24778325123152709,4.533214906005803,0.05143407317320361,20251028066-1.nii.gz,train,513,0
9,0.031887989044189456,5.096087138319153,0.6666666666666666,0.841796875,0.37500000000000006,20251028066-1.nii.gz,train,514,0
105,0.37202653884887693,5.582955985675928,0.0,55.886169068271634,0.08522727272727272,20251028066-1.nii.gz,train,518,0
60,0.2125865936279297,3.252575253335031,0.0,57.3106705468241,0.23809523809523808,20251028066-1.nii.gz,train,523,0
68,0.2409314727783203,5.123920897573929,0.4264705882352941,1.190480557388289,0.18681318681318682,20251028066-1.nii.gz,train,525,0
82,0.2905350112915039,6.023709629839771,0.0,87.38889554796991,0.2847222222222222,20251028066-1.nii.gz,train,526,0
10,0.03543109893798828,50.0,0.0,95.43272726719479,0.8333333333333334,20251028066-1.nii.gz,train,527,0
83,0.29407812118530274,2.2996405200205343,0.0,47.022322406213384,0.49404761904761907,20251028066-1.nii.gz,train,529,0
42,0.14881061553955077,3.86142052837024,0.0,54.380858287709195,0.2,20251028066-1.nii.gz,train,530,0
5,0.01771554946899414,7.530481691381232,1.0,1.190480557388289,0.4166666666666667,20251028066-1.nii.gz,train,532,0
19,0.06731908798217773,50.0,0.0,89.65675666056953,0.76,20251028066-1.nii.gz,train,535,0
36,0.12755195617675782,8.596636457112528,1.0,0.0,0.1285714285714286,20251028066-1.nii.gz,train,536,0
10,0.03543109893798828,50.0,0.0,25.56787627374746,0.8333333333333334,20251028066-1.nii.gz,train,537,1
574,2.033745079040527,3.2268215680002186,0.5487804878048781,1.68359375,0.07247474747474747,20251028066-1.nii.gz,train,543,0
7431,26.328849620819092,3.145694383914395,0.0,39.036834634905894,0.16243688110695784,20251028066-1.nii.gz,train,545,0
23,0.08149152755737304,4.244065318281582,0.0,60.02784988647693,0.2875,20251028066-1.nii.gz,train,550,0
6,0.02125865936279297,50.0,0.0,101.5308804632984,1.0,20251028066-1.nii.gz,train,551,0
30,0.10629329681396485,50.0,0.3,4.208984375,0.625,20251028066-1.nii.gz,train,552,0
47,0.16652616500854492,5.6820445024056605,0.0,17.27796526797266,0.27976190476190477,20251028066-1.nii.gz,train,555,1
25,0.0885777473449707,6.4226358724958414,0.68,1.190480557388289,0.2777777777777778,20251028066-1.nii.gz,train,556,0
75,0.2657332420349121,2.4094382738235343,0.0,45.79870147863262,0.5208333333333334,20251028066-1.nii.gz,train,557,0
48,0.17006927490234375,5.861630075047521,0.0,4.208984375,0.17582417582417584,20251028066-1.nii.gz,train,559,0
16,0.05668975830078125,50.0,0.9375,0.841796875,0.26666666666666666,20251028066-1.nii.gz,train,561,0
51,0.18069860458374024,4.848379665553946,0.0,42.24508665509614,0.31875,20251028066-1.nii.gz,train,562,0
2491,8.82588674545288,6.018971240869698,0.2621437173825773,1.68359375,0.01554310387860031,20251028066-1.nii.gz,train,563,0
21,0.07440530776977539,7.238674351739559,0.0,20.846666489468873,0.175,20251028066-1.nii.gz,train,564,1
20,0.07086219787597656,4.320720057863261,0.0,61.99809548313865,0.4166666666666667,20251028066-1.nii.gz,train,565,0
1265,4.482034015655517,4.150940067012263,0.5217391304347826,1.8823150357468932,0.08195659216067379,20251028066-1.nii.gz,train,566,0
69,0.24447458267211913,6.354034169205932,0.5217391304347826,0.0,0.115,20251028066-1.nii.gz,train,567,0
10,0.03543109893798828,4.169981903208942,1.0,0.841796875,0.2,20251028066-1.nii.gz,train,569,0
15,0.053146648406982425,50.0,0.0,23.526964666234573,0.75,20251028066-1.nii.gz,train,570,0
5,0.01771554946899414,50.0,1.0,0.841796875,0.625,20251028066-1.nii.gz,train,577,0
7,0.024801769256591798,50.0,1.0,0.841796875,0.5833333333333334,20251028066-1.nii.gz,train,578,0
10,0.03543109893798828,14.353156118982305,1.0,0.841796875,0.2777777777777778,20251028066-1.nii.gz,train,579,0
10,0.03543109893798828,10.355353859052682,0.4,7.576171875,0.20833333333333334,20251028066-1.nii.gz,train,580,0
10,0.03543109893798828,2.613290182759055,0.0,13.068201746265762,0.4166666666666667,20251028066-1.nii.gz,train,581,1
55,0.19487104415893555,3.510515336860266,0.7272727272727273,1.68359375,0.5,20251028066-1.nii.gz,train,582,0
115,0.4074576377868652,3.1555344108896426,0.4260869565217391,0.0,0.09395424836601307,20251028066-1.nii.gz,train,583,0
5,0.01771554946899414,50.0,1.0,0.841796875,0.4166666666666667,20251028066-1.nii.gz,train,584,0
116,0.4110007476806641,8.359682226478078,0.6637931034482759,0.841796875,0.1681159420289855,20251028066-1.nii.gz,train,590,0
5,0.01771554946899414,50.0,1.0,0.841796875,0.3125,20251028066-1.nii.gz,train,593,0
11,0.03897420883178711,8.741637632908933,0.0,13.46875,0.36666666666666664,20251028066-1.nii.gz,train,596,1
25,0.0885777473449707,6.0146735451647,0.0,12.060917725826677,0.20833333333333334,20251028066-1.nii.gz,train,597,1
98,0.34722476959228515,8.907939301841335,0.46938775510204084,1.68359375,0.10144927536231885,20251028066-1.nii.gz,train,598,0
9,0.031887989044189456,8.177393610918825,0.0,20.00928329549231,0.25000000000000006,20251028066-1.nii.gz,train,600,1
20,0.07086219787597656,4.298057486150529,0.2,7.529260142987573,0.35714285714285715,20251028066-1.nii.gz,train,602,0
8,0.028344879150390623,13.132493826329446,1.0,0.841796875,0.2222222222222222,20251028066-1.nii.gz,train,604,0
415,1.4703906059265137,9.0733617380125,0.30120481927710846,2.6619954522120537,0.07477477477477477,20251028066-1.nii.gz,train,605,0
5,0.01771554946899414,50.0,0.0,16.082506715288957,0.625,20251028066-1.nii.gz,train,607,1
30,0.10629329681396485,6.362104404460683,0.0,15.0,0.375,20251028066-1.nii.gz,train,609,0
5,0.01771554946899414,50.0,0.0,7.773744203277355,0.8333333333333334,20251028066-1.nii.gz,train,611,1
27,0.09566396713256836,50.0,1.0,0.841796875,0.54,20251028066-1.nii.gz,train,612,0
649,2.2994783210754393,14.284147867537262,0.39907550077041604,2.380961114776578,0.03664182475158085,20251028066-1.nii.gz,train,614,0
63,0.22321592330932616,7.161317738878584,0.47619047619047616,1.190480557388289,0.20454545454545456,20251028066-1.nii.gz,train,616,0
10,0.03543109893798828,6.391411485365394,1.0,0.841796875,0.3333333333333333,20251028066-1.nii.gz,train,618,0
149,0.5279233741760254,4.322474802496388,0.0,11.449675369658156,0.10582386363636363,20251028066-1.nii.gz,train,620,0
20,0.07086219787597656,3.772775580627181,0.7,1.190480557388289,0.4,20251028066-1.nii.gz,train,625,0
75,0.2657332420349121,14.78290617166795,0.6,0.841796875,0.06944444444444445,20251028066-1.nii.gz,train,628,0
17,0.060232868194580076,50.0,0.8235294117647058,0.841796875,0.30357142857142855,20251028066-1.nii.gz,train,630,0
11,0.03897420883178711,4.099360783955048,0.7272727272727273,1.190480557388289,0.4583333333333333,20251028066-1.nii.gz,train,632,0
13,0.046060428619384766,13.198935160546993,1.0,0.841796875,0.18055555555555555,20251028066-1.nii.gz,train,634,0
16,0.05668975830078125,11.065854606591857,1.0,0.0,0.26666666666666666,20251028066-1.nii.gz,train,635,0
5,0.01771554946899414,50.0,0.0,16.082506715288957,0.625,20251028066-1.nii.gz,train,636,1
7,0.024801769256591798,50.0,0.0,61.50304157210137,0.5833333333333334,20251028066-1.nii.gz,train,637,0
180,0.637759780883789,10.47303422635241,0.0,13.787999167791728,0.07575757575757576,20251028066-1.nii.gz,train,638,1
73,0.25864702224731445,13.820700118545043,0.6164383561643836,0.841796875,0.04345238095238095,20251028066-1.nii.gz,train,639,0
36,0.12755195617675782,17.07482937964933,0.8055555555555556,1.190480557388289,0.15000000000000002,20251028066-1.nii.gz,train,641,0
16,0.05668975830078125,5.522644169343405,0.9375,0.841796875,0.2962962962962963,20251028066-1.nii.gz,train,642,0
21,0.07440530776977539,11.195233613186417,0.8571428571428571,0.841796875,0.14583333333333334,20251028066-1.nii.gz,train,644,0
32,0.1133795166015625,4.065991213269019,0.0,39.303891839056966,0.2962962962962963,20251028066-1.nii.gz,train,647,0
442,1.566054573059082,3.357438878188176,0.0,39.734239248748146,0.4229665071770335,20251028066-1.nii.gz,train,648,0
31,0.10983640670776368,8.73995595554167,1.0,0.841796875,0.15656565656565657,20251028066-1.nii.gz,train,650,0
9,0.031887989044189456,50.0,0.0,23.585339796713043,0.22500000000000003,20251028066-1.nii.gz,train,652,1
37,0.13109506607055665,50.0,1.0,0.841796875,0.1712962962962963,20251028066-1.nii.gz,train,659,0
6,0.02125865936279297,3.8340438384729283,0.8333333333333334,1.190480557388289,0.3333333333333333,20251028066-1.nii.gz,train,661,0
13,0.046060428619384766,50.0,0.0,50.41034335161181,0.65,20251028066-1.nii.gz,train,667,0
18,0.06377597808837891,3.1491883023443292,0.8333333333333334,1.68359375,0.4285714285714286,20251028066-1.nii.gz,train,668,0
5,0.01771554946899414,50.0,1.0,0.841796875,0.5,20251028066-1.nii.gz,train,670,0
187,0.6625615501403809,18.595939833680234,0.732620320855615,0.841796875,0.04869791666666667,20251028066-1.nii.gz,train,673,0
1035,3.6671187400817873,2.1998429421370216,0.0,28.238235724778285,0.3993055555555556,20251028066-1.nii.gz,train,676,0
14,0.049603538513183595,3.815460689714487,0.7857142857142857,1.190480557388289,0.35,20251028066-1.nii.gz,train,677,0
10,0.03543109893798828,50.0,0.0,8.799887864525472,0.625,20251028066-1.nii.gz,train,678,0
5,0.01771554946899414,50.0,0.8,1.190480557388289,0.4166666666666667,20251028066-1.nii.gz,train,682,0
65,0.23030214309692382,1.6284337384922023,0.0,11.694615936431378,0.325,20251028066-1.nii.gz,train,684,0
79,0.2799056816101074,10.991829953850457,0.0,13.70346030648237,0.0797979797979798,20251028066-1.nii.gz,train,685,1
29,0.10275018692016602,13.488966570137686,0.5517241379310345,1.190480557388289,0.10357142857142858,20251028066-1.nii.gz,train,688,0
5,0.01771554946899414,50.0,0.0,6.535713386386687,0.8333333333333334,20251028066-1.nii.gz,train,692,1
1018,3.606885871887207,6.71855702065776,0.04420432220039293,13.573566755924512,0.04616780045351474,20251028066-1.nii.gz,train,694,0
34,0.12046573638916015,4.1782011426368735,0.0,42.27463341570366,0.6296296296296297,20251028066-1.nii.gz,train,695,0
22,0.07794841766357422,6.25555494654938,0.0,35.157288884389814,0.4888888888888889,20251028066-1.nii.gz,train,698,0
102,0.36139720916748047,3.6639233202385175,0.0,8.41796875,0.24519230769230768,20251028066-1.nii.gz,train,706,0
35,0.12400884628295898,9.382000825888847,0.45714285714285713,10.0,0.09971509971509972,20251028066-1.nii.gz,train,719,0
241,0.8538894844055176,6.404789681189322,0.0,10.171470341053244,0.04590476190476191,20251028066-1.nii.gz,train,724,1
5,0.01771554946899414,50.0,0.0,6.5746437701479845,0.5555555555555556,20251028066-1.nii.gz,train,733,0
48,0.17006927490234375,10.617145307432631,0.9166666666666666,0.0,0.2318840579710145,20251028066-1.nii.gz,train,734,0
11,0.03897420883178711,32.06333142043519,1.0,0.841796875,0.11458333333333333,20251028066-1.nii.gz,train,740,0
24,0.08503463745117187,3.086345754554288,0.625,2.380961114776578,0.3333333333333333,20251028066-1.nii.gz,train,744,0
5,0.01771554946899414,9.850941854111495,0.0,13.068201746265762,0.2777777777777778,20251028066-1.nii.gz,train,746,0
9,0.031887989044189456,4.922985874434718,0.0,11.29389021448136,0.28125000000000006,20251028066-1.nii.gz,train,749,0
5,0.01771554946899414,5.701922033326193,0.0,11.449675369658156,0.4166666666666667,20251028066-1.nii.gz,train,767,1
5,0.01771554946899414,50.0,1.0,0.841796875,0.3333333333333333,20251028066-1.nii.gz,train,770,0
83,0.29407812118530274,25.02315255527455,0.8072289156626506,1.68359375,0.03407224958949097,20251028066-1.nii.gz,train,776,0
179,0.6342166709899902,48.752209417790084,0.6536312849162011,0.0,0.00632777149321267,20251028066-1.nii.gz,train,780,0
6,0.02125865936279297,8.958746398903344,1.0,0.841796875,0.25,20251028066-1.nii.gz,train,781,0
18,0.06377597808837891,11.859606462942033,0.7222222222222222,1.190480557388289,0.18750000000000003,20251028066-1.nii.gz,train,782,0
8,0.012048492431640625,30.096222026395893,1.0,0.548828125,0.16666666666666666,20251028076-1.nii.gz,holdout,1,0
23,0.034639415740966795,20.93210683895922,0.9565217391304348,0.0,0.2839506172839506,20251028076-1.nii.gz,holdout,4,0
923,1.3900948143005372,15.945055238484253,0.28927410617551463,4.2864846854097065,0.008093083613916948,20251028076-1.nii.gz,holdout,5,0
622,0.9367702865600586,48.81349402403339,0.4517684887459807,1.735546918959599,0.008567493112947659,20251028076-1.nii.gz,holdout,11,0
5,0.007530307769775391,50.0,1.0,0.0,0.20833333333333334,20251028076-1.nii.gz,holdout,15,0
5,0.007530307769775391,42.712627824460405,1.0,0.548828125,0.18518518518518517,20251028076-1.nii.gz,holdout,18,0
10611,15.980819149017334,11.458127876641996,0.20648383752709454,11.577515126586864,0.00846507746690674,20251028076-1.nii.gz,holdout,19,0
546,0.8223096084594727,28.727982643630526,0.37362637362637363,1.2272169954637517,0.03244206773618538,20251028076-1.nii.gz,holdout,23,0
5,0.007530307769775391,50.0,1.0,0.548828125,0.4166666666666667,20251028076-1.nii.gz,holdout,28,0
5,0.007530307769775391,50.0,1.0,0.548828125,0.4166666666666667,20251028076-1.nii.gz,holdout,30,0
41,0.0617485237121582,12.170348357095744,0.7317073170731707,0.7761601777867964,0.07308377896613191,20251028076-1.nii.gz,holdout,38,0
571,0.8599611473083496,4.457716522696481,0.3169877408056042,3.200190395413143,0.1574738003309432,20251028076-1.nii.gz,holdout,41,0
6,0.009036369323730468,50.0,1.0,0.548828125,0.6666666666666666,20251028076-1.nii.gz,holdout,50,0
180,0.27109107971191404,50.0,0.8777777777777778,0.548828125,0.15789473684210525,20251028076-1.nii.gz,holdout,57,0
6,0.009036369323730468,50.0,1.0,0.548828125,0.5,20251028076-1.nii.gz,holdout,58,0
1628,2.4518682098388673,5.92479146674354,0.3144963144963145,0.0,0.05842664369796153,20251028076-1.nii.gz,holdout,59,0
97484,146.81690452575683,3.8010614819855664,0.0,44.2206931182633,0.08176157598448708,20251028076-1.nii.gz,holdout,63,1
7,0.010542430877685548,50.0,1.0,1.09765625,0.5833333333333334,20251028076-1.nii.gz,holdout,66,0
9,0.013554553985595703,50.0,1.0,0.548828125,0.18,20251028076-1.nii.gz,holdout,67,0
25,0.03765153884887695,19.29942590675163,0.96,0.548828125,0.08680555555555555,20251028076-1.nii.gz,holdout,72,0
6,0.009036369323730468,13.598893000546383,0.8333333333333334,0.548828125,0.1875,20251028076-1.nii.gz,holdout,79,0
24,0.036145477294921874,23.355147519238297,1.0,0.548828125,0.08333333333333333,20251028076-1.nii.gz,holdout,80,0
42,0.06325458526611329,50.0,0.8095238095238095,1.09765625,0.38181818181818183,20251028076-1.nii.gz,holdout,81,0
30,0.04518184661865234,50.0,1.0,1.9788279461042597,0.6122448979591837,20251028076-1.nii.gz,holdout,85,0
25,0.03765153884887695,50.0,1.0,1.2272169954637517,0.5952380952380952,20251028076-1.nii.gz,holdout,88,0
9,0.013554553985595703,50.0,0.0,4.390625,0.5625,20251028076-1.nii.gz,holdout,90,0
665,1.001530933380127,6.893901727709288,0.5428571428571428,1.2272169954637517,0.07068452380952381,20251028076-1.nii.gz,holdout,95,0
6,0.009036369323730468,25.1481759035657,1.0,0.0,0.25,20251028076-1.nii.gz,holdout,100,0
724,1.0903885650634766,4.51995289942287,0.0,35.28328015793902,0.11888341543513957,20251028076-1.nii.gz,holdout,103,0
58,0.08735157012939453,50.0,0.0,47.987107850301065,0.5576923076923077,20251028076-1.nii.gz,holdout,106,0
105,0.1581364631652832,50.0,0.0,65.6485353827981,0.7291666666666666,20251028076-1.nii.gz,holdout,107,0
7,0.010542430877685548,50.0,0.0,48.54254125153757,0.7777777777777778,20251028076-1.nii.gz,holdout,109,0
11,0.016566677093505858,50.0,0.0,54.4003768809671,0.7333333333333333,20251028076-1.nii.gz,holdout,110,0
1352,2.0361952209472656,2.5854252801944377,0.0,59.367354340437444,0.2964912280701754,20251028076-1.nii.gz,holdout,111,0
450,0.6777276992797852,9.023504642566975,0.0,12.871063815879456,0.1278772378516624,20251028076-1.nii.gz,holdout,112,0
81,0.12199098587036133,50.0,1.0,1.9788279461042597,0.45,20251028076-1.nii.gz,holdout,113,0
10239,15.420564250946045,26.781011634885054,0.07344467233128235,3.200190395413143,0.058739501583367756,20251028076-1.nii.gz,holdout,118,0
7,0.010542430877685548,50.0,0.0,15.219469997286076,0.3888888888888889,20251028076-1.nii.gz,holdout,120,0
33,0.04970003128051758,50.0,1.0,1.2272169954637517,0.6111111111111112,20251028076-1.nii.gz,holdout,121,0
1177,1.772634449005127,2.29456324456169,0.0,21.170812376037368,0.3736507936507937,20251028076-1.nii.gz,holdout,125,0
12,0.018072738647460937,11.757414794774375,0.9166666666666666,0.7761601777867964,0.1,20251028076-1.nii.gz,holdout,130,0
12,0.018072738647460937,50.0,0.0,16.141519409096176,0.75,20251028076-1.nii.gz,holdout,131,0
9,0.013554553985595703,50.0,1.0,0.548828125,0.6,20251028076-1.nii.gz,holdout,132,0
13,0.019578800201416016,50.0,1.0,0.7761601777867964,0.05909090909090909,20251028076-1.nii.gz,holdout,135,0
18,0.027109107971191405,50.0,0.0,64.7058768443753,0.75,20251028076-1.nii.gz,holdout,139,0
93,0.14006372451782226,3.270097515623452,0.0,48.45243855137435,0.4696969696969697,20251028076-1.nii.gz,holdout,142,0
1723,2.5949440574645997,5.212796368388978,0.1694718514219385,1.2272169954637517,0.09885255306942053,20251028076-1.nii.gz,holdout,143,0
5,0.007530307769775391,50.0,0.0,70.49182224866064,0.625,20251028076-1.nii.gz,holdout,144,0
4069,6.128164463043213,1.8557670114077518,0.0,61.32156118462237,0.28245175621268914,20251028076-1.nii.gz,holdout,149,0
6312,9.506260528564454,3.326571668829795,0.0,23.65055546824004,0.3036075036075036,20251028076-1.nii.gz,holdout,151,0
42,0.06325458526611329,50.0,0.0,51.892556659660016,0.6666666666666667,20251028076-1.nii.gz,holdout,152,0
41,0.0617485237121582,4.0397684456277565,0.0,37.17872641792726,0.36607142857142855,20251028076-1.nii.gz,holdout,154,0
34601,52.11123582839966,9.462334968728927,0.0,32.31101776796361,0.13386956992741847,20251028076-1.nii.gz,holdout,155,0
256,0.3855517578125,2.730046769219108,0.0,64.95908913979119,0.3742690058479532,20251028076-1.nii.gz,holdout,156,0
56,0.08433944702148438,50.0,0.0,19.40400444466991,0.7777777777777778,20251028076-1.nii.gz,holdout,158,0
759,1.1431007194519043,3.385454991945632,0.0,48.82103046115789,0.275,20251028076-1.nii.gz,holdout,160,0
121,0.18223344802856445,5.792633630205037,0.0,18.788848507747097,0.6205128205128205,20251028076-1.nii.gz,holdout,161,0
6,0.009036369323730468,50.0,0.0,1.646484375,1.0,20251028076-1.nii.gz,holdout,162,0
13,0.019578800201416016,50.0,0.6923076923076923,0.548828125,0.7222222222222222,20251028076-1.nii.gz,holdout,164,0
60,0.09036369323730468,4.606515679972513,0.0,37.94455493770043,0.28846153846153844,20251028076-1.nii.gz,holdout,165,0
13,0.019578800201416016,50.0,0.0,71.33287857778225,0.8125,20251028076-1.nii.gz,holdout,167,0
5,0.007530307769775391,50.0,0.0,12.72997341731578,0.3125,20251028076-1.nii.gz,holdout,170,0
14,0.021084861755371095,50.0,0.42857142857142855,1.09765625,0.7777777777777778,20251028076-1.nii.gz,holdout,171,0
5,0.007530307769775391,50.0,0.0,12.72997341731578,1.0,20251028076-1.nii.gz,holdout,175,0
199,0.2997062492370606,3.6399768727022073,0.31155778894472363,1.5523203555735927,0.22111111111111112,20251028076-1.nii.gz,holdout,177,0
32,0.0481939697265625,14.365923897676128,0.0,13.171875,0.25,20251028076-1.nii.gz,holdout,178,0
12,0.018072738647460937,9.447778886003068,0.0,2.1953125,0.6,20251028076-1.nii.gz,holdout,180,0
11,0.016566677093505858,50.0,0.0,29.819100279100947,0.7333333333333333,20251028076-1.nii.gz,holdout,181,0
638,0.9608672714233398,4.197138076827893,0.0,44.55994911971689,0.2187928669410151,20251028076-1.nii.gz,holdout,182,0
659,0.9924945640563965,7.7659527566083675,0.251896813353566,2.4544339909275035,0.08965986394557823,20251028076-1.nii.gz,holdout,183,0
2175,3.275683879852295,2.5581201247967478,0.2045977011494253,2.744140625,0.14249213836477986,20251028076-1.nii.gz,holdout,184,0
11,0.016566677093505858,50.0,1.0,0.548828125,0.13095238095238096,20251028076-1.nii.gz,holdout,185,0
211,0.31777898788452147,3.763190428143285,0.0,58.90897242885239,0.22542735042735043,20251028076-1.nii.gz,holdout,186,0
20,0.030121231079101564,4.2260311106687745,0.0,15.916015625,0.4166666666666667,20251028076-1.nii.gz,holdout,187,0
58,0.08735157012939453,5.645151107058058,0.3793103448275862,8.158916636711915,0.17261904761904762,20251028076-1.nii.gz,holdout,191,0
432,0.6506185913085938,1.6635179106267637,0.0,69.08043151331935,0.43724696356275305,20251028076-1.nii.gz,holdout,192,0
13,0.019578800201416016,50.0,0.0,62.36385868234082,0.65,20251028076-1.nii.gz,holdout,193,0
54,0.08132732391357422,4.9671218899293015,0.6851851851851852,1.2272169954637517,0.08766233766233766,20251028076-1.nii.gz,holdout,194,0
43,0.06476064682006837,3.31609226043786,0.0,64.30429208648057,0.5119047619047619,20251028076-1.nii.gz,holdout,199,0
39,0.05873640060424805,13.182322850978192,1.0,0.548828125,0.2826086956521739,20251028076-1.nii.gz,holdout,202,0
5,0.007530307769775391,50.0,1.0,0.548828125,0.4166666666666667,20251028076-1.nii.gz,holdout,203,0
3314,4.991087989807129,4.118117115258846,0.21363910681955342,2.744140625,0.061071797139908596,20251028076-1.nii.gz,holdout,205,0
23,0.034639415740966795,50.0,0.0,43.730954019052724,0.46,20251028076-1.nii.gz,holdout,207,0
15,0.02259092330932617,11.776601741825479,0.0,2.744140625,0.25,20251028076-1.nii.gz,holdout,214,0
19,0.028615169525146485,9.958323379983653,0.8947368421052632,1.2272169954637517,0.14615384615384616,20251028076-1.nii.gz,holdout,219,0
23,0.034639415740966795,6.506205282566645,0.9130434782608695,0.548828125,0.21296296296296297,20251028076-1.nii.gz,holdout,220,0
28,0.04216972351074219,13.074394300363835,0.35714285714285715,1.646484375,0.15555555555555556,20251028076-1.nii.gz,holdout,224,0
139,0.20934255599975585,14.824740451906488,0.7697841726618705,1.735546918959599,0.016996820738566887,20251028076-1.nii.gz,holdout,226,0
26493,39.900088748931886,4.312495801978156,0.0,26.554423318274363,0.24592035644667223,20251028076-1.nii.gz,holdout,233,0
36,0.05421821594238281,50.0,1.0,0.7761601777867964,0.5,20251028076-1.nii.gz,holdout,234,0
25,0.03765153884887695,12.328437202577176,0.08,3.200190395413143,0.12755102040816327,20251028076-1.nii.gz,holdout,235,0
58,0.08735157012939453,5.237156400406372,0.6379310344827587,1.5523203555735927,0.3515151515151515,20251028076-1.nii.gz,holdout,236,0
14,0.021084861755371095,6.641829306302022,1.0,0.548828125,0.35,20251028076-1.nii.gz,holdout,237,0
55,0.0828333854675293,17.87977451535162,0.0,13.75359339142894,0.14322916666666666,20251028076-1.nii.gz,holdout,238,0
7,0.010542430877685548,50.0,0.2857142857142857,1.735546918959599,0.4666666666666667,20251028076-1.nii.gz,holdout,241,0
6,0.009036369323730468,50.0,1.0,0.0,0.16666666666666666,20251028076-1.nii.gz,holdout,242,0
9,0.013554553985595703,50.0,1.0,0.548828125,0.375,20251028076-1.nii.gz,holdout,243,0
63,0.09488187789916992,4.604338486150002,0.0,12.515206814564756,0.4375,20251028076-1.nii.gz,holdout,244,0
81,0.12199098587036133,2.314348065235303,0.0,14.024679637928747,0.31153846153846154,20251028076-1.nii.gz,holdout,245,0
1899,2.860010890960693,10.954227702206252,0.16429699842022116,2.79848531898354,0.021954772475027747,20251028076-1.nii.gz,holdout,246,0
18,0.027109107971191405,50.0,1.0,0.548828125,0.2727272727272727,20251028076-1.nii.gz,holdout,247,0
117,0.17620920181274413,16.280416544479625,0.5470085470085471,0.548828125,0.033766233766233764,20251028076-1.nii.gz,holdout,250,0
6,0.009036369323730468,20.80173051503892,1.0,1.2272169954637517,0.1875,20251028076-1.nii.gz,holdout,256,0
368,0.5542306518554687,6.285941377904264,0.7065217391304348,0.0,0.029206349206349208,20251028076-1.nii.gz,holdout,259,0
21,0.03162729263305664,14.966033274257814,0.7142857142857143,0.7761601777867964,0.2,20251028076-1.nii.gz,holdout,269,0
12,0.018072738647460937,21.721149953364637,1.0,0.548828125,0.10714285714285714,20251028076-1.nii.gz,holdout,274,0
9,0.013554553985595703,29.694834999597578,1.0,0.548828125,0.125,20251028076-1.nii.gz,holdout,277,0
6,0.009036369323730468,18.827139975248826,1.0,0.0,0.16666666666666666,20251028076-1.nii.gz,holdout,279,0
40,0.06024246215820313,13.802699125237547,0.775,1.09765625,0.04807692307692308,20251028076-1.nii.gz,holdout,288,0
21,0.03162729263305664,17.225193638018585,0.7619047619047619,0.548828125,0.05833333333333334,20251028076-1.nii.gz,holdout,291,0
32691,115.29094505310059,9.52738969230578,0.12370377168027898,25.089325587246293,0.004611214174966316,20251028077-1.nii.gz,train,1,0
2027,7.148595809936523,50.0,0.18056240749876665,2.375436843048558,0.31203817733990147,20251028077-1.nii.gz,train,10,0
5,0.017633438110351562,50.0,1.0,0.83984375,0.5,20251028077-1.nii.gz,train,16,0
132,0.46552276611328125,12.240135269992356,0.4772727272727273,1.6796875,0.1064516129032258,20251028077-1.nii.gz,train,24,0
8,0.0282135009765625,10.488353117304595,0.0,1.6796875,0.3333333333333333,20251028077-1.nii.gz,train,29,0
4721,16.649492263793945,50.0,0.11650074136835416,3.4627644902648322,0.07453896678034609,20251028077-1.nii.gz,train,30,0
12,0.04232025146484375,50.0,0.0,42.58797907759961,0.6,20251028077-1.nii.gz,train,31,0
8,0.0282135009765625,15.537436456989056,0.0,1.6796875,0.25,20251028077-1.nii.gz,train,34,0
37,0.13048744201660156,2.925698863587079,0.0,35.79393986391335,0.4625,20251028077-1.nii.gz,train,35,0
8,0.0282135009765625,11.960038984756821,1.0,0.83984375,0.16666666666666666,20251028077-1.nii.gz,train,38,0
2578,9.091800689697266,2.99107454216004,0.0,33.30909674403256,0.21960984751682427,20251028077-1.nii.gz,train,40,1
19,0.06700706481933594,7.194087457625875,0.8947368421052632,0.83984375,0.2375,20251028077-1.nii.gz,train,42,0
27,0.09522056579589844,4.311966252079245,0.0,52.095881463686894,0.25,20251028077-1.nii.gz,train,43,0
5,0.017633438110351562,50.0,1.0,0.83984375,0.3333333333333333,20251028077-1.nii.gz,train,44,0
5586,19.700077056884766,50.0,0.10812746151092016,3.563155264572837,0.08060606060606061,20251028077-1.nii.gz,train,45,0
12,0.04232025146484375,50.0,0.0,34.28760307649757,0.6,20251028077-1.nii.gz,train,46,0
8,0.0282135009765625,50.0,0.0,57.548873696793855,0.8,20251028077-1.nii.gz,train,48,0
15,0.05290031433105469,50.0,0.0,10.504562839742622,0.8333333333333334,20251028077-1.nii.gz,train,49,0
5338,18.825458526611328,7.890506318928062,0.149306856500562,0.0,0.02028655037433968,20251028077-1.nii.gz,train,51,0
754,2.6591224670410156,3.2382943778639994,0.0,31.282844068399736,0.27200577200577203,20251028077-1.nii.gz,train,53,1
5,0.017633438110351562,15.287521799305411,1.0,0.83984375,0.2777777777777778,20251028077-1.nii.gz,train,55,0
6,0.021160125732421875,50.0,0.0,63.66215057067428,0.375,20251028077-1.nii.gz,train,57,0
76,0.26802825927734375,2.4844253856077314,0.0,58.95545260487535,0.2814814814814815,20251028077-1.nii.gz,train,58,0
161,0.5677967071533203,16.033301141131968,0.9503105590062112,0.83984375,0.06987847222222222,20251028077-1.nii.gz,train,60,0
24241,85.49043464660645,3.051238312189033,0.2354275813704055,6.5593893762497295,0.05239314853839088,20251028077-1.nii.gz,train,61,0
330720,1166.3461303710938,2.835602655542051,0.0,71.98200785158541,0.10194739499621766,20251028077-1.nii.gz,train,64,1
112,0.394989013671875,3.6081010537810463,0.0,61.731521250835726,0.28717948717948716,20251028077-1.nii.gz,train,65,0
5,0.017633438110351562,50.0,1.0,0.83984375,1.0,20251028077-1.nii.gz,train,66,0
19,0.06700706481933594,50.0,0.0,26.35825224759509,0.6785714285714286,20251028077-1.nii.gz,train,71,0
24,0.0846405029296875,18.90312446185385,1.0,0.0,0.1111111111111111,20251028077-1.nii.gz,train,77,0
29,0.10227394104003906,4.432039511909707,0.0,63.742115804784106,0.3625,20251028077-1.nii.gz,train,83,0
14,0.049373626708984375,14.293860879893655,0.0,1.877947715478339,0.09722222222222222,20251028077-1.nii.gz,train,84,0
9,0.03174018859863281,4.408760812222223,0.0,15.996236835440635,0.375,20251028077-1.nii.gz,train,85,0
5,0.017633438110351562,50.0,0.0,1.877947715478339,0.5,20251028077-1.nii.gz,train,88,0
38,0.13401412963867188,50.0,0.0,13.64005784366458,0.5757575757575758,20251028077-1.nii.gz,train,91,0
223,0.7864513397216797,1.5829085333557846,0.0,68.77892735262975,0.5717948717948718,20251028077-1.nii.gz,train,92,0
86,0.3032951354980469,14.464728617222578,0.7674418604651163,0.0,0.023118279569892472,20251028077-1.nii.gz,train,94,0
8,0.0282135009765625,13.056520255661656,1.0,0.83984375,0.2222222222222222,20251028077-1.nii.gz,train,96,0
112,0.394989013671875,1.4873680040773438,0.0,26.677435448966776,0.3916083916083916,20251028077-1.nii.gz,train,98,1
50788,179.11341094970703,7.2312300734773185,0.005847838071985508,53.38127881893358,0.1429439909935266,20251028077-1.nii.gz,train,99,1
5,0.017633438110351562,50.0,0.0,1.877947715478339,0.5,20251028077-1.nii.gz,train,102,0
18,0.06348037719726562,4.679069111353296,0.7777777777777778,1.6796875,0.5,20251028077-1.nii.gz,train,105,0
2660,9.380989074707031,2.7380367200977394,0.0,43.481234481960094,0.3064516129032258,20251028077-1.nii.gz,train,107,1
15,0.05290031433105469,50.0,1.0,1.187718421524279,0.5357142857142857,20251028077-1.nii.gz,train,108,0
2027,7.148595809936523,7.7250838742243415,0.3359644795263937,10.0,0.04518904940253255,20251028077-1.nii.gz,train,110,0
9,0.03174018859863281,50.0,0.0,18.552682868684425,0.75,20251028077-1.nii.gz,train,114,0
6,0.021160125732421875,12.118860157764475,0.0,2.375436843048558,0.25,20251028077-1.nii.gz,train,115,0
6,0.021160125732421875,50.0,1.0,0.83984375,0.6,20251028077-1.nii.gz,train,123,0
9,0.03174018859863281,14.075193170056496,0.0,1.6796875,0.1875,20251028077-1.nii.gz,train,125,0
37,0.13048744201660156,50.0,0.6756756756756757,1.187718421524279,0.185,20251028077-1.nii.gz,train,126,0
12,0.04232025146484375,50.0,0.0,1.6796875,0.6,20251028077-1.nii.gz,train,129,0
50,0.17633438110351562,4.856800368492597,0.72,1.6796875,0.23148148148148148,20251028077-1.nii.gz,train,130,0
14,0.049373626708984375,50.0,1.0,1.187718421524279,0.6666666666666666,20251028077-1.nii.gz,train,137,0
38,0.13401412963867188,32.87827597150095,0.0,1.187718421524279,0.05277777777777778,20251028077-1.nii.gz,train,140,0
7,0.024686813354492188,50.0,0.0,1.187718421524279,0.5,20251028077-1.nii.gz,train,141,0
13,0.04584693908691406,3.2838586425506273,0.9230769230769231,1.187718421524279,0.2708333333333333,20251028077-1.nii.gz,train,146,0
19,0.06700706481933594,5.421879480910991,0.9473684210526315,0.83984375,0.07916666666666666,20251028077-1.nii.gz,train,148,0
225,0.7935047149658203,13.257314950848109,0.7288888888888889,1.877947715478339,0.0316722972972973,20251028077-1.nii.gz,train,152,0
15,0.05290031433105469,50.0,0.0,30.501434792712008,0.625,20251028077-1.nii.gz,train,154,0
7,0.024686813354492188,50.0,0.0,1.187718421524279,0.5,20251028077-1.nii.gz,train,158,0
8,0.0282135009765625,50.0,0.0,32.134272443204644,0.6666666666666666,20251028077-1.nii.gz,train,159,0
31,0.10932731628417969,19.65469686436293,0.03225806451612903,1.6796875,0.11071428571428571,20251028077-1.nii.gz,train,161,0
6,0.021160125732421875,50.0,0.0,1.6796875,0.5,20251028077-1.nii.gz,train,163,0
29,0.10227394104003906,2.37449574936406,0.0,32.873252213000924,0.58,20251028077-1.nii.gz,train,164,0
56,0.1974945068359375,6.435807528847269,0.0,47.9036268099593,0.22857142857142856,20251028077-1.nii.gz,train,168,0
5,0.017633438110351562,50.0,1.0,0.83984375,0.5555555555555556,20251028077-1.nii.gz,train,169,0
5,0.017633438110351562,19.321820566651933,0.0,0.83984375,0.3125,20251028077-1.nii.gz,train,174,0
6,0.021160125732421875,50.0,1.0,0.83984375,0.5,20251028077-1.nii.gz,train,179,0
7,0.024686813354492188,50.0,0.0,1.6796875,0.5,20251028077-1.nii.gz,train,180,0
22,0.07758712768554688,3.8151105711985718,0.0,39.360314915645546,0.4583333333333333,20251028077-1.nii.gz,train,183,0
18,0.06348037719726562,50.0,0.0,1.6796875,0.21176470588235294,20251028077-1.nii.gz,train,184,0
10,0.035266876220703125,8.427904392592184,0.0,40.35621815621566,0.4166666666666667,20251028077-1.nii.gz,train,185,0
123,0.43378257751464844,8.777784830891825,0.7073170731707317,1.6796875,0.11388888888888889,20251028077-1.nii.gz,train,187,0
6,0.021160125732421875,50.0,1.0,0.83984375,0.6666666666666666,20251028077-1.nii.gz,train,188,0
22,0.07758712768554688,2.7222745704141977,0.8636363636363636,1.187718421524279,0.34375,20251028077-1.nii.gz,train,190,0
17,0.05995368957519531,3.1830633132102357,0.0,22.044838035993894,0.2361111111111111,20251028077-1.nii.gz,train,191,0
18,0.06348037719726562,4.249902608492109,0.0,27.136132834289327,0.75,20251028077-1.nii.gz,train,195,0
11,0.03879356384277344,10.523660514630707,1.0,1.187718421524279,0.3055555555555556,20251028077-1.nii.gz,train,196,0
305,1.0756397247314453,3.9813405870078284,0.0,117.27411675251709,0.1564102564102564,20251028077-1.nii.gz,train,197,0
8,0.0282135009765625,50.0,0.0,114.5766801231898,0.22857142857142856,20251028077-1.nii.gz,train,198,0
19,0.06700706481933594,6.4632379860172415,0.631578947368421,0.83984375,0.2878787878787879,20251028077-1.nii.gz,train,199,0
7,0.024686813354492188,50.0,0.0,1.6796875,0.5,20251028077-1.nii.gz,train,200,0
138,0.4866828918457031,4.698515653200988,0.5362318840579711,2.375436843048558,0.11201298701298701,20251028077-1.nii.gz,train,201,0
15,0.05290031433105469,4.766860515387558,0.0,13.449148407817791,0.25,20251028077-1.nii.gz,train,204,0
15,0.05290031433105469,2.3359702301173173,0.0,25.96875616961795,0.3,20251028077-1.nii.gz,train,205,0
12,0.04232025146484375,50.0,0.08333333333333333,1.6796875,0.6666666666666666,20251028077-1.nii.gz,train,206,0
10,0.035266876220703125,50.0,0.8,4.522697005991868,0.6666666666666666,20251028077-1.nii.gz,train,209,0
523,1.8444576263427734,2.250097754524472,0.0,31.21512947052003,0.2675191815856777,20251028077-1.nii.gz,train,210,0
61,0.21512794494628906,17.38694603326963,0.5901639344262295,1.6796875,0.027930402930402932,20251028077-1.nii.gz,train,211,0
10,0.035266876220703125,3.7653166558283964,0.8,1.187718421524279,0.4166666666666667,20251028077-1.nii.gz,train,219,0
95,0.3350353240966797,3.0259773847449254,0.031578947368421054,7.224609110992831,0.16493055555555555,20251028077-1.nii.gz,train,220,0
7,0.024686813354492188,50.0,0.0,1.6796875,0.5,20251028077-1.nii.gz,train,222,0
5,0.017633438110351562,9.389528572952955,0.8,1.187718421524279,0.4166666666666667,20251028077-1.nii.gz,train,225,0
6404,22.58490753173828,8.17225581763116,0.0,32.120879031417815,0.13365055513815843,20251028077-1.nii.gz,train,228,1
233,0.8217182159423828,6.585907594745422,0.5493562231759657,1.6796875,0.14276960784313725,20251028077-1.nii.gz,train,229,0
10,0.035266876220703125,6.530810500978059,0.0,15.366526680154955,0.16666666666666666,20251028077-1.nii.gz,train,231,0
446,1.5729026794433594,20.21514918242885,0.0,3.359375,0.011262626262626262,20251028077-1.nii.gz,train,233,0
65,0.2292346954345703,4.501600100998943,0.5846153846153846,1.6796875,0.3939393939393939,20251028077-1.nii.gz,train,235,0
7,0.024686813354492188,50.0,0.7142857142857143,0.83984375,0.7,20251028077-1.nii.gz,train,238,0
33,0.11638069152832031,31.148044301487722,0.030303030303030304,1.6796875,0.07586206896551724,20251028077-1.nii.gz,train,239,0
11,0.03879356384277344,7.381219135682508,1.0,0.83984375,0.1527777777777778,20251028077-1.nii.gz,train,240,0
8,0.0282135009765625,10.514315152174314,1.0,0.83984375,0.3333333333333333,20251028077-1.nii.gz,train,241,0
99,0.34914207458496094,3.110840252166106,0.0,22.044898600839357,0.36666666666666664,20251028077-1.nii.gz,train,242,1
77,0.27155494689941406,3.078436027143541,0.5844155844155844,1.187718421524279,0.25925925925925924,20251028077-1.nii.gz,train,243,0
14,0.049373626708984375,50.0,1.0,0.83984375,0.28,20251028077-1.nii.gz,train,251,0
16,0.056427001953125,50.0,1.0,0.83984375,0.3333333333333333,20251028077-1.nii.gz,train,257,0
113,0.3985157012939453,4.541306881386061,0.0,90.35767583619851,0.2832080200501253,20251028077-1.nii.gz,train,260,0
1309,4.616434097290039,9.269711125211513,0.2345301757066463,1.877947715478339,0.05178006329113924,20251028077-1.nii.gz,train,263,0
10,0.035266876220703125,50.0,0.0,7.342944811244094,0.8333333333333334,20251028077-1.nii.gz,train,265,0
147,0.5184230804443359,2.2798087332841606,0.6326530612244898,5.0,0.2784090909090909,20251028077-1.nii.gz,train,268,0
9,0.03174018859863281,7.494503829061912,0.7777777777777778,1.187718421524279,0.25,20251028077-1.nii.gz,train,269,0
7,0.024686813354492188,50.0,1.0,0.83984375,0.875,20251028077-1.nii.gz,train,277,0
55,0.1939678192138672,4.205197285285941,0.0,23.887613050511693,0.3273809523809524,20251028077-1.nii.gz,train,278,1
97,0.3420886993408203,8.988797359282751,0.6494845360824743,0.83984375,0.06736111111111111,20251028077-1.nii.gz,train,279,0
9,0.03174018859863281,50.0,1.0,0.83984375,0.5625,20251028077-1.nii.gz,train,283,0
5,0.017633438110351562,6.159872713380051,0.8,1.187718421524279,0.4166666666666667,20251028077-1.nii.gz,train,284,0
39,0.1375408172607422,1.7874056228605688,0.7692307692307693,0.83984375,0.2785714285714286,20251028077-1.nii.gz,train,287,0
7,0.024686813354492188,50.0,0.0,1.6796875,0.5,20251028077-1.nii.gz,train,290,0
1472,5.1912841796875,9.722866897639559,0.390625,1.6796875,0.2483130904183536,20251028077-1.nii.gz,train,292,0
75,0.26450157165527344,3.9054370260761386,0.64,1.877947715478339,0.21367521367521367,20251028077-1.nii.gz,train,293,0
9,0.03174018859863281,50.0,0.0,1.6796875,0.6428571428571429,20251028077-1.nii.gz,train,294,0
181,0.6383304595947266,8.547309250361728,0.48066298342541436,3.0280997040029596,0.027063397129186602,20251028077-1.nii.gz,train,299,0
6,0.021160125732421875,50.0,0.0,1.187718421524279,0.5,20251028077-1.nii.gz,train,300,0
53,0.18691444396972656,7.814039337364342,0.8113207547169812,0.0,0.14722222222222223,20251028077-1.nii.gz,train,302,0
59,0.20807456970214844,3.9741517451287613,0.7796610169491526,1.6796875,0.3277777777777778,20251028077-1.nii.gz,train,304,0
17,0.05995368957519531,50.0,1.0,0.83984375,1.0,20251028077-1.nii.gz,train,306,0
16,0.056427001953125,50.0,0.0,4.19921875,0.12307692307692308,20251028077-1.nii.gz,train,307,0
9,0.03174018859863281,50.0,1.0,0.83984375,0.45,20251028077-1.nii.gz,train,308,0
5,0.017633438110351562,50.0,0.0,12.164002287904925,0.625,20251028077-1.nii.gz,train,309,0
23,0.08111381530761719,50.0,0.0,1.6796875,0.8846153846153846,20251028077-1.nii.gz,train,315,0
11,0.03879356384277344,50.0,1.0,0.83984375,0.55,20251028077-1.nii.gz,train,318,0
91,0.32092857360839844,13.713875635998455,0.3626373626373626,2.375436843048558,0.04853333333333333,20251028077-1.nii.gz,train,322,0
9,0.03174018859863281,50.0,1.0,0.83984375,0.3333333333333333,20251028077-1.nii.gz,train,325,0
9,0.03174018859863281,50.0,0.0,1.6796875,0.5625,20251028077-1.nii.gz,train,326,0
12693,44.76424598693848,2.7972307188652867,0.0,65.35906869997557,0.3521920088790233,20251028077-1.nii.gz,train,327,1
17,0.05995368957519531,50.0,0.0,1.6796875,1.0,20251028077-1.nii.gz,train,331,0
38,0.13401412963867188,5.721190529700019,0.0,17.545379656480478,0.3958333333333333,20251028077-1.nii.gz,train,333,1
8,0.0282135009765625,50.0,0.0,1.6796875,1.0,20251028077-1.nii.gz,train,334,0
5,0.017633438110351562,14.30220937978593,1.0,0.83984375,0.2777777777777778,20251028077-1.nii.gz,train,335,0
21,0.07406044006347656,7.548749587067852,0.7619047619047619,0.0,0.11666666666666667,20251028077-1.nii.gz,train,338,0
30,0.10580062866210938,50.0,1.0,1.187718421524279,0.062111801242236024,20251028077-1.nii.gz,train,340,0
9,0.03174018859863281,50.0,0.0,1.6796875,1.0,20251028077-1.nii.gz,train,341,0
55,0.1939678192138672,10.687158180252114,0.45454545454545453,0.83984375,0.06111111111111111,20251028077-1.nii.gz,train,343,0
397,1.400094985961914,5.460717356032346,0.3198992443324937,0.0,0.022659817351598173,20251028077-1.nii.gz,train,347,0
5,0.017633438110351562,50.0,0.0,37.398952400100725,0.8333333333333334,20251028077-1.nii.gz,train,348,0
5,0.017633438110351562,50.0,1.0,1.187718421524279,0.4166666666666667,20251028077-1.nii.gz,train,351,0
14,0.049373626708984375,50.0,0.9285714285714286,0.83984375,0.08974358974358974,20251028077-1.nii.gz,train,354,0
36,0.12696075439453125,17.07754766036304,0.7222222222222222,0.83984375,0.03715170278637771,20251028077-1.nii.gz,train,355,0
41,0.1445941925048828,5.4816441172476935,0.0,8.11847131029085,0.20707070707070707,20251028077-1.nii.gz,train,356,0
39,0.1375408172607422,3.0529019307949747,0.0,33.53886436618916,0.3611111111111111,20251028077-1.nii.gz,train,357,0
515,1.816244125366211,3.472915139883939,0.0,122.96311788493878,0.2080808080808081,20251028077-1.nii.gz,train,358,0
19,0.06700706481933594,50.0,0.0,1.6796875,0.7307692307692307,20251028077-1.nii.gz,train,360,0
8459,29.832250595092773,2.267234943596504,0.28833195413169405,0.0,0.04982799651280601,20251028077-1.nii.gz,train,364,0
11,0.03879356384277344,6.44803824186359,0.0,18.49564000895401,0.34375,20251028077-1.nii.gz,train,366,0
9,0.03174018859863281,18.39674618790579,0.7777777777777778,1.6796875,0.07142857142857142,20251028077-1.nii.gz,train,368,0
7,0.024686813354492188,7.022268096516994,0.7142857142857143,1.187718421524279,0.5833333333333334,20251028077-1.nii.gz,train,369,0
5,0.017633438110351562,9.425281212035953,0.6,0.83984375,0.4166666666666667,20251028077-1.nii.gz,train,372,0
99,0.34914207458496094,4.805296998582327,0.3939393939393939,2.375436843048558,0.09565217391304348,20251028077-1.nii.gz,train,373,0
15,0.05290031433105469,7.889802238438187,0.8,1.187718421524279,0.20833333333333334,20251028077-1.nii.gz,train,382,0
12,0.04232025146484375,50.0,0.0,1.6796875,1.0,20251028077-1.nii.gz,train,383,0
10,0.035266876220703125,3.2079666824131503,0.9,0.83984375,0.3333333333333333,20251028077-1.nii.gz,train,385,0
50,0.17633438110351562,3.6788303847338906,0.62,1.877947715478339,0.30864197530864196,20251028077-1.nii.gz,train,386,0
8,0.0282135009765625,50.0,0.0,1.6796875,0.5714285714285714,20251028077-1.nii.gz,train,387,0
10,0.035266876220703125,14.700745058545825,0.8,0.83984375,0.10416666666666667,20251028077-1.nii.gz,train,389,0
11189,39.46010780334473,3.1849619285908535,0.0,74.6789520351966,0.25871716611172774,20251028077-1.nii.gz,train,390,1
25,0.08816719055175781,3.9017181137516097,0.96,5.0,0.2976190476190476,20251028077-1.nii.gz,train,391,0
12,0.04232025146484375,50.0,1.0,5.0,0.75,20251028077-1.nii.gz,train,396,0
1314,4.634067535400391,6.23876011446284,0.0,84.36145815085163,0.13619402985074627,20251028077-1.nii.gz,train,398,0
19,0.06700706481933594,3.0190328141989977,0.8947368421052632,3.755895430956678,0.3392857142857143,20251028077-1.nii.gz,train,401,0
15,0.05290031433105469,3.9015720814485793,1.0,0.83984375,0.3125,20251028077-1.nii.gz,train,404,0
5,0.017633438110351562,50.0,0.0,1.6796875,1.0,20251028077-1.nii.gz,train,405,0
5,0.017633438110351562,50.0,1.0,4.19921875,0.8333333333333334,20251028077-1.nii.gz,train,409,0
55,0.1939678192138672,2.863743066162412,0.0,58.77560645942202,0.55,20251028077-1.nii.gz,train,414,1
269,0.9486789703369141,24.251983883672484,0.483271375464684,0.83984375,0.016728855721393036,20251028077-1.nii.gz,train,415,0
5,0.017633438110351562,50.0,0.0,1.6796875,1.0,20251028077-1.nii.gz,train,418,0
92,0.32445526123046875,4.799007668371547,0.0,51.06488173496973,0.22115384615384615,20251028077-1.nii.gz,train,421,1
264,0.9310455322265625,2.4506301176832612,0.0,41.917411620622,0.26720647773279355,20251028077-1.nii.gz,train,432,0
39,0.1375408172607422,4.767030626766917,0.8205128205128205,2.375436843048558,0.2708333333333333,20251028077-1.nii.gz,train,436,0
4876,17.196128845214844,7.309586643008558,0.16776045939294504,0.0,0.035357160985301686,20251028077-1.nii.gz,train,440,0
5,0.017633438110351562,50.0,0.0,1.6796875,0.8333333333333334,20251028077-1.nii.gz,train,441,0
77,0.27155494689941406,3.8608632447769584,0.0,66.26247360554234,0.37745098039215685,20251028077-1.nii.gz,train,448,0
5,0.017633438110351562,50.0,0.0,1.6796875,0.8333333333333334,20251028077-1.nii.gz,train,449,0
16,0.056427001953125,50.0,0.0,54.207998303554106,0.5333333333333333,20251028077-1.nii.gz,train,450,0
18,0.06348037719726562,50.0,0.0,63.17700349614528,0.6,20251028077-1.nii.gz,train,452,0
5,0.017633438110351562,14.30220937978593,1.0,0.83984375,0.2777777777777778,20251028077-1.nii.gz,train,453,0
12,0.04232025146484375,50.0,0.0,33.158155438665865,0.5714285714285714,20251028077-1.nii.gz,train,463,0
22,0.07758712768554688,50.0,1.0,0.83984375,0.2222222222222222,20251028077-1.nii.gz,train,464,0
14,0.049373626708984375,50.0,0.2857142857142857,1.877947715478339,0.6666666666666666,20251028077-1.nii.gz,train,465,0
15,0.05290031433105469,5.589815900958286,0.8666666666666667,1.187718421524279,0.25,20251028077-1.nii.gz,train,467,0
6,0.021160125732421875,50.0,0.0,34.727067804253934,0.5,20251028077-1.nii.gz,train,468,0
13,0.04584693908691406,10.74477333781621,0.9230769230769231,0.83984375,0.2708333333333333,20251028077-1.nii.gz,train,469,0
10,0.035266876220703125,9.33035666587631,0.9,0.0,0.3333333333333333,20251028077-1.nii.gz,train,471,0
14,0.049373626708984375,50.0,1.0,1.187718421524279,0.5833333333333334,20251028077-1.nii.gz,train,473,0
41,0.1445941925048828,3.9291902270600767,0.6585365853658537,1.877947715478339,0.21693121693121692,20251028077-1.nii.gz,train,479,0
12,0.04232025146484375,3.8429602194926313,0.8333333333333334,0.0,0.24,20251028077-1.nii.gz,train,482,0
19,0.06700706481933594,3.7715045263230667,0.6842105263157895,1.877947715478339,0.25333333333333335,20251028077-1.nii.gz,train,484,0
5,0.017633438110351562,50.0,0.0,62.91233612045266,0.8333333333333334,20251028077-1.nii.gz,train,485,0
8,0.0282135009765625,50.0,0.0,58.0329970845066,0.6666666666666666,20251028077-1.nii.gz,train,489,0
6,0.021160125732421875,50.0,1.0,0.83984375,0.75,20251028077-1.nii.gz,train,492,0
9,0.03174018859863281,50.0,0.0,55.37096974192463,0.45,20251028077-1.nii.gz,train,493,0
10,0.035266876220703125,22.2058738984931,0.0,1.187718421524279,0.12345679012345678,20251028077-1.nii.gz,train,495,0
26,0.09169387817382812,2.581869953240044,0.0,36.77560633011053,0.40625,20251028077-1.nii.gz,train,496,0
1022,3.6042747497558594,7.217419645623228,0.487279843444227,5.311638257314074,0.016914928831512743,20251028077-1.nii.gz,train,501,0
31,0.10932731628417969,3.571456147478799,0.0,30.011753323063516,0.2818181818181818,20251028077-1.nii.gz,train,502,0
7,0.024686813354492188,50.0,1.0,1.187718421524279,0.2916666666666667,20251028077-1.nii.gz,train,503,0
233,0.8217182159423828,1.5165854671137518,0.0,41.023594835800935,0.6067708333333334,20251028077-1.nii.gz,train,504,0
17,0.05995368957519531,50.0,1.0,0.83984375,0.26153846153846155,20251028077-1.nii.gz,train,507,0
8,0.0282135009765625,50.0,0.0,48.92020224553595,0.8888888888888888,20251028077-1.nii.gz,train,508,0
252,0.8887252807617188,2.375165258719514,0.0,33.22428668471316,0.4375,20251028077-1.nii.gz,train,511,0
55,0.1939678192138672,14.609447250919413,0.9454545454545454,1.187718421524279,0.15625,20251028077-1.nii.gz,train,512,0
11,0.03879356384277344,4.887507261635247,0.8181818181818182,1.187718421524279,0.24444444444444444,20251028077-1.nii.gz,train,513,0
54,0.19044113159179688,3.960271498842979,0.0,38.57291829295219,0.5192307692307693,20251028077-1.nii.gz,train,520,0
10,0.035266876220703125,50.0,0.0,43.643149549081315,0.625,20251028077-1.nii.gz,train,527,0
31,0.10932731628417969,50.0,0.0,41.760119097017316,0.5740740740740741,20251028077-1.nii.gz,train,528,0
7,0.024686813354492188,13.07100476721146,0.0,1.877947715478339,0.14583333333333334,20251028077-1.nii.gz,train,531,0
29,0.10227394104003906,50.0,1.0,0.83984375,0.6041666666666666,20251028077-1.nii.gz,train,532,0
27,0.09522056579589844,3.041667595765254,0.0,30.046985707349354,0.48214285714285715,20251028077-1.nii.gz,train,533,0
5,0.017633438110351562,50.0,0.0,37.41260262375511,0.625,20251028077-1.nii.gz,train,540,0
17,0.05995368957519531,50.0,0.0,32.4510234653731,0.7083333333333334,20251028077-1.nii.gz,train,542,0
17,0.05995368957519531,9.004821271916233,0.8823529411764706,0.83984375,0.1259259259259259,20251028077-1.nii.gz,train,555,0
7,0.024686813354492188,12.447094834500767,1.0,0.83984375,0.15555555555555556,20251028077-1.nii.gz,train,557,0
12242,43.173709869384766,50.0,0.0791537330501552,4.19921875,0.07441854810275864,20251028077-1.nii.gz,train,561,0
191,0.6735973358154297,26.959584878074793,0.3036649214659686,1.6796875,0.03882113821138211,20251028077-1.nii.gz,train,567,0
167,0.5889568328857422,29.559177665083475,0.33532934131736525,1.187718421524279,0.04078144078144078,20251028077-1.nii.gz,train,570,0
45,0.15870094299316406,22.86819322807706,0.37777777777777777,1.6796875,0.052083333333333336,20251028077-1.nii.gz,train,574,0
43,0.15164756774902344,29.033107662955775,0.5116279069767442,0.83984375,0.07465277777777778,20251028077-1.nii.gz,train,577,0
976,3.442047119140625,50.0,0.14651639344262296,4.19921875,0.19934640522875818,20251028077-1.nii.gz,train,578,0
28,0.09874725341796875,10.887014424766072,0.8214285714285714,0.0,0.11666666666666667,20251028077-1.nii.gz,train,579,0
1983,6.99342155456543,50.0,0.16893595562279376,3.359375,0.4023944805194805,20251028077-1.nii.gz,train,580,0
8,0.0282135009765625,4.640554613852673,1.0,0.83984375,0.3333333333333333,20251028077-1.nii.gz,train,581,0
1202,4.239078521728516,50.0,0.3410981697171381,3.359375,0.36825980392156865,20251028077-1.nii.gz,train,583,0
