filepath,filename,status,n_found_organs,found_labels,elapsed_s,bbox_min_x,bbox_min_y,bbox_min_z,bbox_max_x,bbox_max_y,bbox_max_z,core_centroid_z_mm,z_window_method,error
C:\Users\User1\pneumo_dataset\merged\Pneumo_Positive\20251028003-1.nii.gz,20251028003-1.nii.gz,ok,18,"1,2,3,4,5,7,8,9,10,11,12,13,14,15,17,18,19,62",12.249135494232178,-126.5,-283.5,261.32207494563403,138.5,-75.5,541.3220749456341,361.32207494563403,fixed_window_core_centroid,
C:\Users\User1\pneumo_dataset\merged\Pneumo_Positive\20251028008-1.nii.gz,20251028008-1.nii.gz,ok,18,"1,2,3,4,5,7,8,9,10,11,12,13,14,15,17,18,19,62",19.59142780303955,-174.4199981689453,-243.1500015258789,-581.3812191773156,138.5800018310547,-14.150001525878906,-301.3812191773157,-481.3812191773157,fixed_window_core_centroid,
C:\Users\User1\pneumo_dataset\merged\Pneumo_Positive\20251028010-1.nii.gz,20251028010-1.nii.gz,ok,18,"1,2,3,4,5,7,8,9,10,11,12,13,14,15,17,18,19,62",15.078452348709106,-152.0,-259.7842102050781,-948.5017637673618,162.5,-29.284210205078125,-668.5017637673618,-848.5017637673618,fixed_window_core_centroid,
C:\Users\User1\pneumo_dataset\merged\Pneumo_Positive\20251028013-1.nii.gz,20251028013-1.nii.gz,ok,18,"1,2,3,4,5,7,8,9,10,11,12,13,14,15,17,18,19,62",13.709055662155151,-136.1299285888672,-269.65354347229004,-357.16786440138503,182.8700714111328,-49.65354347229004,-77.16786440138503,-257.16786440138503,fixed_window_core_centroid,
C:\Users\User1\pneumo_dataset\merged\Pneumo_Positive\20251028015-1.nii.gz,20251028015-1.nii.gz,ok,18,"1,2,3,4,5,7,8,9,10,11,12,13,14,15,17,18,19,62",9.478885412216187,-143.00599670410156,-258.375,142.26379537698568,133.99400329589844,-54.875,422.2637953769857,242.26379537698568,fixed_window_core_centroid,
C:\Users\User1\pneumo_dataset\merged\Pneumo_Positive\20251028023-1.nii.gz,20251028023-1.nii.gz,ok,18,"1,2,3,4,5,7,8,9,10,11,12,13,14,15,17,18,19,62",18.314493894577026,-145.1699981689453,-285.0920000076294,-1148.1060398253187,146.8300018310547,-33.592000007629395,-868.1060398253187,-1048.1060398253187,fixed_window_core_centroid,
C:\Users\User1\pneumo_dataset\merged\Pneumo_Positive\20251028025-1.nii.gz,20251028025-1.nii.gz,ok,18,"1,2,3,4,5,7,8,9,10,11,12,13,14,15,17,18,19,62",12.76522707939148,-117.26754760742188,-280.5350914001465,-1057.550813870668,147.73245239257812,-74.03509140014648,-777.550813870668,-957.550813870668,fixed_window_core_centroid,
C:\Users\User1\pneumo_dataset\merged\Pneumo_Positive\20251028027-1.nii.gz,20251028027-1.nii.gz,ok,18,"1,2,3,4,5,7,8,9,10,11,12,13,14,15,17,18,19,62",12.616258382797241,-102.64208984375,-295.99473571777344,16.373330704419516,265.85791015625,-45.99473571777344,296.3733307044195,116.37333070441952,fixed_window_core_centroid,
C:\Users\User1\pneumo_dataset\merged\Pneumo_Positive\20251028030-1.nii.gz,20251028030-1.nii.gz,ok,18,"1,2,3,4,5,7,8,9,10,11,12,13,14,15,17,18,19,62",15.61716914176941,-128.0959930419922,-255.79000091552734,-802.4416108566361,222.4040069580078,-20.790000915527344,-522.4416108566361,-702.4416108566361,fixed_window_core_centroid,
C:\Users\User1\pneumo_dataset\merged\Pneumo_Positive\20251028031-1.nii.gz,20251028031-1.nii.gz,ok,18,"1,2,3,4,5,7,8,9,10,11,12,13,14,15,17,18,19,62",16.482715845108032,-138.97300720214844,-323.5,-332.3646376197138,178.52699279785156,-12.0,-52.36463761971379,-232.3646376197138,fixed_window_core_centroid,
C:\Users\User1\pneumo_dataset\merged\Pneumo_Positive\20251028032-1.nii.gz,20251028032-1.nii.gz,ok,17,"1,2,3,4,5,7,9,10,11,12,13,14,15,17,18,19,62",8.467316389083862,-142.0,-261.0,-1284.3671219374805,172.5,-35.0,-1004.3671219374805,-1184.3671219374805,fixed_window_core_centroid,
C:\Users\User1\pneumo_dataset\merged\Pneumo_Positive\20251028034-1.nii.gz,20251028034-1.nii.gz,ok,18,"1,2,3,4,5,7,8,9,10,11,12,13,14,15,17,18,19,62",17.345344066619873,-243.5,-309.4166717529297,-1113.2314231974303,251.0,35.08332824707031,-833.2314231974303,-1013.2314231974303,fixed_window_core_centroid,
C:\Users\User1\pneumo_dataset\merged\Pneumo_Positive\20251028036-1.nii.gz,20251028036-1.nii.gz,ok,18,"1,2,3,4,5,7,8,9,10,11,12,13,14,15,17,18,19,62",15.900696754455566,-145.0809326171875,-342.1266403198242,-819.9564932267231,259.4190673828125,-27.62664031982422,-539.9564932267231,-719.9564932267231,fixed_window_core_centroid,
C:\Users\User1\pneumo_dataset\merged\Pneumo_Positive\20251028039-1.nii.gz,20251028039-1.nii.gz,ok,18,"1,2,3,4,5,7,8,9,10,11,12,13,14,15,17,18,19,62",17.911839723587036,-160.5861206054687,-276.98803710937494,-982.5741477810412,182.41387939453125,4.511962890625,-702.5741477810412,-882.5741477810412,fixed_window_core_centroid,
C:\Users\User1\pneumo_dataset\merged\Pneumo_Positive\20251028051-1.nii.gz,20251028051-1.nii.gz,ok,18,"1,2,3,4,5,7,8,9,10,11,12,13,14,15,17,18,19,62",19.56181526184082,-167.64599609375,-242.5999984741211,511.7888888091584,185.85400390625,-1.5999984741210938,791.7888888091584,611.7888888091584,fixed_window_core_centroid,
C:\Users\User1\pneumo_dataset\merged\Pneumo_Positive\20251028054-1.nii.gz,20251028054-1.nii.gz,ok,18,"1,2,3,4,5,7,8,9,10,11,12,13,14,15,17,18,19,62",26.452091455459595,-218.12899780273438,-284.5,19.358576746002882,201.37100219726562,61.5,299.3585767460029,119.35857674600288,fixed_window_core_centroid,
C:\Users\User1\pneumo_dataset\merged\Pneumo_Positive\20251028055-1.nii.gz,20251028055-1.nii.gz,ok,18,"1,2,3,4,5,7,8,9,10,11,12,13,14,15,17,18,19,62",19.888938903808594,-144.25,-262.0,219.87049756655728,161.25,-6.0,499.8704975665573,319.8704975665573,fixed_window_core_centroid,
C:\Users\User1\pneumo_dataset\merged\Pneumo_Positive\20251028056-1.nii.gz,20251028056-1.nii.gz,ok,18,"1,2,3,4,5,7,8,9,10,11,12,13,14,15,17,18,19,62",22.150732278823853,-245.84047302224943,-270.9376804221483,-502.2140772815348,235.26481433727872,61.54202052044377,-222.2140772815348,-402.2140772815348,fixed_window_core_centroid,
C:\Users\User1\pneumo_dataset\merged\Pneumo_Positive\20251028058-1.nii.gz,20251028058-1.nii.gz,ok,18,"1,2,3,4,5,7,8,9,10,11,12,13,14,15,17,18,19,62",8.666056871414185,-126.03999328613287,-260.50000000000006,232.06965126598925,156.9600067138672,-42.0,512.0696512659893,332.06965126598925,fixed_window_core_centroid,
C:\Users\User1\pneumo_dataset\merged\Pneumo_Positive\20251028059-1.nii.gz,20251028059-1.nii.gz,ok,18,"1,2,3,4,5,7,8,9,10,11,12,13,14,15,17,18,19,62",15.915292263031006,-197.4999999999999,-331.4999999999999,-882.2098936897805,219.0,-14.0,-602.2098936897805,-782.2098936897805,fixed_window_core_centroid,
C:\Users\User1\pneumo_dataset\merged\Pneumo_Positive\20251028060-1.nii.gz,20251028060-1.nii.gz,ok,18,"1,2,3,4,5,7,8,9,10,11,12,13,14,15,17,18,19,62",10.68039584159851,-121.39599609375,-255.60000038146973,185.99982492603448,143.60400390625,-61.10000038146973,465.9998249260345,285.9998249260345,fixed_window_core_centroid,
C:\Users\User1\pneumo_dataset\merged\Pneumo_Positive\20251028063-1.nii.gz,20251028063-1.nii.gz,ok,18,"1,2,3,4,5,7,8,9,10,11,12,13,14,15,17,18,19,62",10.403871536254883,-140.32455444335938,-277.07017493247986,-554.9345796534371,144.17544555664062,-99.07017493247986,-274.9345796534371,-454.9345796534371,fixed_window_core_centroid,
C:\Users\User1\pneumo_dataset\merged\Pneumo_Positive\20251028065-1.nii.gz,20251028065-1.nii.gz,ok,16,"1,2,3,4,5,7,8,11,12,13,14,15,17,18,19,62",20.258700609207153,-167.13948059082026,-262.652416229248,-1018.6360869701134,159.3605194091797,8.347583770751953,-738.6360869701134,-918.6360869701134,fixed_window_core_centroid,
C:\Users\User1\pneumo_dataset\merged\Pneumo_Positive\20251028066-1.nii.gz,20251028066-1.nii.gz,ok,18,"1,2,3,4,5,7,8,9,10,11,12,13,14,15,17,18,19,62",20.50257921218872,-125.64199829101562,-298.8000030517578,-89.40059170209759,236.85800170898438,-33.80000305175781,190.59940829790241,10.599408297902414,fixed_window_core_centroid,
C:\Users\User1\pneumo_dataset\merged\Pneumo_Positive\20251028076-1.nii.gz,20251028076-1.nii.gz,ok,17,"1,2,3,4,5,7,8,9,10,11,12,13,14,15,18,19,62",6.9949071407318115,-115.57691955566406,-276.73076820373535,-868.7941507876889,122.42308044433594,-107.73076820373535,-588.7941507876889,-768.7941507876889,fixed_window_core_centroid,
C:\Users\User1\pneumo_dataset\merged\Pneumo_Positive\20251028077-1.nii.gz,20251028077-1.nii.gz,ok,18,"1,2,3,4,5,7,8,9,10,11,12,13,14,15,17,18,19,62",22.24488091468811,-140.0,-275.48246002197266,-121.51702038052775,206.0,13.517539978027344,158.48297961947225,-21.517020380527754,fixed_window_core_centroid,
C:\Users\User1\pneumo_dataset\merged\Pneumo_Positive\20251028083-1.nii.gz,20251028083-1.nii.gz,ok,18,"1,2,3,4,5,7,8,9,10,11,12,13,14,15,17,18,19,62",21.212936639785767,-132.00000000000006,-287.00000000000006,-620.3480833610386,208.0,-55.0,-340.34808336103856,-520.3480833610386,fixed_window_core_centroid,
C:\Users\User1\pneumo_dataset\merged\Pneumo_Positive\20251028086-1.nii.gz,20251028086-1.nii.gz,ok,18,"1,2,3,4,5,7,8,9,10,11,12,13,14,15,17,18,19,62",12.635465621948242,-147.26737585967538,-250.63928769886274,-760.4366937912548,148.48370034879161,-37.166993028471694,-480.4366937912548,-660.4366937912548,fixed_window_core_centroid,
C:\Users\User1\pneumo_dataset\merged\Pneumo_Positive\20251028092-1.nii.gz,20251028092-1.nii.gz,ok,17,"1,2,3,4,5,7,9,10,11,12,13,14,15,17,18,19,62",10.863054513931274,-109.66600036621094,-281.00202465057373,-590.3409088491295,152.33399963378906,-61.00202465057373,-310.3409088491295,-490.3409088491295,fixed_window_core_centroid,
C:\Users\User1\pneumo_dataset\merged\Pneumo_Positive\20251028099-2.nii.gz,20251028099-2.nii.gz,ok,18,"1,2,3,4,5,7,8,9,10,11,12,13,14,15,17,18,19,62",19.81721830368042,-165.30499267578125,-287.9029998779297,-512.0495626719862,203.19500732421875,-30.402999877929688,-232.04956267198628,-412.0495626719863,fixed_window_core_centroid,
C:\Users\User1\pneumo_dataset\merged\Pneumo_Positive\20251028100-1.nii.gz,20251028100-1.nii.gz,ok,18,"1,2,3,4,5,7,8,9,10,11,12,13,14,15,17,18,19,62",12.499023914337158,-119.92991934377062,-283.0563178965481,-339.27105057965895,195.4031505861057,-41.227304613051274,-59.27105057965895,-239.27105057965895,fixed_window_core_centroid,
C:\Users\User1\pneumo_dataset\merged\Pneumo_Positive\20251028104-1.nii.gz,20251028104-1.nii.gz,ok,16,"1,2,3,4,5,7,9,10,12,13,14,15,17,18,19,62",16.77028775215149,-175.0,-378.0,-1085.3716824106677,249.0,77.5,-805.3716824106677,-985.3716824106677,fixed_window_core_centroid,
C:\Users\User1\pneumo_dataset\merged\Pneumo_Positive\20251028105-1.nii.gz,20251028105-1.nii.gz,ok,18,"1,2,3,4,5,7,8,9,10,11,12,13,14,15,17,18,19,62",10.994834661483765,-130.4415130615235,-257.6962890625,-1155.5391911920672,142.05848693847656,-48.19628906249997,-875.5391911920672,-1055.5391911920672,fixed_window_core_centroid,
C:\Users\User1\pneumo_dataset\merged\Pneumo_Positive\20251028116-1.nii.gz,20251028116-1.nii.gz,ok,18,"1,2,3,4,5,7,8,9,10,11,12,13,14,15,17,18,19,62",18.505280017852783,-45.34619140625,-125.281494140625,-611.7369076971329,290.15380859375,187.718505859375,-331.73690769713295,-511.73690769713295,fixed_window_core_centroid,
C:\Users\User1\pneumo_dataset\merged\Pneumo_Positive\20251028120-1.nii.gz,20251028120-1.nii.gz,ok,18,"1,2,3,4,5,7,8,9,10,11,12,13,14,15,17,18,19,62",6.153502702713013,-155.21573040241532,-254.9280985542175,-594.6008811385118,125.29694768415047,-75.57727624007401,-314.60088113851174,-494.60088113851174,fixed_window_core_centroid,
C:\Users\User1\pneumo_dataset\merged\Pneumo_Positive\20251028123-1.nii.gz,20251028123-1.nii.gz,ok,17,"1,2,4,5,7,8,9,10,11,12,13,14,15,17,18,19,62",19.577642917633057,-204.5,-293.0,-480.00861680539697,167.0,-32.5,-200.00861680539697,-380.00861680539697,fixed_window_core_centroid,
C:\Users\User1\pneumo_dataset\merged\Pneumo_Positive\20251028127-1.nii.gz,20251028127-1.nii.gz,ok,18,"1,2,3,4,5,7,8,9,10,11,12,13,14,15,17,18,19,62",20.025978326797485,-156.61999511718756,-353.6200027465821,-777.088902629422,222.3800048828125,11.879997253417969,-497.088902629422,-677.088902629422,fixed_window_core_centroid,
C:\Users\User1\pneumo_dataset\merged\Pneumo_Positive\20251028128-1.nii.gz,20251028128-1.nii.gz,ok,18,"1,2,3,4,5,7,8,9,10,11,12,13,14,15,17,18,19,62",14.28067135810852,-158.89869567726936,-245.9707890728558,-619.5914973291076,180.99807426170213,-14.554547911945747,-339.5914973291076,-519.5914973291076,fixed_window_core_centroid,
C:\Users\User1\pneumo_dataset\merged\Pneumo_Positive\20251028132-1.nii.gz,20251028132-1.nii.gz,ok,18,"1,2,3,4,5,7,8,9,10,11,12,13,14,15,17,18,19,62",13.036875247955322,-141.08494296542773,-249.47320521202823,183.99651439911935,158.5143174359605,-40.910979315915114,463.99651439911935,283.99651439911935,fixed_window_core_centroid,
C:\Users\User1\pneumo_dataset\merged\Pneumo_Positive\20251028135-1.nii.gz,20251028135-1.nii.gz,ok,18,"1,2,3,4,5,7,8,9,10,11,12,13,14,15,17,18,19,62",18.23879051208496,-141.33200073242188,-274.9000015258789,-839.1118371615421,125.16799926757812,-47.400001525878906,-559.1118371615421,-739.1118371615421,fixed_window_core_centroid,
C:\Users\User1\pneumo_dataset\merged\Pneumo_Positive\20251028137-1.nii.gz,20251028137-1.nii.gz,ok,16,"1,2,3,4,5,7,8,11,12,13,14,15,17,18,19,62",21.5662739276886,-193.0,-331.5,-1884.934088740817,165.0,-68.0,-1604.934088740817,-1784.934088740817,fixed_window_core_centroid,
C:\Users\User1\pneumo_dataset\merged\Pneumo_Positive\20251028139-1.nii.gz,20251028139-1.nii.gz,ok,18,"1,2,3,4,5,7,8,9,10,11,12,13,14,15,17,18,19,62",10.970973491668701,-142.51499938964844,-256.7319984436035,-663.6312062768937,182.48500061035156,-53.231998443603516,-383.63120627689375,-563.6312062768937,fixed_window_core_centroid,
C:\Users\User1\pneumo_dataset\merged\Pneumo_Positive\20251028140-1.nii.gz,20251028140-1.nii.gz,ok,18,"1,2,3,4,5,7,8,9,10,11,12,13,14,15,17,18,19,62",22.46959376335144,-133.50000000000006,-373.2323303222656,-873.8454329092473,196.0,-18.232330322265568,-593.8454329092473,-773.8454329092473,fixed_window_core_centroid,
C:\Users\User1\pneumo_dataset\merged\Pneumo_Positive\20251028142-1.nii.gz,20251028142-1.nii.gz,ok,16,"1,2,3,4,5,7,9,11,12,13,14,15,17,18,19,62",14.698219776153564,-157.44737243652344,-268.63157844543457,-527.1026344996204,173.55262756347656,-42.63157844543457,-247.10263449962042,-427.1026344996204,fixed_window_core_centroid,
C:\Users\User1\pneumo_dataset\merged\Pneumo_Positive\20251028146-1.nii.gz,20251028146-1.nii.gz,ok,15,"1,2,3,4,5,7,11,12,13,14,15,17,18,19,62",18.989803075790405,-162.0,-268.0,-1630.3509916502821,181.0,12.0,-1350.3509916502821,-1530.3509916502821,fixed_window_core_centroid,
C:\Users\User1\pneumo_dataset\merged\Pneumo_Positive\20251028154-1.nii.gz,20251028154-1.nii.gz,ok,18,"1,2,3,4,5,7,8,9,10,11,12,13,14,15,17,18,19,62",19.567659616470337,-145.7052612304688,-260.232421875,-744.88533458848,185.29473876953125,-17.732421874999943,-464.88533458847996,-644.88533458848,fixed_window_core_centroid,
C:\Users\User1\pneumo_dataset\merged\Pneumo_Positive\20251028157-1.nii.gz,20251028157-1.nii.gz,ok,18,"1,2,3,4,5,7,8,9,10,11,12,13,14,15,17,18,19,62",12.538606643676758,-151.09680797829205,-254.7987806799755,-707.8556190643401,144.14762818017127,-74.58634253646352,-427.8556190643401,-607.8556190643401,fixed_window_core_centroid,
C:\Users\User1\pneumo_dataset\merged\Pneumo_Positive\20251028160-1.nii.gz,20251028160-1.nii.gz,ok,17,"1,2,3,4,5,7,8,9,11,12,13,14,15,17,18,19,62",20.009451866149902,-127.45175170898438,-284.8245620727539,-827.845419124784,214.04824829101562,-54.324562072753906,-547.845419124784,-727.845419124784,fixed_window_core_centroid,
C:\Users\User1\pneumo_dataset\merged\Pneumo_Positive\20251028163-1.nii.gz,20251028163-1.nii.gz,ok,18,"1,2,3,4,5,7,8,9,10,11,12,13,14,15,17,18,19,62",25.95672369003296,-194.65699768066406,-314.42572021484375,299.5190360736077,217.34300231933594,18.07427978515625,579.5190360736077,399.5190360736077,fixed_window_core_centroid,
C:\Users\User1\pneumo_dataset\merged\Pneumo_Positive\20251028164-1.nii.gz,20251028164-1.nii.gz,ok,18,"1,2,3,4,5,7,8,9,10,11,12,13,14,15,17,18,19,62",20.28749179840088,-114.62600708007812,-261.1999969482422,-677.1543213389372,184.87399291992188,-23.199996948242188,-397.15432133893717,-577.1543213389372,fixed_window_core_centroid,
C:\Users\User1\pneumo_dataset\merged\Pneumo_Positive\20251028169-1.nii.gz,20251028169-1.nii.gz,ok,18,"1,2,3,4,5,7,8,9,10,11,12,13,14,15,17,18,19,62",16.622463703155518,-167.54040021070216,-227.54935599215997,-555.2836314908168,142.7399500069668,-37.55924869766454,-275.28363149081673,-455.28363149081673,fixed_window_core_centroid,
C:\Users\User1\pneumo_dataset\merged\Pneumo_Positive\20251028174-1.nii.gz,20251028174-1.nii.gz,ok,17,"1,2,3,4,5,7,8,9,11,12,13,14,15,17,18,19,62",20.41763663291931,-194.6280059814453,-244.29999923706055,78.36782243564164,133.3719940185547,-12.299999237060547,358.36782243564164,178.36782243564164,fixed_window_core_centroid,
C:\Users\User1\pneumo_dataset\merged\Pneumo_Positive\20251028176-1.nii.gz,20251028176-1.nii.gz,ok,18,"1,2,3,4,5,7,8,9,10,11,12,13,14,15,17,18,19,62",9.931924819946289,-138.45262561532658,-282.18890653073606,-349.8893642061622,149.22617282461331,-78.68443318719841,-69.88936420616221,-249.8893642061622,fixed_window_core_centroid,
C:\Users\User1\pneumo_dataset\merged\Pneumo_Positive\20251028179-1.nii.gz,20251028179-1.nii.gz,ok,18,"1,2,3,4,5,7,8,9,10,11,12,13,14,15,17,18,19,62",16.327145099639893,-160.416000366211,-241.298999786377,277.2056732544917,133.08399963378906,-22.798999786376953,557.2056732544918,377.2056732544917,fixed_window_core_centroid,
C:\Users\User1\pneumo_dataset\merged\Pneumo_Positive\20251028182-1.nii.gz,20251028182-1.nii.gz,ok,18,"1,2,3,4,5,7,8,9,10,11,12,13,14,15,17,18,19,62",4.6980299949646,-151.60255070561698,-258.26658241144526,-691.0403969073811,139.53798345608237,-78.63606246334658,-411.04039690738114,-591.0403969073811,fixed_window_core_centroid,
C:\Users\User1\pneumo_dataset\merged\Pneumo_Positive\20251028185-1.nii.gz,20251028185-1.nii.gz,ok,18,"1,2,3,4,5,7,8,9,10,11,12,13,14,15,17,18,19,62",15.75572657585144,-162.80299377441406,-284.11000061035156,-799.2618192863613,243.19700622558594,-22.110000610351562,-519.2618192863613,-699.2618192863613,fixed_window_core_centroid,
C:\Users\User1\pneumo_dataset\merged\Pneumo_Positive\20251028189-1.nii.gz,20251028189-1.nii.gz,ok,17,"1,2,3,4,5,7,8,10,11,12,13,14,15,17,18,19,62",31.70630669593811,-145.5,-279.3000030517578,-1761.867419944627,260.5,29.199996948242188,-1481.867419944627,-1661.867419944627,fixed_window_core_centroid,
C:\Users\User1\pneumo_dataset\merged\Pneumo_Positive\20251028193-1.nii.gz,20251028193-1.nii.gz,ok,18,"1,2,3,4,5,7,8,9,10,11,12,13,14,15,17,18,19,62",15.427371501922607,-196.04432105061437,-245.97453913551942,-1023.5593066245328,160.8148049343222,-2.267533168463302,-743.5593066245328,-923.5593066245328,fixed_window_core_centroid,
C:\Users\User1\pneumo_dataset\merged\Pneumo_Positive\20251028197-1.nii.gz,20251028197-1.nii.gz,ok,18,"1,2,3,4,5,7,8,9,10,11,12,13,14,15,17,18,19,62",20.632693767547607,-158.17399597167974,-260.90000152587896,230.44877906361444,151.8260040283203,-16.900001525878906,510.44877906361444,330.44877906361444,fixed_window_core_centroid,
C:\Users\User1\pneumo_dataset\merged\Pneumo_Positive\20251028201-1.nii.gz,20251028201-1.nii.gz,ok,17,"1,2,3,4,5,7,9,10,11,12,13,14,15,17,18,19,62",13.407260417938232,-132.43026733398432,-266.16835021972656,-939.9609140246546,140.06973266601562,-29.668350219726534,-659.9609140246546,-839.9609140246546,fixed_window_core_centroid,
C:\Users\User1\pneumo_dataset\merged\Pneumo_Positive\20251028206-1.nii.gz,20251028206-1.nii.gz,ok,18,"1,2,3,4,5,7,8,9,10,11,12,13,14,15,17,18,19,62",13.100930452346802,-142.73318481445324,-253.3499755859375,257.1314982003918,155.26681518554688,-49.84997558593747,537.1314982003918,357.1314982003918,fixed_window_core_centroid,
C:\Users\User1\pneumo_dataset\merged\Pneumo_Positive\20251028208-1.nii.gz,20251028208-1.nii.gz,ok,17,"1,2,3,4,5,7,8,9,10,12,13,14,15,17,18,19,62",11.981318712234497,-160.37368774414062,-274.8789482116699,-1666.0836053292533,205.12631225585938,-48.87894821166992,-1386.0836053292533,-1566.0836053292533,fixed_window_core_centroid,
C:\Users\User1\pneumo_dataset\merged\Pneumo_Positive\20251028211-1.nii.gz,20251028211-1.nii.gz,ok,18,"1,2,3,4,5,7,8,9,10,11,12,13,14,15,17,18,19,62",27.996336698532104,-176.97244262695298,-293.52734375,-249.18803510263604,176.52755737304693,11.972656249999886,30.811964897363964,-149.18803510263604,fixed_window_core_centroid,
C:\Users\User1\pneumo_dataset\merged\Pneumo_Positive\20251028212-1.nii.gz,20251028212-1.nii.gz,ok,18,"1,2,3,4,5,7,8,9,10,11,12,13,14,15,17,18,19,62",20.602144956588745,-154.5,-292.8000030517578,-917.6217912532168,158.5,-15.800003051757812,-637.6217912532168,-817.6217912532168,fixed_window_core_centroid,
C:\Users\User1\pneumo_dataset\merged\Pneumo_Positive\20251028219-1.nii.gz,20251028219-1.nii.gz,ok,18,"1,2,3,4,5,7,8,9,10,11,12,13,14,15,17,18,19,62",19.013386487960815,-148.41700744628906,-242.20000076293945,-1161.1632059831768,157.08299255371094,-1.2000007629394531,-881.1632059831768,-1061.1632059831768,fixed_window_core_centroid,
C:\Users\User1\pneumo_dataset\merged\Pneumo_Positive\20251028228-1.nii.gz,20251028228-1.nii.gz,ok,18,"1,2,3,4,5,7,8,9,10,11,12,13,14,15,17,18,19,62",21.434130907058716,-165.57200622558594,-271.5519714355469,-676.0767023768839,154.92799377441406,-30.551971435546875,-396.0767023768839,-576.0767023768839,fixed_window_core_centroid,
C:\Users\User1\pneumo_dataset\merged\Pneumo_Positive\20251028234-1.nii.gz,20251028234-1.nii.gz,ok,18,"1,2,3,4,5,7,8,9,10,11,12,13,14,15,17,18,19,62",18.75515604019165,-184.08200073242188,-246.07600021362305,237.48967928976515,188.91799926757812,-17.076000213623047,517.4896792897651,337.48967928976515,fixed_window_core_centroid,
C:\Users\User1\pneumo_dataset\merged\Pneumo_Positive\20251028239-1.nii.gz,20251028239-1.nii.gz,ok,18,"1,2,3,4,5,7,8,9,10,11,12,13,14,15,17,18,19,62",23.401793956756592,-208.49999999999983,-272.02734375000006,-181.6055178569855,172.00000000000006,-41.527343750000114,98.3944821430145,-81.6055178569855,fixed_window_core_centroid,
C:\Users\User1\pneumo_dataset\merged\Pneumo_Positive\20251028240-1.nii.gz,20251028240-1.nii.gz,ok,18,"1,2,3,4,5,7,8,9,10,11,12,13,14,15,17,18,19,62",10.23567819595337,-145.21909211459374,-255.37108548449683,-833.8045949946056,152.5016315821142,-51.57539391342672,-553.8045949946056,-733.8045949946056,fixed_window_core_centroid,
C:\Users\User1\pneumo_dataset\merged\Pneumo_Positive\20251028243-1.nii.gz,20251028243-1.nii.gz,ok,18,"1,2,3,4,5,7,8,9,10,11,12,13,14,15,17,18,19,62",15.724718809127808,-176.00399780273438,-275.9199981689453,-309.9197107062853,208.99600219726562,-54.41999816894531,-29.919710706285287,-209.9197107062853,fixed_window_core_centroid,
C:\Users\User1\pneumo_dataset\merged\Pneumo_Positive\20251028245-1.nii.gz,20251028245-1.nii.gz,ok,18,"1,2,3,4,5,7,8,9,10,11,12,13,14,15,17,18,19,62",21.381070613861084,-196.57894897460938,-367.68421173095703,-1070.637959614171,176.42105102539062,-15.684211730957031,-790.637959614171,-970.637959614171,fixed_window_core_centroid,
C:\Users\User1\pneumo_dataset\merged\Pneumo_Positive\20251028247-1.nii.gz,20251028247-1.nii.gz,ok,18,"1,2,3,4,5,7,8,9,10,11,12,13,14,15,17,18,19,62",11.449825048446655,-165.1179962158203,-256.0,-1024.8757320311784,177.8820037841797,-18.0,-744.8757320311782,-924.8757320311782,fixed_window_core_centroid,
C:\Users\User1\pneumo_dataset\merged\Pneumo_Positive\20251028248-1.nii.gz,20251028248-1.nii.gz,ok,17,"1,2,3,4,5,7,8,10,11,12,13,14,15,17,18,19,62",15.378406286239624,-135.14395141601562,-283.4620590209961,-808.044625150473,219.85604858398438,-27.462059020996094,-528.044625150473,-708.044625150473,fixed_window_core_centroid,
C:\Users\User1\pneumo_dataset\merged\Pneumo_Positive\20251028252-1.nii.gz,20251028252-1.nii.gz,ok,18,"1,2,3,4,5,7,8,9,10,11,12,13,14,15,17,18,19,62",16.652854442596436,-161.97821044921875,-281.21099853515625,-716.849185158779,178.02178955078125,-26.71099853515625,-436.84918515877905,-616.849185158779,fixed_window_core_centroid,
C:\Users\User1\pneumo_dataset\merged\Pneumo_Positive\20251028260-1.nii.gz,20251028260-1.nii.gz,ok,18,"1,2,3,4,5,7,8,9,10,11,12,13,14,15,17,18,19,62",10.934889793395996,-138.05781521579408,-255.10825395520453,-693.6717656118433,149.28246724445444,-12.857704703825362,-413.6717656118433,-593.6717656118433,fixed_window_core_centroid,
C:\Users\User1\pneumo_dataset\merged\Pneumo_Positive\20251028263-1.nii.gz,20251028263-1.nii.gz,ok,18,"1,2,3,4,5,7,8,9,10,11,12,13,14,15,17,18,19,62",16.472208261489868,-147.99879455566406,-275.97821044921875,-848.6763027315137,171.00120544433594,-55.97821044921875,-568.6763027315137,-748.6763027315137,fixed_window_core_centroid,
C:\Users\User1\pneumo_dataset\merged\Pneumo_Positive\20251028264-1.nii.gz,20251028264-1.nii.gz,ok,18,"1,2,3,4,5,7,8,9,10,11,12,13,14,15,17,18,19,62",16.104401111602783,-145.9999999999999,-258.9999999999999,-931.1108514159984,236.0,-34.5,-651.1108514159984,-831.1108514159984,fixed_window_core_centroid,
C:\Users\User1\pneumo_dataset\merged\Pneumo_Positive\20251028267-1.nii.gz,20251028267-1.nii.gz,ok,18,"1,2,3,4,5,7,8,9,10,11,12,13,14,15,17,18,19,62",15.83316969871521,-156.6999969482422,-244.29999923706055,-396.4388920825146,195.3000030517578,23.700000762939453,-116.4388920825146,-296.4388920825146,fixed_window_core_centroid,
C:\Users\User1\pneumo_dataset\merged\Pneumo_Positive\20251028268-1.nii.gz,20251028268-1.nii.gz,ok,18,"1,2,3,4,5,7,8,9,10,11,12,13,14,15,17,18,19,62",11.88773798942566,-146.91200256347656,-280.5080032348633,-173.11150780632045,155.58799743652344,-42.50800323486328,106.88849219367955,-73.11150780632045,fixed_window_core_centroid,
C:\Users\User1\pneumo_dataset\merged\Pneumo_Positive\20251028270-1.nii.gz,20251028270-1.nii.gz,ok,17,"1,2,3,4,5,7,8,10,11,12,13,14,15,17,18,19,62",15.546693086624146,-181.0,-303.23684310913086,-1433.3248539418964,184.5,-27.73684310913086,-1153.3248539418964,-1333.3248539418964,fixed_window_core_centroid,
C:\Users\User1\pneumo_dataset\merged\Pneumo_Positive\20251028273-1.nii.gz,20251028273-1.nii.gz,ok,17,"1,2,3,4,5,7,8,10,11,12,13,14,15,17,18,19,62",5.024616479873657,-129.19760131835943,-268.15234375,-887.1999703307742,131.30239868164062,-75.15234374999997,-607.1999703307742,-787.1999703307742,fixed_window_core_centroid,
C:\Users\User1\pneumo_dataset\merged\Pneumo_Positive\20251028275-2.nii.gz,20251028275-2.nii.gz,ok,18,"1,2,3,4,5,7,8,9,10,11,12,13,14,15,17,18,19,62",11.672974586486816,-145.92199707031256,-251.15299987792974,179.15645151621067,185.0780029296875,-8.652999877929688,459.15645151621067,279.15645151621067,fixed_window_core_centroid,
C:\Users\User1\pneumo_dataset\merged\Pneumo_Positive\20251028286-1.nii.gz,20251028286-1.nii.gz,ok,18,"1,2,3,4,5,7,8,9,10,11,12,13,14,15,17,18,19,62",8.282050609588623,-134.33999633789062,-261.8199996948242,100.14114664285097,130.66000366210938,-67.31999969482422,380.14114664285097,200.14114664285097,fixed_window_core_centroid,
C:\Users\User1\pneumo_dataset\merged\Pneumo_Positive\20251028287-1.nii.gz,20251028287-1.nii.gz,ok,18,"1,2,3,4,5,7,8,9,10,11,12,13,14,15,17,18,19,62",10.833935737609863,-163.0469970703125,-250.5,298.1220096842391,158.9530029296875,-26.0,578.1220096842392,398.1220096842391,fixed_window_core_centroid,
C:\Users\User1\pneumo_dataset\merged\Pneumo_Positive\20251028288-1.nii.gz,20251028288-1.nii.gz,ok,17,"1,2,3,4,5,7,8,10,11,12,13,14,15,17,18,19,62",16.04658818244934,-142.54986572265625,-285.1469841003418,-1417.6805727989831,176.45013427734375,-27.646984100341797,-1137.6805727989831,-1317.6805727989831,fixed_window_core_centroid,
C:\Users\User1\pneumo_dataset\merged\Pneumo_Positive\20251028289-1.nii.gz,20251028289-1.nii.gz,ok,18,"1,2,3,4,5,7,8,9,10,11,12,13,14,15,17,18,19,62",18.54918670654297,-213.84210205078125,-326.9736785888672,-1989.5826624744,268.65789794921875,40.02632141113281,-1709.5826624744,-1889.5826624744,fixed_window_core_centroid,
C:\Users\User1\pneumo_dataset\merged\Pneumo_Positive\20251028290-1.nii.gz,20251028290-1.nii.gz,ok,18,"1,2,3,4,5,7,8,9,10,11,12,13,14,15,17,18,19,62",14.649011373519897,-157.5,-268.5,-941.3702254059202,157.0,-23.0,-661.3702254059202,-841.3702254059202,fixed_window_core_centroid,
C:\Users\User1\pneumo_dataset\merged\Pneumo_Positive\20251028293-1.nii.gz,20251028293-1.nii.gz,ok,18,"1,2,3,4,5,7,8,9,10,11,12,13,14,15,17,18,19,62",10.741536617279053,-189.19757961209018,-240.87976802109142,63.49206686942949,139.1041772318248,-5.9737727292274485,343.4920668694295,163.4920668694295,fixed_window_core_centroid,
C:\Users\User1\pneumo_dataset\merged\Pneumo_Positive\20251028298-1.nii.gz,20251028298-1.nii.gz,ok,18,"1,2,3,4,5,7,8,9,10,11,12,13,14,15,17,18,19,62",18.60970449447632,-144.32899475097656,-238.81301879882812,353.7681332173855,168.67100524902344,-17.313018798828125,633.7681332173855,453.7681332173855,fixed_window_core_centroid,
C:\Users\User1\pneumo_dataset\merged\Pneumo_Positive\20251028299-1.nii.gz,20251028299-1.nii.gz,ok,18,"1,2,3,4,5,7,8,9,10,11,12,13,14,15,17,18,19,62",21.535978317260742,-143.5,-307.0,-995.1399632205578,234.0,-60.0,-715.1399632205578,-895.1399632205578,fixed_window_core_centroid,
C:\Users\User1\pneumo_dataset\merged\Pneumo_Positive\20251028300-1.nii.gz,20251028300-1.nii.gz,ok,18,"1,2,3,4,5,7,8,9,10,11,12,13,14,15,17,18,19,62",14.637534856796265,-98.07609454676248,-285.14605862941676,-785.3340648178062,142.58774378632955,-53.462663455419715,-505.33406481780617,-685.3340648178062,fixed_window_core_centroid,
C:\Users\User1\pneumo_dataset\merged\Pneumo_Positive\20251028304-1.nii.gz,20251028304-1.nii.gz,ok,18,"1,2,3,4,5,7,8,9,10,11,12,13,14,15,17,18,19,62",18.635124921798706,-170.3179931640625,-247.0999984741211,267.6705710454214,187.6820068359375,-6.099998474121094,547.6705710454214,367.6705710454214,fixed_window_core_centroid,
C:\Users\User1\pneumo_dataset\merged\Pneumo_Positive\20251028309-1.nii.gz,20251028309-1.nii.gz,ok,18,"1,2,3,4,5,7,8,9,10,11,12,13,14,15,17,18,19,62",13.325904369354248,-118.46169895098743,-250.53834894481864,-712.6272068429334,158.67314931561378,-14.183914980173768,-432.62720684293345,-612.6272068429334,fixed_window_core_centroid,
C:\Users\User1\pneumo_dataset\merged\Pneumo_Positive\20251028311-1.nii.gz,20251028311-1.nii.gz,ok,16,"1,2,3,4,5,7,9,11,12,13,14,15,17,18,19,62",19.16353154182434,-164.63911437988276,-279.3543319702148,-1214.807296095788,152.8608856201172,-30.854331970214844,-934.8072960957879,-1114.807296095788,fixed_window_core_centroid,
C:\Users\User1\pneumo_dataset\merged\Pneumo_Positive\20251028313-1.nii.gz,20251028313-1.nii.gz,ok,18,"1,2,3,4,5,7,8,9,10,11,12,13,14,15,17,18,19,62",20.181416749954224,-178.6510009765625,-284.5999984741211,150.00024364769598,140.3489990234375,-18.099998474121094,430.000243647696,250.00024364769598,fixed_window_core_centroid,
C:\Users\User1\pneumo_dataset\merged\Pneumo_Positive\20251028314-1.nii.gz,20251028314-1.nii.gz,ok,16,"1,2,3,4,5,7,8,11,12,13,14,15,17,18,19,62",26.6848087310791,-190.1479949951172,-292.5,-321.18008459293395,242.8520050048828,23.5,-41.18008459293395,-221.18008459293395,fixed_window_core_centroid,
C:\Users\User1\pneumo_dataset\merged\Pneumo_Positive\20251028315-1.nii.gz,20251028315-1.nii.gz,ok,18,"1,2,3,4,5,7,8,9,10,11,12,13,14,15,17,18,19,62",15.557574272155762,-145.5,-244.755859375,-839.3948040002098,155.5,-20.255859375,-559.3948040002098,-739.3948040002098,fixed_window_core_centroid,
C:\Users\User1\pneumo_dataset\merged\Pneumo_Positive\20251028319-1.nii.gz,20251028319-1.nii.gz,ok,17,"1,2,3,4,5,7,8,10,11,12,13,14,15,17,18,19,62",20.39895486831665,-228.33799743652344,-303.16699981689453,-539.5519121454652,197.16200256347656,41.33300018310547,-259.5519121454651,-439.5519121454651,fixed_window_core_centroid,
C:\Users\User1\pneumo_dataset\merged\Pneumo_Positive\20251028321-1.nii.gz,20251028321-1.nii.gz,ok,18,"1,2,3,4,5,7,8,9,10,11,12,13,14,15,17,18,19,62",21.307141542434692,-175.10899353027344,-284.5999984741211,-831.9476098334164,214.39100646972656,17.900001525878906,-551.9476098334164,-731.9476098334164,fixed_window_core_centroid,
C:\Users\User1\pneumo_dataset\merged\Pneumo_Positive\20251028322-1.nii.gz,20251028322-1.nii.gz,ok,18,"1,2,3,4,5,7,8,9,10,11,12,13,14,15,17,18,19,62",16.73298215866089,-188.66178865711208,-253.52881740436783,218.8108317337141,133.98546004587655,-41.351487884390565,498.8108317337141,318.8108317337141,fixed_window_core_centroid,
C:\Users\User1\pneumo_dataset\merged\Pneumo_Positive\20251028325-1.nii.gz,20251028325-1.nii.gz,ok,18,"1,2,3,4,5,7,8,9,10,11,12,13,14,15,17,18,19,62",20.835355520248413,-159.1578979492187,-264.21771240234375,260.9309974428583,173.34210205078125,-26.217712402343807,540.9309974428584,360.9309974428583,fixed_window_core_centroid,
C:\Users\User1\pneumo_dataset\merged\Pneumo_Positive\20251028327-1.nii.gz,20251028327-1.nii.gz,ok,18,"1,2,3,4,5,7,8,9,10,11,12,13,14,15,17,18,19,62",12.73073124885559,-129.81051635742188,-256.74185943603516,-881.9972999336045,148.68948364257812,-63.74185943603513,-601.9972999336045,-781.9972999336045,fixed_window_core_centroid,
C:\Users\User1\pneumo_dataset\merged\Pneumo_Positive\20251028329-1.nii.gz,20251028329-1.nii.gz,ok,18,"1,2,3,4,5,7,8,9,10,11,12,13,14,15,17,18,19,62",12.657336235046387,-163.34860229492188,-255.46158981323242,-38.667071690492776,137.65139770507812,-53.46158981323239,241.33292830950722,61.332928309507224,fixed_window_core_centroid,
C:\Users\User1\pneumo_dataset\merged\Pneumo_Positive\20251028330-1.nii.gz,20251028330-1.nii.gz,ok,18,"1,2,3,4,5,7,8,9,10,11,12,13,14,15,17,18,19,62",14.40893292427063,-127.51745949225166,-268.73264393439024,-959.2437046802679,184.26871527654149,-25.999999289905332,-679.2437046802679,-859.2437046802679,fixed_window_core_centroid,
C:\Users\User1\pneumo_dataset\merged\Pneumo_Positive\20251028332-1.nii.gz,20251028332-1.nii.gz,ok,18,"1,2,3,4,5,7,8,9,10,11,12,13,14,15,17,18,19,62",14.75029182434082,-147.99999999999994,-281.99999999999994,-1006.3601619194553,187.5,-48.5,-726.3601619194553,-906.3601619194553,fixed_window_core_centroid,
C:\Users\User1\pneumo_dataset\merged\Pneumo_Positive\20251028334-1.nii.gz,20251028334-1.nii.gz,ok,15,"1,2,3,4,5,7,11,12,13,14,15,17,18,19,62",14.549317121505737,-153.85166931152344,-265.62679290771484,-1760.5572519012528,190.64833068847656,-53.126792907714844,-1480.5572519012528,-1660.5572519012528,fixed_window_core_centroid,
C:\Users\User1\pneumo_dataset\merged\Pneumo_Positive\20251028335-1.nii.gz,20251028335-1.nii.gz,ok,18,"1,2,3,4,5,7,8,9,10,11,12,13,14,15,17,18,19,62",14.233147144317627,-145.54946899414068,-264.8157958984375,-1300.2447744956546,164.45053100585938,-52.31579589843744,-1020.2447744956546,-1200.2447744956546,fixed_window_core_centroid,
C:\Users\User1\pneumo_dataset\merged\Pneumo_Positive\20251028336-1.nii.gz,20251028336-1.nii.gz,ok,18,"1,2,3,4,5,7,8,9,10,11,12,13,14,15,17,18,19,62",16.838716506958008,-172.44099426269537,-254.27500152587896,-508.3445157820484,157.0590057373047,-25.275001525878906,-228.3445157820484,-408.3445157820484,fixed_window_core_centroid,
C:\Users\User1\pneumo_dataset\merged\Pneumo_Positive\20251028337-1.nii.gz,20251028337-1.nii.gz,ok,18,"1,2,3,4,5,7,8,9,10,11,12,13,14,15,17,18,19,62",15.023257493972778,-127.15748596191406,-288.38057804107666,-641.3851807203921,200.84251403808594,-83.38057804107666,-361.3851807203921,-541.3851807203921,fixed_window_core_centroid,
C:\Users\User1\pneumo_dataset\merged\Pneumo_Positive\20251028338-1.nii.gz,20251028338-1.nii.gz,ok,18,"1,2,3,4,5,7,8,9,10,11,12,13,14,15,17,18,19,62",11.944810390472412,-147.00787353515625,-251.7677173614502,-1014.8108633568131,147.99212646484375,-30.267717361450195,-734.8108633568131,-914.8108633568131,fixed_window_core_centroid,
C:\Users\User1\pneumo_dataset\merged\Pneumo_Positive\20251028340-1.nii.gz,20251028340-1.nii.gz,ok,17,"1,2,3,4,5,7,8,10,11,12,13,14,15,17,18,19,62",20.23228406906128,-154.5,-285.5,-1605.6185813471318,175.0,-41.5,-1325.6185813471318,-1505.6185813471318,fixed_window_core_centroid,
C:\Users\User1\pneumo_dataset\merged\Pneumo_Positive\20251028342-1.nii.gz,20251028342-1.nii.gz,ok,17,"1,2,3,4,5,7,9,10,11,12,13,14,15,17,18,19,62",8.742722511291504,-132.80886840820312,-305.60643768310547,-244.9383443451976,160.69113159179693,-81.10643768310547,35.061655654802394,-144.9383443451976,fixed_window_core_centroid,
C:\Users\User1\pneumo_dataset\merged\Pneumo_Positive\20251028343-1.nii.gz,20251028343-1.nii.gz,ok,18,"1,2,3,4,5,7,8,9,10,11,12,13,14,15,17,18,19,62",8.272543907165527,-128.79684448242188,-267.1252613067627,-1536.755611241179,142.20315551757812,-83.1252613067627,-1256.755611241179,-1436.755611241179,fixed_window_core_centroid,
C:\Users\User1\pneumo_dataset\merged\Pneumo_Positive\20251028344-1.nii.gz,20251028344-1.nii.gz,ok,18,"1,2,3,4,5,7,8,9,10,11,12,13,14,15,17,18,19,62",17.506428003311157,-133.73052978515625,-279.0958023071289,-1061.0296754383025,183.76947021484375,-44.095802307128906,-781.0296754383027,-961.0296754383027,fixed_window_core_centroid,
C:\Users\User1\pneumo_dataset\merged\Pneumo_Positive\20251028347-1.nii.gz,20251028347-1.nii.gz,ok,18,"1,2,3,4,5,7,8,9,10,11,12,13,14,15,17,18,19,62",15.058030128479004,-149.47000122070312,-242.12460327148438,-695.0162326263327,136.52999877929688,-11.624603271484375,-415.0162326263327,-595.0162326263327,fixed_window_core_centroid,
C:\Users\User1\pneumo_dataset\merged\Pneumo_Positive\20251028350-1.nii.gz,20251028350-1.nii.gz,ok,17,"1,2,3,4,5,7,8,10,11,12,13,14,15,17,18,19,62",21.27542805671692,-162.5,-302.5,-1916.68639666412,224.0,-27.0,-1636.68639666412,-1816.68639666412,fixed_window_core_centroid,
C:\Users\User1\pneumo_dataset\merged\Pneumo_Positive\20251028351-1.nii.gz,20251028351-1.nii.gz,ok,18,"1,2,3,4,5,7,8,9,10,11,12,13,14,15,17,18,19,62",15.968513011932373,-183.97999572753906,-253.62655639648438,-572.4448207827445,138.02000427246094,-45.626556396484375,-292.44482078274444,-472.44482078274444,fixed_window_core_centroid,
C:\Users\User1\pneumo_dataset\merged\Pneumo_Positive\20251028352-1.nii.gz,20251028352-1.nii.gz,ok,16,"1,2,3,4,5,7,8,11,12,13,14,15,17,18,19,62",19.025938272476196,-148.0,-272.04736709594727,-1082.9085501666973,210.0,-7.047367095947266,-802.9085501666972,-982.9085501666972,fixed_window_core_centroid,
C:\Users\User1\pneumo_dataset\merged\Pneumo_Positive\20251028355-1.nii.gz,20251028355-1.nii.gz,ok,18,"1,2,3,4,5,7,8,9,10,11,12,13,14,15,17,18,19,62",25.41300392150879,-168.60699462890625,-250.13099670410156,239.7038518112264,151.89300537109375,-0.1309967041015625,519.7038518112264,339.7038518112264,fixed_window_core_centroid,
C:\Users\User1\pneumo_dataset\merged\Pneumo_Positive\20251028358-1.nii.gz,20251028358-1.nii.gz,ok,17,"1,2,3,4,5,7,8,9,10,11,12,13,14,15,18,19,62",8.073907852172852,-146.05999755859375,-267.49359130859375,-1047.1268179882497,153.44000244140625,-21.99359130859375,-767.1268179882497,-947.1268179882497,fixed_window_core_centroid,
C:\Users\User1\pneumo_dataset\merged\Pneumo_Positive\20251028360-1.nii.gz,20251028360-1.nii.gz,ok,18,"1,2,3,4,5,7,8,9,10,11,12,13,14,15,17,18,19,62",17.497482538223267,-207.44400024414068,-262.59999847412115,-675.7301414199691,176.05599975585938,-23.099998474121094,-395.7301414199691,-575.7301414199691,fixed_window_core_centroid,
C:\Users\User1\pneumo_dataset\merged\Pneumo_Positive\20251028362-1.nii.gz,20251028362-1.nii.gz,ok,18,"1,2,3,4,5,7,8,9,10,11,12,13,14,15,17,18,19,62",16.854798793792725,-136.67599487304688,-263.79083251953125,-712.883054166132,134.32400512695312,-61.79083251953125,-432.88305416613196,-612.883054166132,fixed_window_core_centroid,
C:\Users\User1\pneumo_dataset\merged\Pneumo_Positive\20251028366-1.nii.gz,20251028366-1.nii.gz,ok,18,"1,2,3,4,5,7,8,9,10,11,12,13,14,15,17,18,19,62",21.02066731452942,-166.36000061035156,-293.1192321777344,-665.5576547448768,167.63999938964844,-50.619232177734375,-385.5576547448768,-565.5576547448768,fixed_window_core_centroid,
C:\Users\User1\pneumo_dataset\merged\Pneumo_Positive\20251028366-2.nii.gz,20251028366-2.nii.gz,ok,18,"1,2,3,4,5,7,8,9,10,11,12,13,14,15,17,18,19,62",8.30386471748352,-146.08561458560587,-247.56286314956108,-970.4959054053334,148.45899370876492,-71.4910351017781,-690.4959054053334,-870.4959054053334,fixed_window_core_centroid,
C:\Users\User1\pneumo_dataset\merged\Pneumo_Positive\20251028367-1.nii.gz,20251028367-1.nii.gz,ok,18,"1,2,3,4,5,7,8,9,10,11,12,13,14,15,17,18,19,62",11.36085295677185,-165.06199645996088,-270.951000213623,-968.0323702276946,165.93800354003906,0.048999786376953125,-688.0323702276946,-868.0323702276946,fixed_window_core_centroid,
C:\Users\User1\pneumo_dataset\merged\Pneumo_Positive\20251028370-1.nii.gz,20251028370-1.nii.gz,ok,18,"1,2,3,4,5,7,8,9,10,11,12,13,14,15,17,18,19,62",20.90962815284729,-162.03500366210943,-252.42700195312506,-528.946696204294,201.96499633789062,69.572998046875,-248.94669620429397,-428.94669620429397,fixed_window_core_centroid,
C:\Users\User1\pneumo_dataset\merged\Pneumo_Positive\20251028371-1.nii.gz,20251028371-1.nii.gz,ok,18,"1,2,3,4,5,7,8,9,10,11,12,13,14,15,17,18,19,62",12.260016202926636,-160.416000366211,-255.93600082397467,74.82970457359937,136.08399963378906,-40.43600082397461,354.8297045735994,174.82970457359937,fixed_window_core_centroid,
C:\Users\User1\pneumo_dataset\merged\Pneumo_Positive\20251028373-1.nii.gz,20251028373-1.nii.gz,ok,18,"1,2,3,4,5,7,8,9,10,11,12,13,14,15,17,18,19,62",11.684673547744751,-169.49999999999994,-243.49900054931635,-971.0224348478916,146.5,-17.499000549316406,-691.0224348478916,-871.0224348478916,fixed_window_core_centroid,
C:\Users\User1\pneumo_dataset\merged\Pneumo_Positive\20251028376-1.nii.gz,20251028376-1.nii.gz,ok,18,"1,2,3,4,5,7,8,9,10,11,12,13,14,15,17,18,19,62",14.82947063446045,-185.52003430326687,-239.248178212675,241.96151505842676,226.06339135522035,19.1431168883515,521.9615150584268,341.96151505842676,fixed_window_core_centroid,
C:\Users\User1\pneumo_dataset\merged\Pneumo_Positive\20251028387-1.nii.gz,20251028387-1.nii.gz,ok,18,"1,2,3,4,5,7,8,9,10,11,12,13,14,15,17,18,19,62",18.514420986175537,-90.85000610351562,-242.97000122070312,-579.6204418217274,171.14999389648438,-67.97000122070312,-299.62044182172735,-479.62044182172735,fixed_window_core_centroid,
C:\Users\User1\pneumo_dataset\merged\Pneumo_Positive\20251028388-1.nii.gz,20251028388-1.nii.gz,ok,18,"1,2,3,4,5,7,8,9,10,11,12,13,14,15,17,18,19,62",18.714059829711914,-157.81700134277344,-261.5999984741211,-713.3967332385009,164.18299865722656,-10.099998474121094,-433.39673323850093,-613.3967332385009,fixed_window_core_centroid,
C:\Users\User1\pneumo_dataset\merged\Pneumo_Positive\20251028389-1.nii.gz,20251028389-1.nii.gz,ok,18,"1,2,3,4,5,7,8,9,10,11,12,13,14,15,17,18,19,62",19.773290872573853,-128.5229949951172,-247.39337158203125,-696.1948287602864,157.4770050048828,-39.39337158203125,-416.19482876028644,-596.1948287602864,fixed_window_core_centroid,
C:\Users\User1\pneumo_dataset\merged\Pneumo_Positive\20251028394-1.nii.gz,20251028394-1.nii.gz,ok,18,"1,2,3,4,5,7,8,9,10,11,12,13,14,15,17,18,19,62",14.317277669906616,-131.0216064453126,-240.99238204956058,-937.9193679083776,147.4783935546875,-22.492382049560547,-657.9193679083776,-837.9193679083776,fixed_window_core_centroid,
C:\Users\User1\pneumo_dataset\merged\Pneumo_Negative\20251028001-1.nii.gz,20251028001-1.nii.gz,ok,18,"1,2,3,4,5,7,8,9,10,11,12,13,14,15,17,18,19,62",21.752456188201904,-193.0252685546875,-291.2560729980469,-967.3929156655408,224.9747314453125,66.74392700195312,-687.3929156655408,-867.3929156655408,fixed_window_core_centroid,
C:\Users\User1\pneumo_dataset\merged\Pneumo_Negative\20251028002-1.nii.gz,20251028002-1.nii.gz,ok,18,"1,2,3,4,5,7,8,9,10,11,12,13,14,15,17,18,19,62",12.191497087478638,-127.40789794921875,-264.302734375,-65.7669506660232,169.09210205078125,-53.302734375,214.2330493339768,34.233049333976794,fixed_window_core_centroid,
C:\Users\User1\pneumo_dataset\merged\Pneumo_Negative\20251028004-1.nii.gz,20251028004-1.nii.gz,ok,18,"1,2,3,4,5,7,8,9,10,11,12,13,14,15,17,18,19,62",14.461991548538208,-167.83500671386724,-257.58709716796875,-785.1720421984519,136.1649932861328,-46.58709716796869,-505.1720421984519,-685.1720421984519,fixed_window_core_centroid,
C:\Users\User1\pneumo_dataset\merged\Pneumo_Negative\20251028009-1.nii.gz,20251028009-1.nii.gz,ok,18,"1,2,3,4,5,7,8,9,10,11,12,13,14,15,17,18,19,62",19.751716136932373,-172.9199981689453,-242.87265014648438,-581.4027059051834,177.5800018310547,-13.872650146484375,-301.40270590518344,-481.40270590518344,fixed_window_core_centroid,
C:\Users\User1\pneumo_dataset\merged\Pneumo_Negative\20251028012-1.nii.gz,20251028012-1.nii.gz,ok,18,"1,2,3,4,5,7,8,9,10,11,12,13,14,15,17,18,19,62",17.140419721603394,-118.19999694824219,-295.5601501464844,-844.498808961061,251.8000030517578,-18.560150146484375,-564.498808961061,-744.498808961061,fixed_window_core_centroid,
C:\Users\User1\pneumo_dataset\merged\Pneumo_Negative\20251028014-1.nii.gz,20251028014-1.nii.gz,ok,18,"1,2,3,4,5,7,8,9,10,11,12,13,14,15,17,18,19,62",18.22879433631897,-202.64599609375,-358.2115783691406,147.5278633619846,225.85400390625,61.288421630859375,427.5278633619846,247.5278633619846,fixed_window_core_centroid,
C:\Users\User1\pneumo_dataset\merged\Pneumo_Negative\20251028016-1.nii.gz,20251028016-1.nii.gz,ok,18,"1,2,3,4,5,7,8,9,10,11,12,13,14,15,17,18,19,62",22.312257051467896,-225.26315307617188,-315.3128967285156,-1242.478671968267,257.2368469238281,119.18710327148438,-962.478671968267,-1142.478671968267,fixed_window_core_centroid,
C:\Users\User1\pneumo_dataset\merged\Pneumo_Negative\20251028016-2.nii.gz,20251028016-2.nii.gz,ok,18,"1,2,3,4,5,7,8,9,10,11,12,13,14,15,17,18,19,62",17.61840009689331,-199.67599487304688,-247.596435546875,-774.9258941852595,245.32400512695312,62.403564453125,-494.9258941852595,-674.9258941852595,fixed_window_core_centroid,
C:\Users\User1\pneumo_dataset\merged\Pneumo_Negative\20251028017-1.nii.gz,20251028017-1.nii.gz,ok,18,"1,2,3,4,5,7,8,9,10,11,12,13,14,15,17,18,19,62",11.634481191635132,-165.8719940185547,-254.9000015258789,-912.9877358324395,126.12800598144531,-45.400001525878906,-632.9877358324395,-812.9877358324395,fixed_window_core_centroid,
C:\Users\User1\pneumo_dataset\merged\Pneumo_Negative\20251028018-1.nii.gz,20251028018-1.nii.gz,ok,18,"1,2,3,4,5,7,8,9,10,11,12,13,14,15,17,18,19,62",16.850333213806152,-170.0,-265.162109375,-502.07986171368395,212.0,-18.162109375,-222.07986171368395,-402.07986171368395,fixed_window_core_centroid,
C:\Users\User1\pneumo_dataset\merged\Pneumo_Negative\20251028020-1.nii.gz,20251028020-1.nii.gz,ok,18,"1,2,3,4,5,7,8,9,10,11,12,13,14,15,17,18,19,62",17.51066255569458,-171.10400390625,-325.7383728027344,242.19461619170852,266.39599609375,-0.738372802734375,522.1946161917085,342.1946161917085,fixed_window_core_centroid,
C:\Users\User1\pneumo_dataset\merged\Pneumo_Negative\20251028021-1.nii.gz,20251028021-1.nii.gz,ok,18,"1,2,3,4,5,7,8,9,10,11,12,13,14,15,17,18,19,62",14.52374815940857,-173.22320724605575,-269.2960445829594,327.6572428619165,206.11793654799922,-18.27984110904964,607.6572428619165,427.6572428619165,fixed_window_core_centroid,
C:\Users\User1\pneumo_dataset\merged\Pneumo_Negative\20251028023-2.nii.gz,20251028023-2.nii.gz,ok,18,"1,2,3,4,5,7,8,9,10,11,12,13,14,15,17,18,19,62",14.047951698303223,-133.3679962158203,-271.8247985839844,-937.5273263760487,146.6320037841797,-39.824798583984375,-657.5273263760487,-837.5273263760487,fixed_window_core_centroid,
C:\Users\User1\pneumo_dataset\merged\Pneumo_Negative\20251028028-1.nii.gz,20251028028-1.nii.gz,ok,18,"1,2,3,4,5,7,8,9,10,11,12,13,14,15,17,18,19,62",16.25091052055359,-145.00000000000006,-278.7527160644531,-843.3047281084187,136.5,-75.25271606445307,-563.3047281084187,-743.3047281084187,fixed_window_core_centroid,
C:\Users\User1\pneumo_dataset\merged\Pneumo_Negative\20251028029-1.nii.gz,20251028029-1.nii.gz,ok,18,"1,2,3,4,5,7,8,9,10,11,12,13,14,15,17,18,19,62",15.298456192016602,-147.45399475097656,-258.0999984741211,143.90400191675838,239.04600524902344,77.4000015258789,423.9040019167584,243.90400191675838,fixed_window_core_centroid,
C:\Users\User1\pneumo_dataset\merged\Pneumo_Negative\20251028033-1.nii.gz,20251028033-1.nii.gz,ok,18,"1,2,3,4,5,7,8,9,10,11,12,13,14,15,17,18,19,62",18.899871110916138,-152.08099365234375,-235.79999923706055,-292.17402123883585,151.91900634765625,-5.299999237060547,-12.174021238835849,-192.17402123883585,fixed_window_core_centroid,
C:\Users\User1\pneumo_dataset\merged\Pneumo_Negative\20251028037-1.nii.gz,20251028037-1.nii.gz,ok,16,"1,2,3,4,5,7,10,11,12,13,14,15,17,18,19,62",8.297906160354614,-121.5390625,-305.218035697937,-1048.9552784946945,170.4609375,-46.21803569793701,-768.9552784946945,-948.9552784946945,fixed_window_core_centroid,
C:\Users\User1\pneumo_dataset\merged\Pneumo_Negative\20251028038-1.nii.gz,20251028038-1.nii.gz,ok,18,"1,2,3,4,5,7,8,9,10,11,12,13,14,15,17,18,19,62",18.517444372177124,-221.5473777242475,-203.66318224449253,318.95196783662834,153.1347099988684,0.36471220427679896,598.9519678366283,418.95196783662834,fixed_window_core_centroid,
C:\Users\User1\pneumo_dataset\merged\Pneumo_Negative\20251028040-1.nii.gz,20251028040-1.nii.gz,ok,18,"1,2,3,4,5,7,8,9,10,11,12,13,14,15,17,18,19,62",12.835275173187256,-174.73684692382804,-266.605255126953,-605.4780154145124,166.76315307617188,-39.1052551269531,-325.47801541451236,-505.47801541451236,fixed_window_core_centroid,
C:\Users\User1\pneumo_dataset\merged\Pneumo_Negative\20251028041-1.nii.gz,20251028041-1.nii.gz,ok,18,"1,2,3,4,5,7,8,9,10,11,12,13,14,15,17,18,19,62",12.132535934448242,-162.24638441890056,-253.5932919566506,-454.71036321429784,178.74045878202708,-41.24721506500728,-174.71036321429784,-354.71036321429784,fixed_window_core_centroid,
C:\Users\User1\pneumo_dataset\merged\Pneumo_Negative\20251028042-1.nii.gz,20251028042-1.nii.gz,ok,18,"1,2,3,4,5,7,8,9,10,11,12,13,14,15,17,18,19,62",22.25018334388733,-167.09808349609375,-292.80382919311523,-1433.7827378607114,169.90191650390625,-23.303829193115234,-1153.7827378607114,-1333.7827378607114,fixed_window_core_centroid,
C:\Users\User1\pneumo_dataset\merged\Pneumo_Negative\20251028043-1.nii.gz,20251028043-1.nii.gz,ok,18,"1,2,3,4,5,7,8,9,10,11,12,13,14,15,17,18,19,62",12.48347520828247,-153.36489868164057,-255.0662956237793,-446.6210049168589,167.13510131835938,-42.56629562377927,-166.6210049168589,-346.6210049168589,fixed_window_core_centroid,
C:\Users\User1\pneumo_dataset\merged\Pneumo_Negative\20251028044-1.nii.gz,20251028044-1.nii.gz,ok,15,"1,2,3,4,5,7,10,11,12,13,14,15,18,19,62",21.46553134918213,-155.2440948486328,-380.5393714904785,-1351.9757569429944,210.2559051513672,-31.539371490478516,-1071.9757569429944,-1251.9757569429944,fixed_window_core_centroid,
C:\Users\User1\pneumo_dataset\merged\Pneumo_Negative\20251028044-2.nii.gz,20251028044-2.nii.gz,ok,18,"1,2,3,4,5,7,8,9,10,11,12,13,14,15,17,18,19,62",13.969722032546997,-124.31839710459785,-291.72454549548723,-544.6632292722875,145.0916541791948,4.728721923681405,-264.6632292722875,-444.6632292722875,fixed_window_core_centroid,
C:\Users\User1\pneumo_dataset\merged\Pneumo_Negative\20251028045-1.nii.gz,20251028045-1.nii.gz,ok,18,"1,2,3,4,5,7,8,9,10,11,12,13,14,15,17,18,19,62",11.06271743774414,-119.18899536132812,-272.79999923706055,-848.8965587938543,204.31100463867188,-72.29999923706055,-568.8965587938543,-748.8965587938543,fixed_window_core_centroid,
C:\Users\User1\pneumo_dataset\merged\Pneumo_Negative\20251028046-1.nii.gz,20251028046-1.nii.gz,ok,14,"1,2,3,4,5,7,11,12,13,14,15,18,19,62",19.8822021484375,-165.67929077148432,-265.6080169677734,-1498.8063812013258,192.32070922851562,-57.60801696777344,-1218.8063812013258,-1398.8063812013258,fixed_window_core_centroid,
C:\Users\User1\pneumo_dataset\merged\Pneumo_Negative\20251028047-1.nii.gz,20251028047-1.nii.gz,ok,18,"1,2,3,4,5,7,8,9,10,11,12,13,14,15,17,18,19,62",20.665168523788452,-156.00000000000006,-282.7590484619141,-911.7054480900374,175.0,-31.259048461914062,-631.7054480900374,-811.7054480900374,fixed_window_core_centroid,
C:\Users\User1\pneumo_dataset\merged\Pneumo_Negative\20251028048-1.nii.gz,20251028048-1.nii.gz,ok,18,"1,2,3,4,5,7,8,9,10,11,12,13,14,15,17,18,19,62",21.269213914871216,-151.5,-300.0,-1201.0094546376486,163.0,-24.5,-921.0094546376486,-1101.0094546376486,fixed_window_core_centroid,
C:\Users\User1\pneumo_dataset\merged\Pneumo_Negative\20251028049-1.nii.gz,20251028049-1.nii.gz,ok,18,"1,2,3,4,5,7,8,9,10,11,12,13,14,15,17,18,19,62",23.12945818901062,-149.3690032958985,-245.43199920654303,-450.6707741035949,174.13099670410156,3.0680007934570312,-170.6707741035949,-350.6707741035949,fixed_window_core_centroid,
C:\Users\User1\pneumo_dataset\merged\Pneumo_Negative\20251028050-1.nii.gz,20251028050-1.nii.gz,ok,16,"1,2,3,4,5,7,10,11,12,13,14,15,17,18,19,62",19.78156304359436,-192.5,-285.0,-1463.82995288654,195.5,4.0,-1183.82995288654,-1363.82995288654,fixed_window_core_centroid,
C:\Users\User1\pneumo_dataset\merged\Pneumo_Negative\20251028050-2.nii.gz,20251028050-2.nii.gz,ok,18,"1,2,3,4,5,7,8,9,10,11,12,13,14,15,17,18,19,62",19.28294324874878,-181.49999999999994,-286.154296875,-934.5225638919676,178.0,-18.154296875000057,-654.5225638919676,-834.5225638919676,fixed_window_core_centroid,
C:\Users\User1\pneumo_dataset\merged\Pneumo_Negative\20251028053-1.nii.gz,20251028053-1.nii.gz,ok,18,"1,2,3,4,5,7,8,9,10,11,12,13,14,15,17,18,19,62",21.134578466415405,-187.60699462890625,-256.9000015258789,-948.0713281808605,146.39300537109375,6.599998474121094,-668.0713281808605,-848.0713281808605,fixed_window_core_centroid,
C:\Users\User1\pneumo_dataset\merged\Pneumo_Negative\20251028057-1.nii.gz,20251028057-1.nii.gz,ok,18,"1,2,3,4,5,7,8,9,10,11,12,13,14,15,17,18,19,62",12.016163349151611,-154.6488858943819,-245.79418957025973,-239.21295579016237,165.44712136036756,-80.98142291577287,40.78704420983763,-139.21295579016237,fixed_window_core_centroid,
C:\Users\User1\pneumo_dataset\merged\Pneumo_Negative\20251028061-1.nii.gz,20251028061-1.nii.gz,ok,18,"1,2,3,4,5,7,8,9,10,11,12,13,14,15,17,18,19,62",12.733267068862915,-153.40359497070327,-257.4410171508789,-754.3719460121702,201.59640502929688,-14.941017150878878,-474.37194601217016,-654.3719460121702,fixed_window_core_centroid,
C:\Users\User1\pneumo_dataset\merged\Pneumo_Negative\20251028062-1.nii.gz,20251028062-1.nii.gz,ok,18,"1,2,3,4,5,7,8,9,10,11,12,13,14,15,17,18,19,62",19.999357223510742,-148.97999572753906,-249.70000076293945,-640.8009815986316,209.02000427246094,24.299999237060547,-360.80098159863155,-540.8009815986316,fixed_window_core_centroid,
C:\Users\User1\pneumo_dataset\merged\Pneumo_Negative\20251028064-1.nii.gz,20251028064-1.nii.gz,ok,18,"1,2,3,4,5,7,8,9,10,11,12,13,14,15,17,18,19,62",20.21685814857483,-173.52453613281244,-271.2239036560058,-816.0992019665823,205.4754638671875,-36.22390365600586,-536.0992019665823,-716.0992019665823,fixed_window_core_centroid,
C:\Users\User1\pneumo_dataset\merged\Pneumo_Negative\20251028068-1.nii.gz,20251028068-1.nii.gz,ok,18,"1,2,3,4,5,7,8,9,10,11,12,13,14,15,17,18,19,62",16.398614168167114,-148.00799560546866,-263.5719985961913,188.63365793041834,152.99200439453125,-34.571998596191406,468.63365793041834,288.63365793041834,fixed_window_core_centroid,
C:\Users\User1\pneumo_dataset\merged\Pneumo_Negative\20251028069-1.nii.gz,20251028069-1.nii.gz,ok,18,"1,2,3,4,5,7,8,9,10,11,12,13,14,15,17,18,19,62",26.365999937057495,-164.0,-382.5999984741211,-1537.3723706094934,165.5,-41.099998474121094,-1257.3723706094934,-1437.3723706094934,fixed_window_core_centroid,
C:\Users\User1\pneumo_dataset\merged\Pneumo_Negative\20251028070-1.nii.gz,20251028070-1.nii.gz,ok,18,"1,2,3,4,5,7,8,9,10,11,12,13,14,15,17,18,19,62",5.960050344467163,-120.050155495336,-272.34747760945487,-496.887259618397,156.3840400087014,-63.738844389329785,-216.88725961839702,-396.887259618397,fixed_window_core_centroid,
C:\Users\User1\pneumo_dataset\merged\Pneumo_Negative\20251028073-1.nii.gz,20251028073-1.nii.gz,ok,18,"1,2,3,4,5,7,8,9,10,11,12,13,14,15,17,18,19,62",15.415105819702148,-139.55499267578125,-236.75900268554688,65.1706308852821,156.94500732421875,-19.759002685546875,345.1706308852821,165.1706308852821,fixed_window_core_centroid,
C:\Users\User1\pneumo_dataset\merged\Pneumo_Negative\20251028074-1.nii.gz,20251028074-1.nii.gz,ok,18,"1,2,3,4,5,7,8,9,10,11,12,13,14,15,17,18,19,62",18.17929720878601,-121.38229370117188,-291.17885971069336,-181.71838772032856,175.11770629882812,-77.17885971069336,98.28161227967144,-81.71838772032856,fixed_window_core_centroid,
C:\Users\User1\pneumo_dataset\merged\Pneumo_Negative\20251028075-1.nii.gz,20251028075-1.nii.gz,ok,18,"1,2,3,4,5,7,8,9,10,11,12,13,14,15,17,18,19,62",21.246768951416016,-154.99999999999994,-288.49999999999994,-245.2461508670392,188.0,-7.0,34.753849132960795,-145.2461508670392,fixed_window_core_centroid,
C:\Users\User1\pneumo_dataset\merged\Pneumo_Negative\20251028078-1.nii.gz,20251028078-1.nii.gz,ok,18,"1,2,3,4,5,7,8,9,10,11,12,13,14,15,17,18,19,62",19.92927074432373,-131.5,-295.0,-208.1323774336828,174.0,-39.0,71.86762256631721,-108.13237743368279,fixed_window_core_centroid,
C:\Users\User1\pneumo_dataset\merged\Pneumo_Negative\20251028080-1.nii.gz,20251028080-1.nii.gz,ok,18,"1,2,3,4,5,7,8,9,10,11,12,13,14,15,17,18,19,62",19.87313747406006,-155.92599487304682,-283.88360595703125,-842.7384889168927,167.57400512695312,-15.883605957031307,-562.7384889168927,-742.7384889168927,fixed_window_core_centroid,
C:\Users\User1\pneumo_dataset\merged\Pneumo_Negative\20251028081-1.nii.gz,20251028081-1.nii.gz,ok,18,"1,2,3,4,5,7,8,9,10,11,12,13,14,15,17,18,19,62",15.32632827758789,-147.1199951171875,-260.4300003051758,-996.0107757875344,191.3800048828125,-49.43000030517578,-716.0107757875344,-896.0107757875344,fixed_window_core_centroid,
C:\Users\User1\pneumo_dataset\merged\Pneumo_Negative\20251028082-1.nii.gz,20251028082-1.nii.gz,ok,18,"1,2,3,4,5,7,8,9,10,11,12,13,14,15,17,18,19,62",23.1172091960907,-170.16000366210938,-243.0,-1110.4963055869912,156.33999633789062,-18.5,-830.4963055869912,-1010.4963055869912,fixed_window_core_centroid,
C:\Users\User1\pneumo_dataset\merged\Pneumo_Negative\20251028087-1.nii.gz,20251028087-1.nii.gz,ok,17,"1,2,3,4,5,7,8,10,11,12,13,14,15,17,18,19,62",21.37667441368103,-205.5,-337.5,-1813.853102923276,158.5,-47.0,-1533.853102923276,-1713.853102923276,fixed_window_core_centroid,
C:\Users\User1\pneumo_dataset\merged\Pneumo_Negative\20251028088-1.nii.gz,20251028088-1.nii.gz,ok,18,"1,2,3,4,5,7,8,9,10,11,12,13,14,15,17,18,19,62",13.471673727035522,-140.8936880161202,-258.7049321833896,-370.6465826924144,170.07797148425303,-43.01668628283474,-90.64658269241443,-270.6465826924144,fixed_window_core_centroid,
C:\Users\User1\pneumo_dataset\merged\Pneumo_Negative\20251028089-1.nii.gz,20251028089-1.nii.gz,ok,15,"1,2,3,5,7,10,11,12,13,14,15,17,18,19,62",14.756840467453003,-137.5,-290.0,-1527.976881605165,217.5,-64.0,-1247.976881605165,-1427.976881605165,fixed_window_core_centroid,
C:\Users\User1\pneumo_dataset\merged\Pneumo_Negative\20251028090-1.nii.gz,20251028090-1.nii.gz,ok,18,"1,2,3,4,5,7,8,9,10,11,12,13,14,15,17,18,19,62",21.22008442878723,-151.90945434570318,-287.7042884826661,-322.4424014378722,177.59054565429688,-30.204288482666016,-42.442401437872206,-222.4424014378722,fixed_window_core_centroid,
C:\Users\User1\pneumo_dataset\merged\Pneumo_Negative\20251028091-1.nii.gz,20251028091-1.nii.gz,ok,18,"1,2,3,4,5,7,8,9,10,11,12,13,14,15,17,18,19,62",20.772032022476196,-162.55099487304688,-291.6999969482422,-593.3498821969883,180.44900512695312,-10.199996948242188,-313.3498821969884,-493.3498821969884,fixed_window_core_centroid,
C:\Users\User1\pneumo_dataset\merged\Pneumo_Negative\20251028094-1.nii.gz,20251028094-1.nii.gz,ok,18,"1,2,3,4,5,7,8,9,10,11,12,13,14,15,17,18,19,62",16.21694827079773,-126.5,-272.697265625,-572.0837612747873,150.5,-55.697265625,-292.08376127478726,-472.08376127478726,fixed_window_core_centroid,
C:\Users\User1\pneumo_dataset\merged\Pneumo_Negative\20251028095-1.nii.gz,20251028095-1.nii.gz,ok,18,"1,2,3,4,5,7,8,9,10,11,12,13,14,15,17,18,19,62",13.702414751052856,-125.52820218927786,-271.0637781972564,-1205.2184139518683,156.01593571532595,-42.024947678439986,-925.2184139518683,-1105.2184139518683,fixed_window_core_centroid,
C:\Users\User1\pneumo_dataset\merged\Pneumo_Negative\20251028096-1.nii.gz,20251028096-1.nii.gz,ok,18,"1,2,3,4,5,7,8,9,10,11,12,13,14,15,17,18,19,62",19.10258960723877,-195.86000061035156,-271.43280029296875,263.9437999178848,187.63999938964844,17.56719970703125,543.9437999178848,363.9437999178848,fixed_window_core_centroid,
C:\Users\User1\pneumo_dataset\merged\Pneumo_Negative\20251028097-1.nii.gz,20251028097-1.nii.gz,ok,17,"1,2,3,4,5,7,8,9,10,11,12,13,14,15,18,19,62",8.484660625457764,-144.41700744628906,-263.5,-628.4209997389769,129.58299255371094,-60.0,-348.4209997389769,-528.4209997389769,fixed_window_core_centroid,
C:\Users\User1\pneumo_dataset\merged\Pneumo_Negative\20251028098-1.nii.gz,20251028098-1.nii.gz,ok,18,"1,2,3,4,5,7,8,9,10,11,12,13,14,15,17,18,19,62",10.875096082687378,-159.18334548680832,-238.75865192358225,-610.0359945297562,139.59039236597505,-34.09110017856159,-330.03599452975624,-510.03599452975624,fixed_window_core_centroid,
C:\Users\User1\pneumo_dataset\merged\Pneumo_Negative\20251028099-1.nii.gz,20251028099-1.nii.gz,ok,15,"1,2,3,5,7,10,11,12,13,14,15,17,18,19,62",16.133741855621338,-160.89599609375,-303.5810012817383,-1509.933933205708,150.60400390625,-19.08100128173828,-1229.933933205708,-1409.933933205708,fixed_window_core_centroid,
C:\Users\User1\pneumo_dataset\merged\Pneumo_Negative\20251028101-1.nii.gz,20251028101-1.nii.gz,ok,17,"1,2,3,4,5,7,8,9,11,12,13,14,15,17,18,19,62",11.107016563415527,-154.47891883486244,-250.1692129103243,-808.9626867930378,167.4695175114756,-20.9911770767346,-528.9626867930378,-708.9626867930378,fixed_window_core_centroid,
C:\Users\User1\pneumo_dataset\merged\Pneumo_Negative\20251028103-1.nii.gz,20251028103-1.nii.gz,ok,18,"1,2,3,4,5,7,8,9,10,11,12,13,14,15,17,18,19,62",15.959009885787964,-143.0240020751953,-244.2480010986328,-1046.5640541136227,177.4759979248047,-15.248001098632812,-766.5640541136227,-946.5640541136227,fixed_window_core_centroid,
C:\Users\User1\pneumo_dataset\merged\Pneumo_Negative\20251028106-1.nii.gz,20251028106-1.nii.gz,ok,18,"1,2,3,4,5,7,8,9,10,11,12,13,14,15,17,18,19,62",16.083389043807983,-159.5,-350.5,354.5891123915089,201.5,-28.5,634.5891123915089,454.5891123915089,fixed_window_core_centroid,
C:\Users\User1\pneumo_dataset\merged\Pneumo_Negative\20251028107-1.nii.gz,20251028107-1.nii.gz,ok,18,"1,2,3,4,5,7,8,9,10,11,12,13,14,15,17,18,19,62",12.170340538024902,-155.0262451171875,-262.1128578186035,-894.4177353934949,157.9737548828125,-36.112857818603516,-614.4177353934949,-794.4177353934949,fixed_window_core_centroid,
C:\Users\User1\pneumo_dataset\merged\Pneumo_Negative\20251028109-1.nii.gz,20251028109-1.nii.gz,ok,18,"1,2,3,4,5,7,8,9,10,11,12,13,14,15,17,18,19,62",9.912225723266602,-148.85987315558114,-246.49661473744717,-583.1890385387958,149.50209799971196,-44.50404743650114,-303.1890385387957,-483.1890385387957,fixed_window_core_centroid,
C:\Users\User1\pneumo_dataset\merged\Pneumo_Negative\20251028110-1.nii.gz,20251028110-1.nii.gz,ok,18,"1,2,3,4,5,7,8,9,10,11,12,13,14,15,17,18,19,62",6.137503623962402,-151.54299926757818,-252.64900016784674,-259.4483765785636,126.95700073242188,-40.14900016784671,20.551623421436375,-159.44837657856363,fixed_window_core_centroid,
C:\Users\User1\pneumo_dataset\merged\Pneumo_Negative\20251028111-1.nii.gz,20251028111-1.nii.gz,ok,18,"1,2,3,4,5,7,8,9,10,11,12,13,14,15,17,18,19,62",10.128568649291992,-134.19793788041846,-270.076743210361,-781.892095778166,174.97495980944598,-36.44190350107252,-501.892095778166,-681.892095778166,fixed_window_core_centroid,
C:\Users\User1\pneumo_dataset\merged\Pneumo_Negative\20251028112-1.nii.gz,20251028112-1.nii.gz,ok,17,"1,2,3,4,5,7,8,9,11,12,13,14,15,17,18,19,62",12.737016201019287,-158.48399353027344,-286.26200103759766,-678.1180178292249,187.51600646972656,-3.2620010375976562,-398.11801782922487,-578.1180178292249,fixed_window_core_centroid,
C:\Users\User1\pneumo_dataset\merged\Pneumo_Negative\20251028114-1.nii.gz,20251028114-1.nii.gz,ok,18,"1,2,3,4,5,7,8,9,10,11,12,13,14,15,17,18,19,62",4.579435586929321,-107.42692719066493,-291.0556093842811,-490.13572555358314,134.25614511049403,-73.63384437406674,-210.13572555358314,-390.13572555358314,fixed_window_core_centroid,
C:\Users\User1\pneumo_dataset\merged\Pneumo_Negative\20251028115-1.nii.gz,20251028115-1.nii.gz,ok,18,"1,2,3,4,5,7,8,9,10,11,12,13,14,15,17,18,19,62",11.485193014144897,-181.2512066806858,-255.7805880326692,-175.04187197603432,209.01633215273569,-8.887738374742014,104.95812802396568,-75.04187197603432,fixed_window_core_centroid,
C:\Users\User1\pneumo_dataset\merged\Pneumo_Negative\20251028117-1.nii.gz,20251028117-1.nii.gz,ok,18,"1,2,3,4,5,7,8,9,10,11,12,13,14,15,17,18,19,62",15.315290689468384,-153.0,-284.0,-87.65117767888631,163.0,-34.0,192.3488223211137,12.348822321113687,fixed_window_core_centroid,
C:\Users\User1\pneumo_dataset\merged\Pneumo_Negative\20251028118-1.nii.gz,20251028118-1.nii.gz,ok,17,"1,2,3,4,5,7,8,10,11,12,13,14,15,17,18,19,62",19.084681510925293,-153.99999999999991,-286.9999999999999,-259.7265089399158,162.0,-32.5,20.273491060084183,-159.72650893991582,fixed_window_core_centroid,
C:\Users\User1\pneumo_dataset\merged\Pneumo_Negative\20251028119-1.nii.gz,20251028119-1.nii.gz,ok,18,"1,2,3,4,5,7,8,9,10,11,12,13,14,15,17,18,19,62",12.513587713241577,-142.7671051025392,-245.5863265991211,121.6431934943073,152.23289489746094,-15.086326599121065,401.6431934943073,221.6431934943073,fixed_window_core_centroid,
C:\Users\User1\pneumo_dataset\merged\Pneumo_Negative\20251028125-1.nii.gz,20251028125-1.nii.gz,ok,18,"1,2,3,4,5,7,8,9,10,11,12,13,14,15,17,18,19,62",12.423433780670166,-141.2509779903034,-268.24858255663577,-844.5599910791939,162.72724605769506,-53.776529698693054,-564.5599910791939,-744.5599910791939,fixed_window_core_centroid,
C:\Users\User1\pneumo_dataset\merged\Pneumo_Negative\20251028126-1.nii.gz,20251028126-1.nii.gz,ok,17,"1,2,3,4,7,8,9,10,11,12,13,14,15,17,18,19,62",10.249473333358765,-146.39227353530163,-253.63293757840594,-140.68633521579432,137.42297998518768,-42.464534680150194,139.31366478420568,-40.686335215794315,fixed_window_core_centroid,
C:\Users\User1\pneumo_dataset\merged\Pneumo_Negative\20251028129-1.nii.gz,20251028129-1.nii.gz,ok,18,"1,2,3,4,5,7,8,9,10,11,12,13,14,15,17,18,19,62",18.560414791107178,-145.65499877929693,-319.2436828613281,-959.8467830294346,167.34500122070312,-19.743682861328068,-679.8467830294346,-859.8467830294346,fixed_window_core_centroid,
C:\Users\User1\pneumo_dataset\merged\Pneumo_Negative\20251028130-1.nii.gz,20251028130-1.nii.gz,ok,18,"1,2,3,4,5,7,8,9,10,11,12,13,14,15,17,18,19,62",8.599844217300415,-134.91200256347656,-251.5999984741211,161.907532384783,116.58799743652344,-37.599998474121094,441.907532384783,261.907532384783,fixed_window_core_centroid,
C:\Users\User1\pneumo_dataset\merged\Pneumo_Negative\20251028131-1.nii.gz,20251028131-1.nii.gz,ok,18,"1,2,3,4,5,7,8,9,10,11,12,13,14,15,17,18,19,62",18.43596911430359,-149.4736785888672,-249.78070449829102,-1288.3046807496241,177.0263214111328,-17.780704498291016,-1008.3046807496241,-1188.3046807496241,fixed_window_core_centroid,
C:\Users\User1\pneumo_dataset\merged\Pneumo_Negative\20251028133-1.nii.gz,20251028133-1.nii.gz,ok,18,"1,2,3,4,5,7,8,9,10,11,12,13,14,15,17,18,19,62",18.50190544128418,-127.8200073242187,-245.13000106811518,-965.600711973497,179.17999267578125,-37.130001068115234,-685.600711973497,-865.600711973497,fixed_window_core_centroid,
C:\Users\User1\pneumo_dataset\merged\Pneumo_Negative\20251028134-1.nii.gz,20251028134-1.nii.gz,ok,18,"1,2,3,4,5,7,8,9,10,11,12,13,14,15,17,18,19,62",20.69258761405945,-142.9450073242188,-242.78945922851562,-737.8893381577366,168.55499267578125,-19.789459228515568,-457.8893381577366,-637.8893381577366,fixed_window_core_centroid,
C:\Users\User1\pneumo_dataset\merged\Pneumo_Negative\20251028136-1.nii.gz,20251028136-1.nii.gz,ok,18,"1,2,3,4,5,7,8,9,10,11,12,13,14,15,17,18,19,62",18.546451568603516,-174.14999389648438,-299.0,-1536.226585068844,126.85000610351562,-44.5,-1256.226585068844,-1436.226585068844,fixed_window_core_centroid,
C:\Users\User1\pneumo_dataset\merged\Pneumo_Negative\20251028138-1.nii.gz,20251028138-1.nii.gz,ok,15,"1,2,3,4,5,7,10,11,12,13,14,15,18,19,62",17.03110957145691,-154.76315307617188,-345.9649085998535,-730.4161136120125,237.73684692382812,61.535091400146484,-450.4161136120125,-630.4161136120125,fixed_window_core_centroid,
C:\Users\User1\pneumo_dataset\merged\Pneumo_Negative\20251028141-1.nii.gz,20251028141-1.nii.gz,ok,17,"1,2,3,4,5,7,8,10,11,12,13,14,15,17,18,19,62",21.40366220474243,-149.97369384765625,-276.95613861083984,-1630.860467380752,185.52630615234375,4.543861389160156,-1350.860467380752,-1530.860467380752,fixed_window_core_centroid,
C:\Users\User1\pneumo_dataset\merged\Pneumo_Negative\20251028144-1.nii.gz,20251028144-1.nii.gz,ok,17,"1,2,3,4,5,7,8,10,11,12,13,14,15,17,18,19,62",21.707092761993408,-188.47758483886724,-347.62699890136724,-1213.6537406687978,240.0224151611328,23.873001098632812,-933.6537406687978,-1113.6537406687978,fixed_window_core_centroid,
C:\Users\User1\pneumo_dataset\merged\Pneumo_Negative\20251028145-1.nii.gz,20251028145-1.nii.gz,ok,18,"1,2,3,4,5,7,8,9,10,11,12,13,14,15,17,18,19,62",19.63515567779541,-198.0,-285.9234313964844,-639.5099451343575,190.0,-2.923431396484375,-359.5099451343575,-539.5099451343575,fixed_window_core_centroid,
C:\Users\User1\pneumo_dataset\merged\Pneumo_Negative\20251028147-1.nii.gz,20251028147-1.nii.gz,ok,18,"1,2,3,4,5,7,8,9,10,11,12,13,14,15,17,18,19,62",13.813273906707764,-137.79684448242188,-258.4599609375,-1033.8604871628263,175.20315551757812,-30.95996093749997,-753.8604871628263,-933.8604871628263,fixed_window_core_centroid,
C:\Users\User1\pneumo_dataset\merged\Pneumo_Negative\20251028150-1.nii.gz,20251028150-1.nii.gz,ok,18,"1,2,3,4,5,7,8,9,10,11,12,13,14,15,17,18,19,62",13.396087169647217,-137.4122772216797,-263.6983947753906,-923.6825040105518,153.0877227783203,-51.198394775390625,-643.6825040105518,-823.6825040105518,fixed_window_core_centroid,
C:\Users\User1\pneumo_dataset\merged\Pneumo_Negative\20251028151-1.nii.gz,20251028151-1.nii.gz,ok,15,"1,2,3,4,5,7,11,12,13,14,15,17,18,19,62",19.809239149093628,-151.5877227783203,-271.8105278015137,-1536.8749007415834,206.4122772216797,-20.310527801513672,-1256.8749007415834,-1436.8749007415834,fixed_window_core_centroid,
C:\Users\User1\pneumo_dataset\merged\Pneumo_Negative\20251028152-1.nii.gz,20251028152-1.nii.gz,ok,18,"1,2,3,4,5,7,8,9,10,11,12,13,14,15,17,18,19,62",13.370334148406982,-139.7438328253025,-260.49632015054203,194.12399738415348,169.53878847910724,-8.613994640777179,474.1239973841535,294.1239973841535,fixed_window_core_centroid,
C:\Users\User1\pneumo_dataset\merged\Pneumo_Negative\20251028155-1.nii.gz,20251028155-1.nii.gz,ok,18,"1,2,3,4,5,7,8,9,10,11,12,13,14,15,17,18,19,62",14.083279132843018,-133.96699523925787,-241.84600067138678,-943.7596765209437,156.5330047607422,-29.34600067138672,-663.7596765209437,-843.7596765209437,fixed_window_core_centroid,
C:\Users\User1\pneumo_dataset\merged\Pneumo_Negative\20251028158-1.nii.gz,20251028158-1.nii.gz,ok,18,"1,2,3,4,5,7,8,9,10,11,12,13,14,15,17,18,19,62",20.366155862808228,-130.08799743652344,-248.65625,-609.9076464724828,217.41200256347656,-22.65625,-329.9076464724828,-509.9076464724828,fixed_window_core_centroid,
C:\Users\User1\pneumo_dataset\merged\Pneumo_Negative\20251028159-1.nii.gz,20251028159-1.nii.gz,ok,18,"1,2,3,4,5,7,8,9,10,11,12,13,14,15,17,18,19,62",6.750330686569214,-135.38320922851562,-278.0628890991211,-887.85367513447,132.61679077148438,-62.562889099121065,-607.85367513447,-787.85367513447,fixed_window_core_centroid,
C:\Users\User1\pneumo_dataset\merged\Pneumo_Negative\20251028162-1.nii.gz,20251028162-1.nii.gz,ok,18,"1,2,3,4,5,7,8,9,10,11,12,13,14,15,17,18,19,62",14.965856790542603,-155.07200622558594,-267.1279983520508,-536.8483136234482,162.42799377441406,-26.12799835205078,-256.84831362344823,-436.84831362344823,fixed_window_core_centroid,
C:\Users\User1\pneumo_dataset\merged\Pneumo_Negative\20251028166-1.nii.gz,20251028166-1.nii.gz,ok,18,"1,2,3,4,5,7,8,9,10,11,12,13,14,15,17,18,19,62",6.631112813949585,-153.08824103055545,-263.977839721337,-68.34857926754381,143.1975996304871,-68.57894050817404,211.6514207324562,31.651420732456188,fixed_window_core_centroid,
C:\Users\User1\pneumo_dataset\merged\Pneumo_Negative\20251028167-1.nii.gz,20251028167-1.nii.gz,ok,18,"1,2,3,4,5,7,8,9,10,11,12,13,14,15,17,18,19,62",11.583911895751953,-141.25599670410168,-243.3863296508789,-746.4853237000516,155.24400329589844,-21.886329650878878,-466.4853237000516,-646.4853237000516,fixed_window_core_centroid,
C:\Users\User1\pneumo_dataset\merged\Pneumo_Negative\20251028168-1.nii.gz,20251028168-1.nii.gz,ok,18,"1,2,3,4,5,7,8,9,10,11,12,13,14,15,17,18,19,62",18.9150288105011,-162.68299865722656,-254.1629981994629,-873.8833318276297,121.81700134277344,-23.66299819946289,-593.8833318276297,-773.8833318276297,fixed_window_core_centroid,
C:\Users\User1\pneumo_dataset\merged\Pneumo_Negative\20251028170-1.nii.gz,20251028170-1.nii.gz,ok,18,"1,2,3,4,5,7,8,9,10,11,12,13,14,15,17,18,19,62",12.151095628738403,-158.80290775070847,-251.10710180528184,-835.9003055138264,163.9145979778047,-42.69299326728503,-555.9003055138264,-735.9003055138264,fixed_window_core_centroid,
C:\Users\User1\pneumo_dataset\merged\Pneumo_Negative\20251028172-1.nii.gz,20251028172-1.nii.gz,ok,18,"1,2,3,4,5,7,8,9,10,11,12,13,14,15,17,18,19,62",14.482739925384521,-160.41499328613276,-258.6660003662109,-523.150066974508,157.0850067138672,-31.16600036621091,-243.15006697450804,-423.15006697450804,fixed_window_core_centroid,
C:\Users\User1\pneumo_dataset\merged\Pneumo_Negative\20251028173-1.nii.gz,20251028173-1.nii.gz,ok,18,"1,2,3,4,5,7,8,9,10,11,12,13,14,15,17,18,19,62",20.36639404296875,-132.5780029296875,-301.47381591796875,-885.0040609718712,168.4219970703125,-81.47381591796875,-605.0040609718712,-785.0040609718712,fixed_window_core_centroid,
C:\Users\User1\pneumo_dataset\merged\Pneumo_Negative\20251028175-1.nii.gz,20251028175-1.nii.gz,ok,18,"1,2,3,4,5,7,8,9,10,11,12,13,14,15,17,18,19,62",12.166884660720825,-147.52444458007812,-250.3239402770996,-24.649645172282476,175.97555541992188,-22.82394027709958,255.35035482771752,75.35035482771752,fixed_window_core_centroid,
C:\Users\User1\pneumo_dataset\merged\Pneumo_Negative\20251028177-1.nii.gz,20251028177-1.nii.gz,ok,18,"1,2,3,4,5,7,8,9,10,11,12,13,14,15,17,18,19,62",23.4326753616333,-142.13600158691406,-254.4199981689453,-477.1626634943206,173.86399841308594,-20.919998168945312,-197.1626634943206,-377.1626634943206,fixed_window_core_centroid,
C:\Users\User1\pneumo_dataset\merged\Pneumo_Negative\20251028178-1.nii.gz,20251028178-1.nii.gz,ok,18,"1,2,3,4,5,7,8,9,10,11,12,13,14,15,17,18,19,62",13.714879989624023,-122.63030469482071,-268.04081786839043,-205.14083368797674,166.81999619251695,-18.930685671940665,74.85916631202326,-105.14083368797674,fixed_window_core_centroid,
C:\Users\User1\pneumo_dataset\merged\Pneumo_Negative\20251028180-1.nii.gz,20251028180-1.nii.gz,ok,16,"1,2,3,4,5,7,10,11,12,13,14,15,17,18,19,62",20.204501390457153,-118.86985778808594,-275.44689178466797,-1604.656999776647,198.63014221191406,-44.94689178466797,-1324.656999776647,-1504.656999776647,fixed_window_core_centroid,
C:\Users\User1\pneumo_dataset\merged\Pneumo_Negative\20251028183-1.nii.gz,20251028183-1.nii.gz,ok,18,"1,2,3,4,5,7,8,9,10,11,12,13,14,15,17,18,19,62",8.72666335105896,-139.36399841308594,-256.1180000305176,-741.0224510223302,128.63600158691406,-43.61800003051758,-461.0224510223302,-641.0224510223302,fixed_window_core_centroid,
C:\Users\User1\pneumo_dataset\merged\Pneumo_Negative\20251028184-1.nii.gz,20251028184-1.nii.gz,ok,17,"1,2,3,4,5,7,8,10,11,12,13,14,15,17,18,19,62",16.054280042648315,-170.5,-263.4000015258789,261.87675792177816,178.5,58.599998474121094,541.8767579217781,361.87675792177816,fixed_window_core_centroid,
C:\Users\User1\pneumo_dataset\merged\Pneumo_Negative\20251028186-1.nii.gz,20251028186-1.nii.gz,ok,16,"1,2,3,4,5,7,10,11,12,13,14,15,17,18,19,62",12.26313591003418,-110.0,-268.5,-1565.7777571209886,197.0,-57.5,-1285.7777571209886,-1465.7777571209886,fixed_window_core_centroid,
C:\Users\User1\pneumo_dataset\merged\Pneumo_Negative\20251028187-1.nii.gz,20251028187-1.nii.gz,ok,18,"1,2,3,4,5,7,8,9,10,11,12,13,14,15,17,18,19,62",10.18033218383789,-152.01462941751535,-255.64905414113267,5.97401882960105,152.41340511345217,-55.74966529274013,285.97401882960105,105.97401882960105,fixed_window_core_centroid,
C:\Users\User1\pneumo_dataset\merged\Pneumo_Negative\20251028188-1.nii.gz,20251028188-1.nii.gz,ok,18,"1,2,3,4,5,7,8,9,10,11,12,13,14,15,17,18,19,62",25.215627670288086,-152.90499877929693,-244.50000000000006,-828.4639580395501,172.09500122070312,14.5,-548.4639580395501,-728.4639580395501,fixed_window_core_centroid,
C:\Users\User1\pneumo_dataset\merged\Pneumo_Negative\20251028190-1.nii.gz,20251028190-1.nii.gz,ok,18,"1,2,3,4,5,7,8,9,10,11,12,13,14,15,17,18,19,62",20.423420906066895,-179.60099792480457,-283.31500244140614,-404.69515223838005,227.8990020751953,-12.31500244140625,-124.69515223838005,-304.69515223838005,fixed_window_core_centroid,
C:\Users\User1\pneumo_dataset\merged\Pneumo_Negative\20251028191-1.nii.gz,20251028191-1.nii.gz,ok,18,"1,2,3,4,5,7,8,9,10,11,12,13,14,15,17,18,19,62",14.102215051651001,-166.0861618679332,-248.80305088139588,-893.2981863634192,156.91489064825785,-37.627981800854656,-613.2981863634192,-793.2981863634192,fixed_window_core_centroid,
C:\Users\User1\pneumo_dataset\merged\Pneumo_Negative\20251028192-1.nii.gz,20251028192-1.nii.gz,ok,18,"1,2,3,4,5,7,8,9,10,11,12,13,14,15,17,18,19,62",20.14037537574768,-154.5,-318.39794921875,-995.3208416600874,169.0,-53.39794921875,-715.3208416600874,-895.3208416600874,fixed_window_core_centroid,
C:\Users\User1\pneumo_dataset\merged\Pneumo_Negative\20251028194-1.nii.gz,20251028194-1.nii.gz,ok,15,"1,2,3,4,5,7,8,9,12,13,14,15,18,19,62",16.47096610069275,-214.98800659179688,-250.0999984741211,-1021.765451264321,257.0119934082031,-49.599998474121094,-741.765451264321,-921.765451264321,fixed_window_core_centroid,
C:\Users\User1\pneumo_dataset\merged\Pneumo_Negative\20251028195-1.nii.gz,20251028195-1.nii.gz,ok,18,"1,2,3,4,5,7,8,9,10,11,12,13,14,15,17,18,19,62",10.045706510543823,-137.91400146484375,-260.9000015258789,172.3298669144417,148.08599853515625,-25.900001525878906,452.3298669144417,272.3298669144417,fixed_window_core_centroid,
C:\Users\User1\pneumo_dataset\merged\Pneumo_Negative\20251028196-1.nii.gz,20251028196-1.nii.gz,ok,18,"1,2,3,4,5,7,8,9,10,11,12,13,14,15,17,18,19,62",18.728906393051147,-132.5,-276.166015625,-1198.351424990199,158.0,-45.666015625,-918.3514249901989,-1098.351424990199,fixed_window_core_centroid,
C:\Users\User1\pneumo_dataset\merged\Pneumo_Negative\20251028199-1.nii.gz,20251028199-1.nii.gz,ok,18,"1,2,3,4,5,7,8,9,10,11,12,13,14,15,17,18,19,62",17.16139245033264,-141.05599975585938,-251.9000015258789,-912.894768055625,237.94400024414062,61.099998474121094,-632.894768055625,-812.894768055625,fixed_window_core_centroid,
C:\Users\User1\pneumo_dataset\merged\Pneumo_Negative\20251028200-1.nii.gz,20251028200-1.nii.gz,ok,18,"1,2,3,4,5,7,8,9,10,11,12,13,14,15,17,18,19,62",19.524195671081543,-180.0260009765625,-290.4459991455078,-248.84674242238458,188.4739990234375,-5.9459991455078125,31.15325757761542,-148.84674242238458,fixed_window_core_centroid,
C:\Users\User1\pneumo_dataset\merged\Pneumo_Negative\20251028202-1.nii.gz,20251028202-1.nii.gz,ok,18,"1,2,3,4,5,7,8,9,10,11,12,13,14,15,17,18,19,62",17.4840726852417,-162.34210205078125,-302.56549072265625,-1016.4592812139342,167.15789794921875,1.43450927734375,-736.4592812139342,-916.4592812139342,fixed_window_core_centroid,
C:\Users\User1\pneumo_dataset\merged\Pneumo_Negative\20251028203-1.nii.gz,20251028203-1.nii.gz,ok,18,"1,2,3,4,5,7,8,9,10,11,12,13,14,15,17,18,19,62",16.058340072631836,-161.83999633789062,-276.3000030517578,142.49472108512163,152.66000366210938,-11.300003051757812,422.4947210851216,242.49472108512163,fixed_window_core_centroid,
C:\Users\User1\pneumo_dataset\merged\Pneumo_Negative\20251028205-1.nii.gz,20251028205-1.nii.gz,ok,18,"1,2,3,4,5,7,8,9,10,11,12,13,14,15,17,18,19,62",16.34315299987793,-168.13011911589928,-227.02061874930806,-661.6970442295578,241.86112680018522,7.560284592884074,-381.69704422955783,-561.6970442295578,fixed_window_core_centroid,
C:\Users\User1\pneumo_dataset\merged\Pneumo_Negative\20251028210-1.nii.gz,20251028210-1.nii.gz,ok,18,"1,2,3,4,5,7,8,9,10,11,12,13,14,15,17,18,19,62",12.894938945770264,-126.28326613143116,-265.8758830692351,-758.6599695817281,168.43348845290632,-16.53405144915436,-478.6599695817281,-658.6599695817281,fixed_window_core_centroid,
C:\Users\User1\pneumo_dataset\merged\Pneumo_Negative\20251028213-1.nii.gz,20251028213-1.nii.gz,ok,18,"1,2,3,4,5,7,8,9,10,11,12,13,14,15,17,18,19,62",20.88694429397583,-162.48699951171866,-258.8880004882812,225.41377524894148,150.51300048828125,-26.88800048828125,505.4137752489415,325.4137752489415,fixed_window_core_centroid,
C:\Users\User1\pneumo_dataset\merged\Pneumo_Negative\20251028214-1.nii.gz,20251028214-1.nii.gz,ok,14,"1,2,3,4,5,7,9,11,12,13,14,18,19,62",15.483667373657227,-154.0,-283.2421073913574,-1032.672651566151,145.5,29.757892608642578,-752.672651566151,-932.672651566151,fixed_window_core_centroid,
C:\Users\User1\pneumo_dataset\merged\Pneumo_Negative\20251028215-1.nii.gz,20251028215-1.nii.gz,ok,18,"1,2,3,4,5,7,8,9,10,11,12,13,14,15,17,18,19,62",8.559716939926147,-154.67982482910162,-272.25000000000006,-915.2860928534462,125.32017517089844,-76.25000000000003,-635.2860928534462,-815.2860928534462,fixed_window_core_centroid,
C:\Users\User1\pneumo_dataset\merged\Pneumo_Negative\20251028218-1.nii.gz,20251028218-1.nii.gz,ok,18,"1,2,3,4,5,7,8,9,10,11,12,13,14,15,17,18,19,62",12.919035911560059,-186.36842346191406,-285.13157653808594,-223.56601509943363,180.63157653808594,9.868423461914062,56.43398490056637,-123.56601509943363,fixed_window_core_centroid,
C:\Users\User1\pneumo_dataset\merged\Pneumo_Negative\20251028220-1.nii.gz,20251028220-1.nii.gz,ok,18,"1,2,3,4,5,7,8,9,10,11,12,13,14,15,17,18,19,62",12.882975339889526,-183.64736938476562,-290.87894439697266,-840.3782210182629,166.85263061523438,-10.878944396972656,-560.3782210182629,-740.3782210182629,fixed_window_core_centroid,
C:\Users\User1\pneumo_dataset\merged\Pneumo_Negative\20251028223-1.nii.gz,20251028223-1.nii.gz,ok,18,"1,2,3,4,5,7,8,9,10,11,12,13,14,15,17,18,19,62",20.913271188735962,-159.98245239257804,-252.8421096801757,-604.7473369341224,174.01754760742188,-11.842109680175781,-324.7473369341223,-504.7473369341223,fixed_window_core_centroid,
C:\Users\User1\pneumo_dataset\merged\Pneumo_Negative\20251028225-1.nii.gz,20251028225-1.nii.gz,ok,18,"1,2,3,4,5,7,8,9,10,11,12,13,14,15,17,18,19,62",19.13638949394226,-145.5890045166015,-345.40000152587885,-209.7161849074659,195.91099548339844,-51.900001525878906,70.2838150925341,-109.7161849074659,fixed_window_core_centroid,
C:\Users\User1\pneumo_dataset\merged\Pneumo_Negative\20251028226-1.nii.gz,20251028226-1.nii.gz,ok,18,"1,2,3,4,5,7,8,9,10,11,12,13,14,15,17,18,19,62",20.317816257476807,-163.8800048828125,-270.81199645996094,-169.08835652710383,197.1199951171875,-17.811996459960938,110.91164347289617,-69.08835652710383,fixed_window_core_centroid,
C:\Users\User1\pneumo_dataset\merged\Pneumo_Negative\20251028227-1.nii.gz,20251028227-1.nii.gz,ok,18,"1,2,3,4,5,7,8,9,10,11,12,13,14,15,17,18,19,62",14.16919207572937,-134.66000366210938,-251.91699981689453,-846.4012944172947,157.33999633789062,-34.91699981689453,-566.4012944172947,-746.4012944172947,fixed_window_core_centroid,
C:\Users\User1\pneumo_dataset\merged\Pneumo_Negative\20251028230-1.nii.gz,20251028230-1.nii.gz,ok,18,"1,2,3,4,5,7,8,9,10,11,12,13,14,15,17,18,19,62",9.363780975341797,-128.1260986328125,-262.90596771240234,-646.9144596835117,145.8739013671875,-71.40596771240232,-366.9144596835117,-546.9144596835117,fixed_window_core_centroid,
C:\Users\User1\pneumo_dataset\merged\Pneumo_Negative\20251028231-1.nii.gz,20251028231-1.nii.gz,ok,18,"1,2,3,4,5,7,8,9,10,11,12,13,14,15,17,18,19,62",22.210509538650513,-168.1280059814453,-262.63999938964844,255.2957541328439,161.3719940185547,18.860000610351562,535.295754132844,355.2957541328439,fixed_window_core_centroid,
C:\Users\User1\pneumo_dataset\merged\Pneumo_Negative\20251028232-1.nii.gz,20251028232-1.nii.gz,ok,18,"1,2,3,4,5,7,8,9,10,11,12,13,14,15,17,18,19,62",15.492312669754028,-153.33099365234375,-264.75400161743164,-687.6558578949616,170.16900634765625,-14.75400161743164,-407.6558578949616,-587.6558578949616,fixed_window_core_centroid,
C:\Users\User1\pneumo_dataset\merged\Pneumo_Negative\20251028233-1.nii.gz,20251028233-1.nii.gz,ok,18,"1,2,3,4,5,7,8,9,10,11,12,13,14,15,17,18,19,62",12.25374698638916,-151.5,-258.5,-880.8800500830589,191.5,-38.5,-600.8800500830589,-780.8800500830589,fixed_window_core_centroid,
C:\Users\User1\pneumo_dataset\merged\Pneumo_Negative\20251028235-1.nii.gz,20251028235-1.nii.gz,ok,18,"1,2,3,4,5,7,8,9,10,11,12,13,14,15,17,18,19,62",13.988212585449219,-145.90008544921886,-247.9468750953675,-795.7097872948943,168.59991455078125,-12.94687509536746,-515.7097872948943,-695.7097872948943,fixed_window_core_centroid,
C:\Users\User1\pneumo_dataset\merged\Pneumo_Negative\20251028236-1.nii.gz,20251028236-1.nii.gz,ok,18,"1,2,3,4,5,7,8,9,10,11,12,13,14,15,17,18,19,62",6.5838706493377686,-162.8860187373328,-235.20373434108197,-785.5747717292554,142.31488594816798,-48.92837703852061,-505.5747717292554,-685.5747717292554,fixed_window_core_centroid,
C:\Users\User1\pneumo_dataset\merged\Pneumo_Negative\20251028238-1.nii.gz,20251028238-1.nii.gz,ok,18,"1,2,3,4,5,7,8,9,10,11,12,13,14,15,17,18,19,62",22.19601273536682,-172.01499938964844,-298.3000030517578,-850.0648919179713,218.98500061035156,2.6999969482421875,-570.0648919179713,-750.0648919179713,fixed_window_core_centroid,
C:\Users\User1\pneumo_dataset\merged\Pneumo_Negative\20251028241-1.nii.gz,20251028241-1.nii.gz,ok,18,"1,2,3,4,5,7,8,9,10,11,12,13,14,15,17,18,19,62",11.162163972854614,-112.0,-265.5,-56.192583693822314,183.0,-69.5,223.80741630617769,43.807416306177686,fixed_window_core_centroid,
C:\Users\User1\pneumo_dataset\merged\Pneumo_Negative\20251028242-1.nii.gz,20251028242-1.nii.gz,ok,17,"1,2,3,4,5,7,9,10,11,12,13,14,15,17,18,19,62",20.116705417633057,-147.50000000000006,-278.00000000000006,-1580.3150047054316,153.5,-8.5,-1300.3150047054316,-1480.3150047054316,fixed_window_core_centroid,
C:\Users\User1\pneumo_dataset\merged\Pneumo_Negative\20251028249-1.nii.gz,20251028249-1.nii.gz,ok,18,"1,2,3,4,5,7,8,9,10,11,12,13,14,15,17,18,19,62",12.05240535736084,-165.64813232421864,-267.1615295410156,-840.2741298973531,144.35186767578125,-47.1615295410156,-560.2741298973531,-740.2741298973531,fixed_window_core_centroid,
C:\Users\User1\pneumo_dataset\merged\Pneumo_Negative\20251028254-1.nii.gz,20251028254-1.nii.gz,ok,18,"1,2,3,4,5,7,8,9,10,11,12,13,14,15,17,18,19,62",10.640559434890747,-132.8045612921281,-251.34388056463894,-635.9102536094738,145.46722766070604,-13.18282336818541,-355.9102536094738,-535.9102536094738,fixed_window_core_centroid,
C:\Users\User1\pneumo_dataset\merged\Pneumo_Negative\20251028255-1.nii.gz,20251028255-1.nii.gz,ok,18,"1,2,3,4,5,7,8,9,10,11,12,13,14,15,17,18,19,62",18.52588725090027,-148.52886962890625,-276.58136558532715,-1695.4944942605953,215.47113037109375,-55.08136558532715,-1415.4944942605953,-1595.4944942605953,fixed_window_core_centroid,
C:\Users\User1\pneumo_dataset\merged\Pneumo_Negative\20251028257-1.nii.gz,20251028257-1.nii.gz,ok,18,"1,2,3,4,5,7,8,9,10,11,12,13,14,15,17,18,19,62",21.835142374038696,-175.5919952392578,-248.55999755859375,-523.2139682373488,158.4080047607422,-1.55999755859375,-243.21396823734887,-423.21396823734887,fixed_window_core_centroid,
C:\Users\User1\pneumo_dataset\merged\Pneumo_Negative\20251028258-1.nii.gz,20251028258-1.nii.gz,ok,18,"1,2,3,4,5,7,8,9,10,11,12,13,14,15,17,18,19,62",20.182029485702515,-156.656005859375,-248.52655029296875,175.4529048606334,139.843994140625,2.97344970703125,455.4529048606334,275.4529048606334,fixed_window_core_centroid,
C:\Users\User1\pneumo_dataset\merged\Pneumo_Negative\20251028259-1.nii.gz,20251028259-1.nii.gz,ok,16,"1,2,3,4,5,7,8,11,12,13,14,15,17,18,19,62",20.786954641342163,-150.0,-287.0,-1450.2587533147243,209.5,-20.5,-1170.2587533147243,-1350.2587533147243,fixed_window_core_centroid,
C:\Users\User1\pneumo_dataset\merged\Pneumo_Negative\20251028261-1.nii.gz,20251028261-1.nii.gz,ok,18,"1,2,3,4,5,7,8,9,10,11,12,13,14,15,17,18,19,62",18.052778720855713,-154.5659942626953,-266.6000003814697,-893.9578300011965,183.9340057373047,-18.100000381469727,-613.9578300011965,-793.9578300011965,fixed_window_core_centroid,
C:\Users\User1\pneumo_dataset\merged\Pneumo_Negative\20251028262-1.nii.gz,20251028262-1.nii.gz,ok,15,"1,2,3,4,5,7,10,11,12,13,14,15,18,19,62",10.266496419906616,-122.0,-286.0,-1377.0791582177892,152.0,-60.0,-1097.0791582177892,-1277.0791582177892,fixed_window_core_centroid,
C:\Users\User1\pneumo_dataset\merged\Pneumo_Negative\20251028265-1.nii.gz,20251028265-1.nii.gz,ok,18,"1,2,3,4,5,7,8,9,10,11,12,13,14,15,17,18,19,62",21.050070762634277,-157.10000610351557,-349.30000305175776,-758.564789810575,226.39999389648438,-0.3000030517578125,-478.564789810575,-658.564789810575,fixed_window_core_centroid,
C:\Users\User1\pneumo_dataset\merged\Pneumo_Negative\20251028270-2.nii.gz,20251028270-2.nii.gz,ok,18,"1,2,3,4,5,7,8,9,10,11,12,13,14,15,17,18,19,62",12.532759189605713,-171.12966380061147,-251.3455223256591,-1006.9417745719668,161.356588251777,-56.644868285843216,-726.9417745719668,-906.9417745719668,fixed_window_core_centroid,
C:\Users\User1\pneumo_dataset\merged\Pneumo_Negative\20251028271-1.nii.gz,20251028271-1.nii.gz,ok,18,"1,2,3,4,5,7,8,9,10,11,12,13,14,15,17,18,19,62",12.586153745651245,-142.3724969365584,-268.8158640498615,-816.5457417857334,176.030351659856,-33.05043325728758,-536.5457417857334,-716.5457417857334,fixed_window_core_centroid,
C:\Users\User1\pneumo_dataset\merged\Pneumo_Negative\20251028272-1.nii.gz,20251028272-1.nii.gz,ok,18,"1,2,3,4,5,7,8,9,10,11,12,13,14,15,17,18,19,62",20.0975239276886,-161.9600067138672,-245.0999984741211,-978.7886926782614,224.5399932861328,-34.099998474121094,-698.7886926782614,-878.7886926782614,fixed_window_core_centroid,
C:\Users\User1\pneumo_dataset\merged\Pneumo_Negative\20251028274-1.nii.gz,20251028274-1.nii.gz,ok,17,"1,2,3,4,5,7,8,9,11,12,13,14,15,17,18,19,62",21.72542381286621,-145.61599731445312,-268.76599884033203,-764.4050783422684,194.38400268554688,42.73400115966797,-484.40507834226844,-664.4050783422684,fixed_window_core_centroid,
C:\Users\User1\pneumo_dataset\merged\Pneumo_Negative\20251028278-1.nii.gz,20251028278-1.nii.gz,ok,18,"1,2,3,4,5,7,8,9,10,11,12,13,14,15,17,18,19,62",20.699851274490356,-133.91000366210938,-247.45083618164062,-693.9912541957506,174.58999633789062,-42.450836181640625,-413.99125419575057,-593.9912541957506,fixed_window_core_centroid,
C:\Users\User1\pneumo_dataset\merged\Pneumo_Negative\20251028280-1.nii.gz,20251028280-1.nii.gz,ok,17,"1,2,3,4,5,7,8,10,11,12,13,14,15,17,18,19,62",12.059088706970215,-164.0,-278.5,-669.7063777671264,158.0,-64.5,-389.70637776712636,-569.7063777671264,fixed_window_core_centroid,
C:\Users\User1\pneumo_dataset\merged\Pneumo_Negative\20251028281-1.nii.gz,20251028281-1.nii.gz,ok,18,"1,2,3,4,5,7,8,9,10,11,12,13,14,15,17,18,19,62",20.111804008483887,-162.08900451660156,-256.25500106811523,198.63238344422433,188.41099548339844,-25.755001068115234,478.63238344422433,298.63238344422433,fixed_window_core_centroid,
C:\Users\User1\pneumo_dataset\merged\Pneumo_Negative\20251028283-1.nii.gz,20251028283-1.nii.gz,ok,18,"1,2,3,4,5,7,8,9,10,11,12,13,14,15,17,18,19,62",10.353786945343018,-114.81265454241947,-271.52676365024763,-806.6260074197932,155.5197617093021,-62.30655793106146,-526.6260074197932,-706.6260074197932,fixed_window_core_centroid,
C:\Users\User1\pneumo_dataset\merged\Pneumo_Negative\20251028284-1.nii.gz,20251028284-1.nii.gz,ok,18,"1,2,3,4,5,7,8,9,10,11,12,13,14,15,17,18,19,62",17.810734033584595,-172.5,-237.54999923706055,-986.565690990034,134.5,43.95000076293945,-706.565690990034,-886.565690990034,fixed_window_core_centroid,
C:\Users\User1\pneumo_dataset\merged\Pneumo_Negative\20251028285-1.nii.gz,20251028285-1.nii.gz,ok,18,"1,2,3,4,5,7,8,9,10,11,12,13,14,15,17,18,19,62",13.79128646850586,-169.6740995819468,-230.84455628840848,-738.6167095404905,162.33372110944651,-38.93032833373928,-458.61670954049055,-638.6167095404905,fixed_window_core_centroid,
C:\Users\User1\pneumo_dataset\merged\Pneumo_Negative\20251028291-1.nii.gz,20251028291-1.nii.gz,ok,18,"1,2,3,4,5,7,8,9,10,11,12,13,14,15,17,18,19,62",12.735099792480469,-146.4103240966797,-266.17352294921875,-893.5425673585041,147.0896759033203,-58.17352294921875,-613.5425673585041,-793.5425673585041,fixed_window_core_centroid,
C:\Users\User1\pneumo_dataset\merged\Pneumo_Negative\20251028294-1.nii.gz,20251028294-1.nii.gz,ok,18,"1,2,3,4,5,7,8,9,10,11,12,13,14,15,17,18,19,62",12.153324604034424,-134.6999969482422,-267.20000076293945,-522.1293667440314,133.3000030517578,-47.20000076293945,-242.12936674403136,-422.12936674403136,fixed_window_core_centroid,
C:\Users\User1\pneumo_dataset\merged\Pneumo_Negative\20251028301-1.nii.gz,20251028301-1.nii.gz,ok,18,"1,2,3,4,5,7,8,9,10,11,12,13,14,15,17,18,19,62",7.957351207733154,-126.64849853515625,-272.14225006103516,-872.5234285752924,139.85150146484375,-82.14225006103513,-592.5234285752924,-772.5234285752924,fixed_window_core_centroid,
C:\Users\User1\pneumo_dataset\merged\Pneumo_Negative\20251028303-1.nii.gz,20251028303-1.nii.gz,ok,18,"1,2,3,4,5,7,8,9,10,11,12,13,14,15,17,18,19,62",15.407859802246094,-118.843994140625,-309.5200004577637,-609.6241284970965,237.656005859375,-49.02000045776367,-329.62412849709654,-509.62412849709654,fixed_window_core_centroid,
C:\Users\User1\pneumo_dataset\merged\Pneumo_Negative\20251028305-1.nii.gz,20251028305-1.nii.gz,ok,18,"1,2,3,4,5,7,8,9,10,11,12,13,14,15,17,18,19,62",15.949752569198608,-122.11999511718754,-318.90000152587896,-983.7764910632113,168.3800048828125,-31.400001525878906,-703.7764910632113,-883.7764910632113,fixed_window_core_centroid,
C:\Users\User1\pneumo_dataset\merged\Pneumo_Negative\20251028306-1.nii.gz,20251028306-1.nii.gz,ok,18,"1,2,3,4,5,7,8,9,10,11,12,13,14,15,17,18,19,62",5.399148225784302,-150.5195183481179,-249.4571391594557,-800.5728040608639,153.7247773888481,-79.85987001201244,-520.5728040608639,-700.5728040608639,fixed_window_core_centroid,
C:\Users\User1\pneumo_dataset\merged\Pneumo_Negative\20251028310-1.nii.gz,20251028310-1.nii.gz,ok,18,"1,2,3,4,5,7,8,9,10,11,12,13,14,15,17,18,19,62",9.50205945968628,-113.0,-314.19921875,-973.1270596784793,165.5,-77.69921875,-693.1270596784793,-873.1270596784793,fixed_window_core_centroid,
C:\Users\User1\pneumo_dataset\merged\Pneumo_Negative\20251028312-1.nii.gz,20251028312-1.nii.gz,ok,18,"1,2,3,4,5,7,8,9,10,11,12,13,14,15,17,18,19,62",21.39767289161682,-164.552001953125,-278.6549987792969,-643.5269192002454,161.947998046875,34.345001220703125,-363.5269192002454,-543.5269192002454,fixed_window_core_centroid,
C:\Users\User1\pneumo_dataset\merged\Pneumo_Negative\20251028316-1.nii.gz,20251028316-1.nii.gz,ok,18,"1,2,3,4,5,7,8,9,10,11,12,13,14,15,17,18,19,62",15.748450756072998,-155.34210205078125,-266.17894744873047,589.1872555838462,136.65789794921875,-56.67894744873047,869.1872555838462,689.1872555838462,fixed_window_core_centroid,
C:\Users\User1\pneumo_dataset\merged\Pneumo_Negative\20251028317-1.nii.gz,20251028317-1.nii.gz,ok,18,"1,2,3,4,5,7,8,9,10,11,12,13,14,15,17,18,19,62",15.467733144760132,-157.5,-243.55099868774414,-1005.2982154050081,211.0,-25.05099868774414,-725.2982154050081,-905.2982154050081,fixed_window_core_centroid,
C:\Users\User1\pneumo_dataset\merged\Pneumo_Negative\20251028318-1.nii.gz,20251028318-1.nii.gz,ok,18,"1,2,3,4,5,7,8,9,10,11,12,13,14,15,17,18,19,62",15.590644836425781,-152.0399932861328,-267.9000015258789,225.47130762262844,201.4600067138672,-47.900001525878906,505.47130762262844,325.47130762262844,fixed_window_core_centroid,
C:\Users\User1\pneumo_dataset\merged\Pneumo_Negative\20251028320-1.nii.gz,20251028320-1.nii.gz,ok,18,"1,2,3,4,5,7,8,9,10,11,12,13,14,15,17,18,19,62",13.258934259414673,-135.677993774414,-287.06399917602533,-519.9443540983435,220.82200622558594,-53.56399917602539,-239.94435409834352,-419.9443540983435,fixed_window_core_centroid,
C:\Users\User1\pneumo_dataset\merged\Pneumo_Negative\20251028323-1.nii.gz,20251028323-1.nii.gz,ok,18,"1,2,3,4,5,7,8,9,10,11,12,13,14,15,17,18,19,62",12.40040135383606,-129.83636041192221,-259.5138840467273,-1150.019040345128,171.73724601169278,-38.89135382819728,-870.0190403451279,-1050.019040345128,fixed_window_core_centroid,
C:\Users\User1\pneumo_dataset\merged\Pneumo_Negative\20251028324-1.nii.gz,20251028324-1.nii.gz,ok,18,"1,2,3,4,5,7,8,9,10,11,12,13,14,15,17,18,19,62",22.232849836349487,-154.6219940185547,-300.4560012817383,-863.4449011173938,189.8780059814453,-5.456001281738281,-583.4449011173938,-763.4449011173938,fixed_window_core_centroid,
C:\Users\User1\pneumo_dataset\merged\Pneumo_Negative\20251028326-1.nii.gz,20251028326-1.nii.gz,ok,18,"1,2,3,4,5,7,8,9,10,11,12,13,14,15,17,18,19,62",7.76319432258606,-135.822265625,-270.41568756103516,-724.8791778167225,145.677734375,-74.41568756103513,-444.8791778167225,-624.8791778167225,fixed_window_core_centroid,
C:\Users\User1\pneumo_dataset\merged\Pneumo_Negative\20251028328-1.nii.gz,20251028328-1.nii.gz,ok,18,"1,2,3,4,5,7,8,9,10,11,12,13,14,15,17,18,19,62",6.1214025020599365,-153.76050981024298,-252.23897734658902,3.7291478735077987,146.55166808505692,-62.868081838170525,283.7291478735078,103.7291478735078,fixed_window_core_centroid,
C:\Users\User1\pneumo_dataset\merged\Pneumo_Negative\20251028331-1.nii.gz,20251028331-1.nii.gz,ok,18,"1,2,3,4,5,7,8,9,10,11,12,13,14,15,17,18,19,62",21.33163809776306,-152.2886199951172,-264.63525390625,-873.7070825927309,213.2113800048828,-31.13525390625,-593.7070825927309,-773.7070825927309,fixed_window_core_centroid,
C:\Users\User1\pneumo_dataset\merged\Pneumo_Negative\20251028339-1.nii.gz,20251028339-1.nii.gz,ok,17,"1,2,3,4,5,7,8,9,11,12,13,14,15,17,18,19,62",19.843611001968384,-161.83332824707026,-277.66666793823237,-1560.4470921563293,262.1666717529297,33.83333206176758,-1280.4470921563293,-1460.4470921563293,fixed_window_core_centroid,
C:\Users\User1\pneumo_dataset\merged\Pneumo_Negative\20251028341-1.nii.gz,20251028341-1.nii.gz,ok,18,"1,2,3,4,5,7,8,9,10,11,12,13,14,15,17,18,19,62",10.804465293884277,-156.46800231933594,-260.5,-411.2619102939928,147.53199768066406,-34.5,-131.2619102939928,-311.2619102939928,fixed_window_core_centroid,
C:\Users\User1\pneumo_dataset\merged\Pneumo_Negative\20251028345-1.nii.gz,20251028345-1.nii.gz,ok,17,"1,2,3,4,5,7,9,10,11,12,13,14,15,17,18,19,62",15.681436777114868,-153.0,-355.5,-1480.7497182630011,143.5,-51.5,-1200.7497182630011,-1380.7497182630011,fixed_window_core_centroid,
C:\Users\User1\pneumo_dataset\merged\Pneumo_Negative\20251028346-1.nii.gz,20251028346-1.nii.gz,ok,18,"1,2,3,4,5,7,8,9,10,11,12,13,14,15,17,18,19,62",10.697827577590942,-131.5,-263.0,-894.0924857375097,151.5,-50.5,-614.0924857375097,-794.0924857375097,fixed_window_core_centroid,
C:\Users\User1\pneumo_dataset\merged\Pneumo_Negative\20251028348-1.nii.gz,20251028348-1.nii.gz,ok,16,"1,2,3,4,5,7,10,11,12,13,14,15,17,18,19,62",16.189266681671143,-136.0,-295.5,-1214.7510590235981,174.0,-44.0,-934.7510590235981,-1114.7510590235981,fixed_window_core_centroid,
C:\Users\User1\pneumo_dataset\merged\Pneumo_Negative\20251028353-1.nii.gz,20251028353-1.nii.gz,ok,18,"1,2,3,4,5,7,8,9,10,11,12,13,14,15,17,18,19,62",15.484333276748657,-127.10800170898433,-261.59999847412104,-928.0625096218223,152.89199829101562,-41.599998474121094,-648.0625096218223,-828.0625096218223,fixed_window_core_centroid,
C:\Users\User1\pneumo_dataset\merged\Pneumo_Negative\20251028354-1.nii.gz,20251028354-1.nii.gz,ok,18,"1,2,3,4,5,7,8,9,10,11,12,13,14,15,17,18,19,62",10.850812911987305,-158.23982455121876,-252.52333742924998,-1077.3385995047172,156.6575966684881,-31.377242227738208,-797.3385995047172,-977.3385995047172,fixed_window_core_centroid,
C:\Users\User1\pneumo_dataset\merged\Pneumo_Negative\20251028356-1.nii.gz,20251028356-1.nii.gz,ok,18,"1,2,3,4,5,7,8,9,10,11,12,13,14,15,17,18,19,62",11.373847723007202,-131.99999999999994,-247.48321533203125,-960.4801882339441,137.5,-57.48321533203128,-680.4801882339441,-860.4801882339441,fixed_window_core_centroid,
C:\Users\User1\pneumo_dataset\merged\Pneumo_Negative\20251028357-1.nii.gz,20251028357-1.nii.gz,ok,18,"1,2,3,4,5,7,8,9,10,11,12,13,14,15,17,18,19,62",12.353694200515747,-190.8876953125001,-233.49851608276373,-708.7425483892459,171.6123046875,45.00148391723633,-428.74254838924594,-608.7425483892459,fixed_window_core_centroid,
C:\Users\User1\pneumo_dataset\merged\Pneumo_Negative\20251028361-1.nii.gz,20251028361-1.nii.gz,ok,18,"1,2,3,4,5,7,8,9,10,11,12,13,14,15,17,18,19,62",16.190672159194946,-196.51359558105466,-304.2899932861328,-1014.1576641573695,215.48640441894534,-25.789993286132812,-734.1576641573695,-914.1576641573695,fixed_window_core_centroid,
C:\Users\User1\pneumo_dataset\merged\Pneumo_Negative\20251028364-1.nii.gz,20251028364-1.nii.gz,ok,18,"1,2,3,4,5,7,8,9,10,11,12,13,14,15,17,18,19,62",21.618948221206665,-181.78999328613287,-245.5599975585938,-284.3931786595358,131.2100067138672,2.94000244140625,-4.393178659535806,-184.3931786595358,fixed_window_core_centroid,
C:\Users\User1\pneumo_dataset\merged\Pneumo_Negative\20251028365-1.nii.gz,20251028365-1.nii.gz,ok,18,"1,2,3,4,5,7,8,9,10,11,12,13,14,15,17,18,19,62",15.237799406051636,-149.5780029296875,-272.5,-174.67574566400026,176.9219970703125,39.0,105.32425433599974,-74.67574566400026,fixed_window_core_centroid,
C:\Users\User1\pneumo_dataset\merged\Pneumo_Negative\20251028365-2.nii.gz,20251028365-2.nii.gz,ok,18,"1,2,3,4,5,7,8,9,10,11,12,13,14,15,17,18,19,62",6.527467489242554,-142.957992553711,-254.73000001907354,197.83977856883627,137.04200744628906,-63.230000019073515,477.83977856883627,297.83977856883627,fixed_window_core_centroid,
C:\Users\User1\pneumo_dataset\merged\Pneumo_Negative\20251028368-1.nii.gz,20251028368-1.nii.gz,ok,18,"1,2,3,4,5,7,8,9,10,11,12,13,14,15,17,18,19,62",11.118410110473633,-152.40499877929688,-262.5,246.65226816504912,202.59500122070312,-35.0,526.6522681650491,346.6522681650491,fixed_window_core_centroid,
C:\Users\User1\pneumo_dataset\merged\Pneumo_Negative\20251028369-1.nii.gz,20251028369-1.nii.gz,ok,18,"1,2,3,4,5,7,8,9,10,11,12,13,14,15,17,18,19,62",5.975028038024902,-140.05968727534759,-274.8157628448454,247.88050586029158,155.14391664563004,-60.98503901920853,527.8805058602916,347.8805058602916,fixed_window_core_centroid,
C:\Users\User1\pneumo_dataset\merged\Pneumo_Negative\20251028372-1.nii.gz,20251028372-1.nii.gz,ok,18,"1,2,3,4,5,7,8,9,10,11,12,13,14,15,17,18,19,62",15.757906675338745,-154.52000427246094,-245.4280014038086,-903.303748673369,149.47999572753906,-13.428001403808594,-623.303748673369,-803.303748673369,fixed_window_core_centroid,
C:\Users\User1\pneumo_dataset\merged\Pneumo_Negative\20251028374-1.nii.gz,20251028374-1.nii.gz,ok,18,"1,2,3,4,5,7,8,9,10,11,12,13,14,15,17,18,19,62",17.122031927108765,-259.520004272461,-249.968002319336,-724.6080736101534,248.47999572753906,13.531997680664062,-444.6080736101534,-624.6080736101534,fixed_window_core_centroid,
C:\Users\User1\pneumo_dataset\merged\Pneumo_Negative\20251028375-1.nii.gz,20251028375-1.nii.gz,ok,18,"1,2,3,4,5,7,8,9,10,11,12,13,14,15,17,18,19,62",11.278594970703125,-123.29247284857907,-234.89836793272357,-159.2254605150165,182.12733411982953,-48.62011914346303,120.7745394849835,-59.22546051501649,fixed_window_core_centroid,
C:\Users\User1\pneumo_dataset\merged\Pneumo_Negative\20251028378-1.nii.gz,20251028378-1.nii.gz,ok,18,"1,2,3,4,5,7,8,9,10,11,12,13,14,15,17,18,19,62",19.888610124588013,-161.66299438476562,-352.1999969482422,-558.5579715007211,214.33700561523438,83.80000305175781,-278.5579715007211,-458.5579715007211,fixed_window_core_centroid,
C:\Users\User1\pneumo_dataset\merged\Pneumo_Negative\20251028379-1.nii.gz,20251028379-1.nii.gz,ok,18,"1,2,3,4,5,7,8,9,10,11,12,13,14,15,17,18,19,62",20.980381965637207,-125.70199584960938,-261.5289001464844,232.77123377292259,170.79800415039062,-56.528900146484375,512.7712337729226,332.7712337729226,fixed_window_core_centroid,
C:\Users\User1\pneumo_dataset\merged\Pneumo_Negative\20251028380-1.nii.gz,20251028380-1.nii.gz,ok,18,"1,2,3,4,5,7,8,9,10,11,12,13,14,15,17,18,19,62",22.097036838531494,-190.06399536132812,-315.6159973144531,-541.3416418007612,184.43600463867188,-5.615997314453125,-261.3416418007612,-441.3416418007612,fixed_window_core_centroid,
C:\Users\User1\pneumo_dataset\merged\Pneumo_Negative\20251028381-1.nii.gz,20251028381-1.nii.gz,ok,18,"1,2,3,4,5,7,8,9,10,11,12,13,14,15,17,18,19,62",13.19978642463684,-133.7260142423733,-254.61228901595211,-993.3999361863537,163.66635993522578,-36.77411618677891,-713.3999361863537,-893.3999361863537,fixed_window_core_centroid,
C:\Users\User1\pneumo_dataset\merged\Pneumo_Negative\20251028382-1.nii.gz,20251028382-1.nii.gz,ok,18,"1,2,3,4,5,7,8,9,10,11,12,13,14,15,17,18,19,62",28.015137195587158,-194.0,-320.32342529296875,351.7535353487615,195.5,16.67657470703125,631.7535353487615,451.7535353487615,fixed_window_core_centroid,
C:\Users\User1\pneumo_dataset\merged\Pneumo_Negative\20251028383-1.nii.gz,20251028383-1.nii.gz,ok,18,"1,2,3,4,5,7,8,9,10,11,12,13,14,15,17,18,19,62",18.549783945083618,-185.8520050048828,-241.33999633789062,-744.3933184998803,181.1479949951172,-12.339996337890625,-464.39331849988025,-644.3933184998803,fixed_window_core_centroid,
C:\Users\User1\pneumo_dataset\merged\Pneumo_Negative\20251028384-1.nii.gz,20251028384-1.nii.gz,ok,18,"1,2,3,4,5,7,8,9,10,11,12,13,14,15,17,18,19,62",15.476752042770386,-133.8350067138672,-253.0999984741211,274.1582485823978,138.6649932861328,-52.599998474121094,554.1582485823978,374.1582485823978,fixed_window_core_centroid,
C:\Users\User1\pneumo_dataset\merged\Pneumo_Negative\20251028385-1.nii.gz,20251028385-1.nii.gz,ok,18,"1,2,3,4,5,7,8,9,10,11,12,13,14,15,17,18,19,62",15.33016586303711,-158.69200134277344,-296.9000015258789,182.71397004943037,181.30799865722656,-13.900001525878906,462.7139700494304,282.7139700494304,fixed_window_core_centroid,
C:\Users\User1\pneumo_dataset\merged\Pneumo_Negative\20251028386-1.nii.gz,20251028386-1.nii.gz,ok,18,"1,2,3,4,5,7,8,9,10,11,12,13,14,15,17,18,19,62",8.932577848434448,-129.51400756835938,-252.95999908447266,271.89148116598153,174.48599243164062,-58.459999084472656,551.8914811659815,371.89148116598153,fixed_window_core_centroid,
C:\Users\User1\pneumo_dataset\merged\Pneumo_Negative\20251028391-1.nii.gz,20251028391-1.nii.gz,ok,18,"1,2,3,4,5,7,8,9,10,11,12,13,14,15,17,18,19,62",15.189666509628296,-169.0,-331.3999996185303,-128.25748761880874,202.5,-52.89999961853027,151.74251238119126,-28.25748761880874,fixed_window_core_centroid,
C:\Users\User1\pneumo_dataset\merged\Pneumo_Negative\20251028392-1.nii.gz,20251028392-1.nii.gz,ok,18,"1,2,3,4,5,7,8,9,10,11,12,13,14,15,17,18,19,62",17.449124336242676,-215.3000030517578,-337.6999969482422,-723.3672297991802,219.1999969482422,48.80000305175781,-443.3672297991802,-623.3672297991802,fixed_window_core_centroid,
